# -*- coding: utf-8 -*-

# Resource object code
#
# Created by: The Resource Compiler for PySide6 (Qt v5.15.2)
#
# WARNING! All changes made in this file will be lost!

from PySide6 import QtCore

qt_resource_data = b"\
\x00\x00\x11\xbe\
\x3c\
\x3f\x78\x6d\x6c\x20\x76\x65\x72\x73\x69\x6f\x6e\x3d\x22\x31\x2e\
\x30\x22\x20\x73\x74\x61\x6e\x64\x61\x6c\x6f\x6e\x65\x3d\x22\x6e\
\x6f\x22\x3f\x3e\x3c\x21\x44\x4f\x43\x54\x59\x50\x45\x20\x73\x76\
\x67\x20\x50\x55\x42\x4c\x49\x43\x20\x22\x2d\x2f\x2f\x57\x33\x43\
\x2f\x2f\x44\x54\x44\x20\x53\x56\x47\x20\x31\x2e\x31\x2f\x2f\x45\
\x4e\x22\x20\x22\x68\x74\x74\x70\x3a\x2f\x2f\x77\x77\x77\x2e\x77\
\x33\x2e\x6f\x72\x67\x2f\x47\x72\x61\x70\x68\x69\x63\x73\x2f\x53\
\x56\x47\x2f\x31\x2e\x31\x2f\x44\x54\x44\x2f\x73\x76\x67\x31\x31\
\x2e\x64\x74\x64\x22\x3e\x3c\x73\x76\x67\x20\x74\x3d\x22\x31\x37\
\x36\x34\x30\x37\x34\x34\x31\x37\x33\x36\x30\x22\x20\x63\x6c\x61\
\x73\x73\x3d\x22\x69\x63\x6f\x6e\x22\x20\x76\x69\x65\x77\x42\x6f\
\x78\x3d\x22\x30\x20\x30\x20\x31\x30\x32\x34\x20\x31\x30\x32\x34\
\x22\x20\x76\x65\x72\x73\x69\x6f\x6e\x3d\x22\x31\x2e\x31\x22\x20\
\x78\x6d\x6c\x6e\x73\x3d\x22\x68\x74\x74\x70\x3a\x2f\x2f\x77\x77\
\x77\x2e\x77\x33\x2e\x6f\x72\x67\x2f\x32\x30\x30\x30\x2f\x73\x76\
\x67\x22\x20\x70\x2d\x69\x64\x3d\x22\x36\x38\x37\x39\x22\x20\x78\
\x6d\x6c\x6e\x73\x3a\x78\x6c\x69\x6e\x6b\x3d\x22\x68\x74\x74\x70\
\x3a\x2f\x2f\x77\x77\x77\x2e\x77\x33\x2e\x6f\x72\x67\x2f\x31\x39\
\x39\x39\x2f\x78\x6c\x69\x6e\x6b\x22\x20\x77\x69\x64\x74\x68\x3d\
\x22\x32\x30\x30\x22\x20\x68\x65\x69\x67\x68\x74\x3d\x22\x32\x30\
\x30\x22\x3e\x3c\x70\x61\x74\x68\x20\x64\x3d\x22\x4d\x39\x36\x39\
\x2e\x34\x38\x35\x20\x33\x33\x37\x2e\x35\x36\x32\x61\x32\x34\x38\
\x2e\x32\x37\x20\x32\x34\x38\x2e\x32\x37\x20\x30\x20\x30\x20\x31\
\x2d\x31\x30\x2e\x39\x35\x36\x20\x37\x33\x2e\x34\x37\x32\x63\x2d\
\x31\x2e\x37\x39\x32\x20\x35\x2e\x36\x33\x32\x2d\x31\x2e\x32\x38\
\x20\x39\x2e\x34\x32\x20\x32\x2e\x38\x31\x36\x20\x31\x34\x2e\x30\
\x38\x61\x32\x35\x31\x2e\x39\x30\x34\x20\x32\x35\x31\x2e\x39\x30\
\x34\x20\x30\x20\x30\x20\x31\x20\x35\x39\x2e\x31\x38\x37\x20\x31\
\x32\x36\x2e\x39\x37\x36\x63\x32\x2e\x34\x35\x37\x20\x31\x33\x2e\
\x37\x32\x31\x20\x33\x2e\x36\x33\x35\x20\x32\x37\x2e\x36\x34\x38\
\x20\x33\x2e\x35\x38\x34\x20\x34\x31\x2e\x36\x32\x35\x41\x32\x35\
\x39\x2e\x31\x32\x33\x20\x32\x35\x39\x2e\x31\x32\x33\x20\x30\x20\
\x30\x20\x31\x20\x39\x37\x36\x2e\x35\x20\x37\x34\x30\x2e\x31\x34\
\x37\x61\x32\x35\x35\x2e\x38\x34\x36\x20\x32\x35\x35\x2e\x38\x34\
\x36\x20\x30\x20\x30\x20\x31\x2d\x39\x38\x2e\x31\x20\x38\x33\x2e\
\x37\x36\x33\x20\x32\x34\x30\x2e\x35\x33\x38\x20\x32\x34\x30\x2e\
\x35\x33\x38\x20\x30\x20\x30\x20\x31\x2d\x35\x36\x2e\x33\x32\x20\
\x31\x39\x2e\x37\x36\x34\x20\x31\x30\x2e\x34\x39\x36\x20\x31\x30\
\x2e\x34\x39\x36\x20\x30\x20\x30\x20\x30\x2d\x38\x2e\x37\x30\x33\
\x20\x37\x2e\x36\x38\x63\x2d\x32\x38\x2e\x30\x35\x38\x20\x37\x35\
\x2e\x33\x31\x35\x2d\x37\x39\x2e\x38\x37\x32\x20\x31\x32\x37\x2e\
\x34\x38\x38\x2d\x31\x35\x35\x2e\x36\x34\x38\x20\x31\x35\x36\x2e\
\x35\x31\x38\x61\x32\x34\x38\x2e\x31\x31\x35\x20\x32\x34\x38\x2e\
\x31\x31\x35\x20\x30\x20\x30\x20\x31\x2d\x37\x37\x2e\x31\x30\x38\
\x20\x31\x35\x2e\x37\x37\x63\x2d\x36\x37\x2e\x35\x38\x34\x20\x33\
\x2e\x32\x37\x36\x2d\x31\x32\x37\x2e\x36\x39\x32\x2d\x31\x36\x2e\
\x30\x32\x36\x2d\x31\x38\x30\x2e\x32\x32\x34\x2d\x35\x38\x2e\x30\
\x31\x61\x33\x31\x35\x2e\x32\x33\x38\x20\x33\x31\x35\x2e\x32\x33\
\x38\x20\x30\x20\x30\x20\x31\x2d\x32\x34\x2e\x33\x32\x2d\x32\x32\
\x2e\x36\x33\x20\x31\x31\x2e\x31\x36\x32\x20\x31\x31\x2e\x31\x36\
\x32\x20\x30\x20\x30\x20\x30\x2d\x31\x31\x2e\x32\x36\x34\x2d\x33\
\x2e\x35\x38\x34\x63\x2d\x36\x31\x2e\x39\x35\x32\x20\x31\x30\x2e\
\x39\x30\x35\x2d\x31\x32\x31\x2e\x30\x33\x36\x20\x32\x2e\x34\x35\
\x37\x2d\x31\x37\x35\x2e\x38\x37\x32\x2d\x32\x38\x2e\x33\x36\x35\
\x43\x31\x31\x37\x2e\x34\x31\x35\x20\x38\x37\x30\x2e\x38\x36\x20\
\x37\x34\x2e\x33\x35\x36\x20\x38\x30\x39\x2e\x38\x33\x20\x35\x38\
\x2e\x34\x38\x34\x20\x37\x33\x30\x2e\x35\x32\x32\x61\x32\x33\x39\
\x2e\x39\x37\x34\x20\x32\x33\x39\x2e\x39\x37\x34\x20\x30\x20\x30\
\x20\x31\x20\x36\x2e\x37\x30\x37\x2d\x31\x31\x37\x2e\x35\x35\x36\
\x6c\x31\x2e\x31\x32\x36\x2d\x33\x2e\x35\x38\x34\x61\x37\x2e\x31\
\x36\x38\x20\x37\x2e\x31\x36\x38\x20\x30\x20\x30\x20\x30\x2d\x31\
\x2e\x37\x34\x2d\x38\x2e\x30\x39\x41\x32\x35\x35\x2e\x33\x33\x34\
\x20\x32\x35\x35\x2e\x33\x33\x34\x20\x30\x20\x30\x20\x31\x20\x30\
\x2e\x37\x33\x20\x34\x34\x38\x2e\x36\x31\x35\x61\x32\x34\x39\x2e\
\x31\x39\x20\x32\x34\x39\x2e\x31\x39\x20\x30\x20\x30\x20\x31\x20\
\x32\x38\x2e\x36\x37\x32\x2d\x31\x33\x34\x2e\x39\x31\x32\x20\x32\
\x35\x35\x2e\x32\x38\x33\x20\x32\x35\x35\x2e\x32\x38\x33\x20\x30\
\x20\x30\x20\x31\x20\x31\x31\x38\x2e\x30\x31\x36\x2d\x31\x31\x34\
\x2e\x35\x38\x35\x20\x32\x34\x32\x2e\x37\x39\x20\x32\x34\x32\x2e\
\x37\x39\x20\x30\x20\x30\x20\x31\x20\x35\x34\x2e\x34\x37\x37\x2d\
\x31\x38\x2e\x38\x34\x32\x63\x34\x2e\x32\x35\x2d\x30\x2e\x35\x36\
\x33\x20\x37\x2e\x36\x38\x2d\x33\x2e\x35\x38\x34\x20\x38\x2e\x37\
\x35\x35\x2d\x37\x2e\x36\x38\x61\x32\x35\x30\x2e\x33\x36\x38\x20\
\x32\x35\x30\x2e\x33\x36\x38\x20\x30\x20\x30\x20\x31\x20\x36\x38\
\x2e\x35\x35\x37\x2d\x31\x30\x33\x2e\x35\x37\x37\x20\x32\x36\x36\
\x2e\x31\x33\x38\x20\x32\x36\x36\x2e\x31\x33\x38\x20\x30\x20\x30\
\x20\x31\x20\x33\x30\x32\x2e\x33\x33\x36\x2d\x33\x38\x2e\x36\x30\
\x35\x63\x32\x34\x2e\x33\x37\x31\x20\x31\x32\x2e\x36\x39\x37\x20\
\x34\x36\x2e\x32\x38\x35\x20\x32\x39\x2e\x33\x33\x37\x20\x36\x34\
\x2e\x39\x32\x32\x20\x34\x39\x2e\x33\x30\x35\x20\x34\x2e\x33\x35\
\x32\x20\x34\x2e\x36\x36\x20\x38\x2e\x34\x34\x38\x20\x35\x2e\x36\
\x33\x32\x20\x31\x34\x2e\x36\x34\x33\x20\x34\x2e\x36\x30\x38\x61\
\x32\x36\x31\x2e\x30\x31\x38\x20\x32\x36\x31\x2e\x30\x31\x38\x20\
\x30\x20\x30\x20\x31\x20\x31\x34\x38\x2e\x36\x38\x35\x20\x31\x36\
\x2e\x32\x38\x32\x20\x32\x35\x33\x2e\x39\x33\x31\x20\x32\x35\x33\
\x2e\x39\x33\x31\x20\x30\x20\x30\x20\x31\x20\x38\x38\x2e\x34\x32\
\x32\x20\x36\x31\x2e\x30\x33\x20\x32\x35\x37\x2e\x32\x32\x39\x20\
\x32\x35\x37\x2e\x32\x32\x39\x20\x30\x20\x30\x20\x31\x20\x37\x31\
\x2e\x32\x37\x20\x31\x37\x35\x2e\x39\x32\x34\x7a\x4d\x35\x38\x31\
\x2e\x39\x30\x31\x20\x31\x31\x31\x2e\x31\x30\x34\x63\x2d\x31\x2e\
\x36\x39\x2d\x31\x2e\x36\x33\x38\x2d\x32\x2e\x38\x31\x36\x2d\x32\
\x2e\x38\x36\x37\x2d\x34\x2e\x30\x39\x36\x2d\x33\x2e\x38\x39\x31\
\x61\x31\x39\x34\x2e\x31\x20\x31\x39\x34\x2e\x31\x20\x30\x20\x30\
\x20\x30\x2d\x31\x34\x30\x2e\x34\x39\x32\x2d\x33\x39\x2e\x39\x33\
\x36\x20\x31\x38\x37\x2e\x33\x39\x32\x20\x31\x38\x37\x2e\x33\x39\
\x32\x20\x30\x20\x30\x20\x30\x2d\x31\x30\x37\x2e\x38\x32\x38\x20\
\x34\x36\x2e\x35\x39\x32\x63\x2d\x34\x33\x2e\x33\x36\x36\x20\x33\
\x37\x2e\x39\x33\x39\x2d\x36\x36\x2e\x32\x30\x31\x20\x38\x35\x2e\
\x38\x31\x31\x2d\x36\x36\x2e\x37\x31\x33\x20\x31\x34\x33\x2e\x30\
\x35\x33\x2d\x30\x2e\x36\x36\x36\x20\x37\x38\x2e\x30\x38\x2d\x30\
\x2e\x31\x30\x33\x20\x31\x35\x36\x2e\x31\x36\x2d\x30\x2e\x32\x35\
\x36\x20\x32\x33\x34\x2e\x32\x39\x2d\x30\x2e\x34\x36\x31\x20\x34\
\x2e\x34\x35\x35\x20\x32\x2e\x30\x34\x38\x20\x38\x2e\x37\x30\x35\
\x20\x36\x2e\x31\x34\x34\x20\x31\x30\x2e\x35\x34\x38\x20\x32\x36\
\x2e\x31\x31\x32\x20\x31\x34\x2e\x36\x34\x33\x20\x35\x32\x2e\x30\
\x31\x39\x20\x32\x39\x2e\x35\x34\x32\x20\x37\x38\x2e\x30\x32\x39\
\x20\x34\x34\x2e\x33\x34\x20\x31\x2e\x35\x33\x36\x20\x30\x2e\x39\
\x32\x20\x33\x2e\x32\x37\x36\x20\x31\x2e\x35\x33\x35\x20\x35\x2e\
\x37\x33\x34\x20\x32\x2e\x36\x36\x32\x56\x32\x36\x32\x2e\x38\x36\
\x63\x30\x2d\x31\x33\x2e\x39\x37\x38\x20\x35\x2e\x38\x38\x38\x2d\
\x32\x34\x2e\x32\x31\x38\x20\x31\x38\x2e\x31\x32\x35\x2d\x33\x31\
\x2e\x32\x33\x32\x4c\x35\x37\x35\x2e\x30\x34\x20\x31\x31\x35\x2e\
\x32\x6c\x36\x2e\x38\x36\x2d\x34\x2e\x31\x34\x37\x7a\x4d\x31\x39\
\x35\x2e\x31\x38\x38\x20\x32\x35\x31\x2e\x37\x35\x63\x2d\x32\x2e\
\x32\x35\x33\x20\x30\x2e\x36\x36\x36\x2d\x33\x2e\x37\x39\x20\x31\
\x2e\x30\x32\x34\x2d\x35\x2e\x33\x37\x36\x20\x31\x2e\x36\x33\x39\
\x61\x31\x38\x31\x2e\x31\x39\x37\x20\x31\x38\x31\x2e\x31\x39\x37\
\x20\x30\x20\x30\x20\x30\x2d\x35\x39\x2e\x39\x30\x34\x20\x33\x37\
\x2e\x35\x33\x63\x2d\x34\x37\x2e\x31\x30\x34\x20\x34\x34\x2e\x38\
\x2d\x36\x38\x2e\x32\x35\x20\x39\x39\x2e\x33\x37\x39\x2d\x36\x30\
\x2e\x35\x31\x39\x20\x31\x36\x33\x2e\x35\x33\x32\x20\x37\x2e\x36\
\x38\x20\x36\x32\x2e\x38\x37\x34\x20\x33\x39\x2e\x38\x38\x35\x20\
\x31\x31\x31\x2e\x31\x30\x34\x20\x39\x35\x2e\x30\x37\x39\x20\x31\
\x34\x33\x2e\x33\x30\x39\x20\x36\x38\x2e\x31\x34\x37\x20\x33\x39\
\x2e\x36\x38\x20\x31\x33\x37\x2e\x30\x31\x20\x37\x38\x2e\x32\x33\
\x34\x20\x32\x30\x35\x2e\x34\x36\x35\x20\x31\x31\x37\x2e\x34\x30\
\x32\x61\x39\x2e\x36\x37\x37\x20\x39\x2e\x36\x37\x37\x20\x30\x20\
\x30\x20\x30\x20\x31\x31\x2e\x31\x31\x2d\x30\x2e\x31\x30\x33\x63\
\x32\x35\x2e\x37\x35\x34\x2d\x31\x34\x2e\x38\x34\x38\x20\x35\x31\
\x2e\x35\x36\x2d\x32\x39\x2e\x34\x39\x31\x20\x37\x37\x2e\x34\x31\
\x35\x2d\x34\x34\x2e\x31\x38\x35\x20\x31\x2e\x38\x39\x35\x2d\x31\
\x2e\x30\x32\x34\x20\x33\x2e\x35\x33\x33\x2d\x32\x2e\x32\x30\x32\
\x20\x35\x2e\x37\x33\x35\x2d\x33\x2e\x36\x38\x37\x2d\x31\x2e\x38\
\x39\x35\x2d\x31\x2e\x33\x33\x31\x2d\x33\x2e\x32\x37\x37\x2d\x32\
\x2e\x33\x35\x35\x2d\x34\x2e\x37\x31\x2d\x33\x2e\x31\x37\x34\x4c\
\x32\x38\x31\x2e\x37\x31\x35\x20\x35\x36\x32\x2e\x36\x33\x37\x6c\
\x2d\x36\x39\x2e\x36\x33\x32\x2d\x33\x39\x2e\x36\x38\x61\x32\x39\
\x2e\x35\x34\x32\x20\x32\x39\x2e\x35\x34\x32\x20\x30\x20\x30\x20\
\x31\x2d\x31\x34\x2e\x34\x39\x2d\x31\x37\x2e\x31\x35\x32\x20\x35\
\x37\x2e\x36\x35\x31\x20\x35\x37\x2e\x36\x35\x31\x20\x30\x20\x30\
\x20\x31\x2d\x32\x2e\x33\x35\x35\x2d\x31\x36\x2e\x31\x38\x20\x35\
\x36\x33\x37\x37\x2e\x38\x31\x20\x35\x36\x33\x37\x37\x2e\x38\x31\
\x20\x30\x20\x30\x20\x31\x20\x30\x2d\x32\x32\x37\x2e\x39\x34\x32\
\x76\x2d\x39\x2e\x39\x33\x33\x7a\x20\x6d\x37\x30\x33\x2e\x37\x34\
\x34\x20\x31\x31\x39\x2e\x32\x39\x36\x61\x31\x37\x35\x2e\x31\x30\
\x34\x20\x31\x37\x35\x2e\x31\x30\x34\x20\x30\x20\x30\x20\x30\x2d\
\x30\x2e\x33\x35\x39\x2d\x36\x37\x2e\x38\x34\x63\x2d\x31\x33\x2e\
\x38\x32\x34\x2d\x36\x35\x2e\x38\x39\x34\x2d\x35\x31\x2e\x35\x35\
\x38\x2d\x31\x31\x33\x2e\x39\x37\x2d\x31\x31\x34\x2e\x32\x37\x38\
\x2d\x31\x34\x30\x2e\x36\x39\x37\x2d\x36\x30\x2e\x38\x37\x37\x2d\
\x32\x35\x2e\x39\x35\x39\x2d\x31\x32\x30\x2e\x38\x33\x32\x2d\x32\
\x31\x2e\x30\x34\x33\x2d\x31\x37\x38\x2e\x34\x33\x32\x20\x31\x31\
\x2e\x37\x37\x36\x61\x31\x31\x34\x30\x36\x34\x2e\x32\x38\x32\x20\
\x31\x31\x34\x30\x36\x34\x2e\x32\x38\x32\x20\x30\x20\x30\x20\x31\
\x2d\x32\x30\x31\x2e\x37\x32\x38\x20\x31\x31\x34\x2e\x38\x39\x33\
\x20\x38\x2e\x31\x34\x20\x38\x2e\x31\x34\x20\x30\x20\x30\x20\x30\
\x2d\x34\x2e\x38\x36\x34\x20\x37\x2e\x39\x38\x37\x63\x30\x2e\x32\
\x30\x35\x20\x33\x30\x2e\x35\x31\x35\x20\x30\x2e\x31\x30\x32\x20\
\x36\x30\x2e\x39\x32\x38\x20\x30\x2e\x31\x30\x32\x20\x39\x31\x2e\
\x34\x34\x33\x20\x30\x20\x31\x2e\x34\x33\x34\x20\x30\x2e\x32\x35\
\x36\x20\x32\x2e\x38\x31\x36\x20\x30\x2e\x35\x31\x32\x20\x35\x2e\
\x31\x32\x6c\x31\x31\x2e\x31\x31\x2d\x36\x2e\x32\x39\x38\x4c\x35\
\x38\x39\x2e\x38\x39\x20\x32\x38\x35\x2e\x35\x34\x32\x6c\x36\x30\
\x2e\x37\x32\x33\x2d\x33\x34\x2e\x36\x31\x61\x33\x36\x2e\x32\x35\
\x20\x33\x36\x2e\x32\x35\x20\x30\x20\x30\x20\x31\x20\x32\x31\x2e\
\x35\x30\x34\x2d\x35\x2e\x31\x32\x20\x34\x30\x2e\x33\x34\x36\x20\
\x34\x30\x2e\x33\x34\x36\x20\x30\x20\x30\x20\x31\x20\x31\x36\x2e\
\x37\x39\x33\x20\x35\x2e\x39\x39\x63\x33\x35\x2e\x30\x37\x32\x20\
\x32\x30\x2e\x30\x37\x20\x37\x30\x2e\x31\x34\x34\x20\x34\x30\x2e\
\x30\x39\x20\x31\x30\x35\x2e\x32\x36\x38\x20\x36\x30\x2e\x30\x35\
\x37\x6c\x31\x30\x30\x2e\x33\x20\x35\x37\x2e\x31\x34\x61\x34\x31\
\x2e\x33\x31\x38\x20\x34\x31\x2e\x33\x31\x38\x20\x30\x20\x30\x20\
\x30\x20\x34\x2e\x34\x35\x35\x20\x32\x2e\x30\x34\x37\x7a\x4d\x31\
\x32\x34\x2e\x32\x37\x36\x20\x36\x35\x31\x2e\x39\x33\x63\x2d\x30\
\x2e\x38\x32\x20\x31\x30\x2e\x38\x35\x34\x2d\x31\x2e\x37\x39\x32\
\x20\x32\x30\x2e\x30\x37\x2d\x32\x2e\x30\x34\x38\x20\x32\x39\x2e\
\x33\x33\x37\x61\x31\x37\x37\x2e\x32\x30\x33\x20\x31\x37\x37\x2e\
\x32\x30\x33\x20\x30\x20\x30\x20\x30\x20\x32\x35\x2e\x30\x38\x38\
\x20\x39\x38\x2e\x33\x30\x34\x63\x34\x31\x2e\x32\x31\x36\x20\x36\
\x38\x2e\x31\x39\x39\x20\x31\x30\x32\x2e\x39\x31\x32\x20\x31\x30\
\x30\x2e\x32\x35\x20\x31\x38\x32\x2e\x39\x33\x37\x20\x39\x37\x2e\
\x32\x38\x20\x33\x31\x2e\x33\x33\x35\x2d\x31\x2e\x30\x37\x35\x20\
\x36\x30\x2e\x34\x31\x36\x2d\x31\x31\x2e\x33\x36\x36\x20\x38\x37\
\x2e\x35\x30\x31\x2d\x32\x37\x2e\x30\x33\x33\x20\x32\x39\x2e\x33\
\x38\x39\x2d\x31\x36\x2e\x39\x39\x39\x20\x35\x38\x2e\x39\x38\x33\
\x2d\x33\x33\x2e\x37\x34\x31\x20\x38\x38\x2e\x35\x32\x35\x2d\x35\
\x30\x2e\x35\x33\x35\x61\x34\x30\x34\x35\x31\x2e\x32\x37\x20\x34\
\x30\x34\x35\x31\x2e\x32\x37\x20\x30\x20\x30\x20\x31\x20\x31\x31\
\x33\x2e\x31\x35\x32\x2d\x36\x34\x2e\x33\x35\x38\x20\x38\x2e\x39\
\x36\x20\x38\x2e\x39\x36\x20\x30\x20\x30\x20\x30\x20\x35\x2e\x31\
\x32\x2d\x39\x2e\x30\x36\x33\x63\x2d\x30\x2e\x31\x35\x34\x2d\x32\
\x39\x2e\x36\x34\x34\x2d\x30\x2e\x30\x35\x31\x2d\x35\x39\x2e\x32\
\x39\x2d\x30\x2e\x31\x30\x32\x2d\x38\x38\x2e\x38\x38\x33\x20\x30\
\x2d\x32\x2e\x30\x34\x38\x2d\x30\x2e\x32\x30\x35\x2d\x33\x2e\x39\
\x39\x33\x2d\x30\x2e\x33\x35\x39\x2d\x36\x2e\x36\x35\x36\x2d\x32\
\x2e\x34\x30\x36\x20\x31\x2e\x32\x32\x39\x2d\x34\x2e\x30\x39\x36\
\x20\x31\x2e\x39\x39\x37\x2d\x35\x2e\x37\x33\x34\x20\x32\x2e\x39\
\x31\x39\x61\x32\x30\x39\x38\x39\x2e\x32\x38\x32\x20\x32\x30\x39\
\x38\x39\x2e\x32\x38\x32\x20\x30\x20\x30\x20\x30\x2d\x37\x39\x2e\
\x36\x31\x36\x20\x34\x35\x2e\x34\x31\x34\x6c\x2d\x31\x31\x33\x2e\
\x36\x36\x34\x20\x36\x34\x2e\x37\x36\x38\x2d\x35\x32\x2e\x39\x34\
\x31\x20\x33\x30\x2e\x31\x35\x37\x61\x33\x32\x2e\x38\x32\x20\x33\
\x32\x2e\x38\x32\x20\x30\x20\x30\x20\x31\x2d\x33\x34\x2e\x32\x30\
\x32\x20\x30\x6c\x2d\x35\x2e\x30\x36\x38\x2d\x32\x2e\x38\x31\x36\
\x4c\x31\x34\x36\x2e\x38\x30\x34\x20\x36\x36\x34\x2e\x37\x33\x63\
\x2d\x37\x2e\x30\x31\x35\x2d\x34\x2e\x30\x39\x36\x2d\x31\x34\x2e\
\x30\x33\x2d\x37\x2e\x39\x38\x38\x2d\x32\x32\x2e\x35\x32\x38\x2d\
\x31\x32\x2e\x38\x7a\x20\x6d\x34\x33\x35\x2e\x30\x34\x36\x2d\x32\
\x39\x35\x2e\x33\x37\x33\x63\x32\x2e\x30\x34\x38\x20\x31\x2e\x33\
\x33\x31\x20\x33\x2e\x30\x32\x20\x32\x2e\x31\x35\x20\x34\x2e\x30\
\x39\x36\x20\x32\x2e\x37\x31\x33\x20\x35\x32\x2e\x37\x33\x36\x20\
\x33\x30\x2e\x31\x35\x37\x20\x31\x30\x35\x2e\x34\x37\x32\x20\x36\
\x30\x2e\x32\x31\x32\x20\x31\x35\x38\x2e\x31\x35\x37\x20\x39\x30\
\x2e\x32\x31\x35\x6c\x39\x30\x2e\x32\x31\x34\x20\x35\x31\x2e\x34\
\x30\x35\x63\x37\x2e\x36\x33\x20\x34\x2e\x30\x39\x36\x20\x31\x33\
\x2e\x32\x31\x20\x31\x31\x2e\x31\x36\x31\x20\x31\x35\x2e\x33\x36\
\x20\x31\x39\x2e\x34\x35\x36\x61\x34\x35\x2e\x31\x34\x32\x20\x34\
\x35\x2e\x31\x34\x32\x20\x30\x20\x30\x20\x31\x20\x31\x2e\x36\x33\
\x39\x20\x31\x32\x2e\x35\x34\x34\x63\x30\x2e\x31\x30\x32\x20\x37\
\x37\x2e\x36\x31\x39\x20\x30\x2e\x31\x30\x32\x20\x31\x35\x35\x2e\
\x32\x39\x20\x30\x20\x32\x33\x32\x2e\x39\x36\x76\x36\x2e\x35\x35\
\x33\x63\x33\x2e\x36\x33\x35\x2d\x31\x2e\x33\x33\x31\x20\x36\x2e\
\x36\x35\x36\x2d\x32\x2e\x33\x35\x35\x20\x39\x2e\x35\x37\x34\x2d\
\x33\x2e\x35\x38\x34\x20\x32\x32\x2e\x38\x33\x35\x2d\x39\x2e\x34\
\x37\x32\x20\x34\x33\x2e\x35\x32\x2d\x32\x33\x2e\x32\x39\x36\x20\
\x36\x30\x2e\x38\x32\x36\x2d\x34\x30\x2e\x37\x35\x35\x20\x34\x30\
\x2e\x33\x34\x35\x2d\x34\x30\x2e\x37\x35\x35\x20\x36\x30\x2e\x32\
\x31\x2d\x38\x39\x2e\x36\x20\x35\x36\x2e\x35\x32\x35\x2d\x31\x34\
\x36\x2e\x35\x38\x36\x2d\x34\x2e\x34\x35\x35\x2d\x36\x37\x2e\x37\
\x38\x38\x2d\x33\x36\x2e\x38\x36\x34\x2d\x31\x31\x39\x2e\x35\x2d\
\x39\x35\x2e\x34\x38\x38\x2d\x31\x35\x34\x2e\x39\x38\x32\x2d\x31\
\x39\x2e\x33\x35\x34\x2d\x31\x31\x2e\x37\x32\x35\x2d\x33\x39\x2e\
\x32\x37\x2d\x32\x32\x2e\x36\x33\x2d\x35\x38\x2e\x39\x38\x33\x2d\
\x33\x33\x2e\x37\x34\x4c\x36\x35\x33\x2e\x37\x33\x35\x20\x33\x30\
\x38\x2e\x35\x33\x61\x39\x2e\x32\x31\x36\x20\x39\x2e\x32\x31\x36\
\x20\x30\x20\x30\x20\x30\x2d\x31\x30\x2e\x35\x34\x37\x20\x30\x2e\
\x31\x35\x34\x63\x2d\x31\x37\x2e\x35\x36\x32\x20\x31\x30\x2e\x32\
\x34\x2d\x33\x35\x2e\x32\x37\x37\x20\x32\x30\x2e\x31\x37\x33\x2d\
\x35\x32\x2e\x38\x39\x20\x33\x30\x2e\x31\x35\x37\x6c\x2d\x33\x30\
\x2e\x39\x37\x36\x20\x31\x37\x2e\x37\x31\x35\x7a\x20\x6d\x31\x31\
\x32\x2e\x32\x33\x20\x31\x31\x38\x2e\x35\x32\x38\x56\x37\x35\x39\
\x2e\x39\x31\x63\x30\x20\x31\x34\x2e\x31\x38\x33\x2d\x35\x2e\x33\
\x32\x34\x20\x32\x34\x2e\x39\x38\x36\x2d\x31\x37\x2e\x39\x32\x20\
\x33\x32\x2e\x30\x35\x32\x6c\x2d\x31\x30\x33\x2e\x31\x31\x36\x20\
\x35\x38\x2e\x37\x32\x36\x2d\x31\x30\x33\x2e\x35\x37\x38\x20\x35\
\x39\x2e\x30\x38\x35\x63\x2d\x31\x2e\x35\x33\x36\x20\x30\x2e\x38\
\x37\x2d\x32\x2e\x39\x37\x20\x32\x2e\x30\x34\x38\x2d\x34\x2e\x39\
\x36\x36\x20\x33\x2e\x34\x33\x20\x32\x2e\x33\x35\x35\x20\x31\x2e\
\x38\x39\x35\x20\x34\x2e\x30\x39\x36\x20\x33\x2e\x34\x38\x32\x20\
\x35\x2e\x39\x33\x39\x20\x34\x2e\x38\x36\x34\x20\x35\x36\x2e\x38\
\x33\x32\x20\x34\x30\x2e\x38\x30\x37\x20\x31\x31\x38\x2e\x37\x38\
\x34\x20\x35\x30\x2e\x38\x34\x32\x20\x31\x38\x35\x2e\x30\x38\x38\
\x20\x32\x37\x2e\x37\x41\x31\x39\x30\x2e\x38\x32\x32\x20\x31\x39\
\x30\x2e\x38\x32\x32\x20\x30\x20\x30\x20\x30\x20\x37\x36\x31\x2e\
\x31\x20\x37\x36\x38\x2e\x34\x36\x63\x30\x2e\x34\x31\x2d\x37\x38\
\x2e\x39\x35\x20\x30\x2d\x31\x35\x37\x2e\x39\x30\x31\x20\x30\x2e\
\x31\x35\x34\x2d\x32\x33\x36\x2e\x38\x61\x39\x2e\x31\x31\x34\x20\
\x39\x2e\x31\x31\x34\x20\x30\x20\x30\x20\x30\x2d\x35\x2e\x32\x32\
\x32\x2d\x39\x2e\x31\x36\x35\x63\x2d\x32\x36\x2e\x34\x37\x2d\x31\
\x34\x2e\x38\x34\x38\x2d\x35\x32\x2e\x37\x33\x36\x2d\x32\x39\x2e\
\x39\x35\x32\x2d\x37\x39\x2e\x31\x35\x36\x2d\x34\x35\x2e\x30\x30\
\x35\x2d\x31\x2e\x31\x37\x37\x2d\x30\x2e\x37\x31\x37\x2d\x32\x2e\
\x35\x36\x2d\x31\x2e\x31\x32\x36\x2d\x35\x2e\x33\x32\x34\x2d\x32\
\x2e\x34\x30\x36\x7a\x20\x6d\x2d\x32\x37\x32\x2e\x31\x37\x39\x20\
\x31\x30\x31\x2e\x31\x32\x6c\x31\x31\x32\x2e\x36\x34\x20\x36\x34\
\x2e\x31\x35\x33\x20\x31\x31\x32\x2e\x30\x32\x36\x2d\x36\x33\x2e\
\x38\x34\x36\x61\x31\x32\x2e\x38\x20\x31\x32\x2e\x38\x20\x30\x20\
\x30\x20\x30\x20\x30\x2e\x34\x31\x2d\x31\x2e\x38\x39\x34\x63\x30\
\x2d\x34\x31\x2e\x30\x31\x32\x20\x30\x2d\x38\x32\x2e\x30\x37\x34\
\x20\x30\x2e\x31\x35\x33\x2d\x31\x32\x33\x2e\x31\x33\x36\x20\x30\
\x2d\x33\x2e\x33\x38\x2d\x31\x2e\x36\x39\x2d\x34\x2e\x37\x36\x32\
\x2d\x34\x2e\x33\x2d\x36\x2e\x32\x34\x37\x61\x34\x31\x35\x35\x32\
\x2e\x33\x38\x34\x20\x34\x31\x35\x35\x32\x2e\x33\x38\x34\x20\x30\
\x20\x30\x20\x31\x2d\x39\x38\x2e\x36\x31\x32\x2d\x35\x36\x2e\x31\
\x31\x35\x6c\x2d\x39\x2e\x37\x32\x38\x2d\x35\x2e\x33\x37\x36\x2d\
\x33\x2e\x39\x34\x32\x20\x32\x2e\x31\x35\x2d\x31\x30\x34\x2e\x32\
\x34\x33\x20\x35\x39\x2e\x31\x38\x38\x61\x37\x2e\x39\x33\x36\x20\
\x37\x2e\x39\x33\x36\x20\x30\x20\x30\x20\x30\x2d\x34\x2e\x35\x30\
\x36\x20\x38\x2e\x30\x39\x63\x30\x2e\x31\x35\x34\x20\x32\x38\x2e\
\x39\x37\x38\x20\x30\x20\x35\x37\x2e\x39\x35\x38\x20\x30\x20\x38\
\x36\x2e\x39\x38\x38\x6c\x30\x2e\x30\x35\x31\x20\x33\x36\x2e\x30\
\x34\x35\x7a\x22\x20\x66\x69\x6c\x6c\x3d\x22\x23\x33\x33\x33\x33\
\x33\x33\x22\x20\x70\x2d\x69\x64\x3d\x22\x36\x38\x38\x30\x22\x3e\
\x3c\x2f\x70\x61\x74\x68\x3e\x3c\x2f\x73\x76\x67\x3e\
\x00\x00\x04\x83\
\x3c\
\x3f\x78\x6d\x6c\x20\x76\x65\x72\x73\x69\x6f\x6e\x3d\x22\x31\x2e\
\x30\x22\x20\x73\x74\x61\x6e\x64\x61\x6c\x6f\x6e\x65\x3d\x22\x6e\
\x6f\x22\x3f\x3e\x3c\x21\x44\x4f\x43\x54\x59\x50\x45\x20\x73\x76\
\x67\x20\x50\x55\x42\x4c\x49\x43\x20\x22\x2d\x2f\x2f\x57\x33\x43\
\x2f\x2f\x44\x54\x44\x20\x53\x56\x47\x20\x31\x2e\x31\x2f\x2f\x45\
\x4e\x22\x20\x22\x68\x74\x74\x70\x3a\x2f\x2f\x77\x77\x77\x2e\x77\
\x33\x2e\x6f\x72\x67\x2f\x47\x72\x61\x70\x68\x69\x63\x73\x2f\x53\
\x56\x47\x2f\x31\x2e\x31\x2f\x44\x54\x44\x2f\x73\x76\x67\x31\x31\
\x2e\x64\x74\x64\x22\x3e\x3c\x73\x76\x67\x20\x74\x3d\x22\x31\x37\
\x38\x34\x36\x34\x31\x38\x39\x30\x35\x33\x32\x22\x20\x63\x6c\x61\
\x73\x73\x3d\x22\x69\x63\x6f\x6e\x22\x20\x76\x69\x65\x77\x42\x6f\
\x78\x3d\x22\x30\x20\x30\x20\x31\x30\x32\x34\x20\x31\x30\x32\x34\
\x22\x20\x76\x65\x72\x73\x69\x6f\x6e\x3d\x22\x31\x2e\x31\x22\x20\
\x78\x6d\x6c\x6e\x73\x3d\x22\x68\x74\x74\x70\x3a\x2f\x2f\x77\x77\
\x77\x2e\x77\x33\x2e\x6f\x72\x67\x2f\x32\x30\x30\x30\x2f\x73\x76\
\x67\x22\x20\x70\x2d\x69\x64\x3d\x22\x34\x32\x30\x30\x32\x22\x20\
\x78\x6d\x6c\x6e\x73\x3a\x78\x6c\x69\x6e\x6b\x3d\x22\x68\x74\x74\
\x70\x3a\x2f\x2f\x77\x77\x77\x2e\x77\x33\x2e\x6f\x72\x67\x2f\x31\
\x39\x39\x39\x2f\x78\x6c\x69\x6e\x6b\x22\x20\x77\x69\x64\x74\x68\
\x3d\x22\x32\x30\x30\x22\x20\x68\x65\x69\x67\x68\x74\x3d\x22\x32\
\x30\x30\x22\x3e\x3c\x70\x61\x74\x68\x20\x64\x3d\x22\x4d\x35\x39\
\x38\x2e\x31\x37\x20\x31\x37\x37\x2e\x38\x34\x33\x6c\x38\x32\x2e\
\x36\x35\x32\x20\x34\x38\x2e\x37\x38\x63\x32\x32\x2e\x38\x32\x35\
\x20\x31\x33\x2e\x34\x37\x31\x20\x33\x30\x2e\x36\x34\x36\x20\x34\
\x33\x2e\x33\x30\x35\x20\x31\x37\x2e\x34\x37\x20\x36\x36\x2e\x36\
\x33\x38\x6c\x2d\x33\x32\x2e\x37\x37\x20\x35\x38\x2e\x30\x32\x33\
\x61\x36\x2e\x30\x31\x39\x20\x36\x2e\x30\x31\x39\x20\x30\x20\x30\
\x20\x31\x2d\x38\x2e\x33\x30\x38\x20\x32\x2e\x32\x32\x35\x6c\x2d\
\x31\x35\x34\x2e\x37\x33\x2d\x39\x31\x2e\x33\x32\x63\x2d\x32\x2e\
\x39\x30\x38\x2d\x31\x2e\x37\x31\x37\x2d\x33\x2e\x39\x32\x38\x2d\
\x35\x2e\x35\x32\x37\x2d\x32\x2e\x32\x36\x37\x2d\x38\x2e\x34\x36\
\x37\x6c\x33\x32\x2e\x37\x37\x2d\x35\x38\x2e\x30\x32\x33\x63\x31\
\x33\x2e\x31\x37\x35\x2d\x32\x33\x2e\x33\x33\x31\x20\x34\x32\x2e\
\x33\x36\x2d\x33\x31\x2e\x33\x33\x20\x36\x35\x2e\x31\x38\x34\x2d\
\x31\x37\x2e\x38\x35\x36\x7a\x4d\x34\x38\x32\x2e\x32\x34\x37\x20\
\x32\x38\x35\x2e\x35\x33\x35\x61\x36\x2e\x30\x31\x39\x20\x36\x2e\
\x30\x31\x39\x20\x30\x20\x30\x20\x31\x20\x38\x2e\x33\x30\x38\x2d\
\x32\x2e\x32\x32\x36\x6c\x31\x35\x34\x2e\x37\x32\x39\x20\x39\x31\
\x2e\x33\x32\x31\x63\x32\x2e\x39\x30\x38\x20\x31\x2e\x37\x31\x36\
\x20\x33\x2e\x39\x32\x38\x20\x35\x2e\x35\x32\x37\x20\x32\x2e\x32\
\x36\x38\x20\x38\x2e\x34\x36\x37\x4c\x34\x37\x34\x2e\x36\x34\x33\
\x20\x36\x38\x39\x2e\x32\x34\x36\x61\x36\x2e\x30\x31\x39\x20\x36\
\x2e\x30\x31\x39\x20\x30\x20\x30\x20\x31\x2d\x38\x2e\x33\x30\x37\
\x20\x32\x2e\x32\x32\x36\x4c\x33\x31\x31\x2e\x36\x30\x37\x20\x36\
\x30\x30\x2e\x31\x35\x63\x2d\x32\x2e\x39\x30\x38\x2d\x31\x2e\x37\
\x31\x36\x2d\x33\x2e\x39\x32\x39\x2d\x35\x2e\x35\x32\x37\x2d\x32\
\x2e\x32\x36\x39\x2d\x38\x2e\x34\x36\x37\x6c\x31\x37\x32\x2e\x39\
\x31\x2d\x33\x30\x36\x2e\x31\x34\x39\x7a\x4d\x32\x39\x35\x2e\x32\
\x39\x32\x20\x36\x32\x34\x2e\x32\x32\x35\x63\x2d\x30\x2e\x34\x39\
\x37\x2d\x33\x2e\x33\x34\x20\x31\x2e\x34\x37\x35\x2d\x34\x2e\x36\
\x36\x38\x20\x34\x2e\x33\x38\x33\x2d\x32\x2e\x39\x35\x32\x6c\x31\
\x35\x34\x2e\x37\x33\x20\x39\x31\x2e\x33\x32\x63\x32\x2e\x39\x30\
\x37\x20\x31\x2e\x37\x31\x37\x20\x32\x2e\x37\x32\x31\x20\x34\x2e\
\x31\x34\x36\x2d\x30\x2e\x34\x31\x35\x20\x35\x2e\x33\x39\x39\x6c\
\x2d\x31\x33\x30\x2e\x38\x39\x33\x20\x35\x32\x2e\x32\x38\x63\x2d\
\x33\x2e\x31\x33\x37\x20\x31\x2e\x32\x35\x33\x2d\x36\x2e\x31\x31\
\x2d\x30\x2e\x34\x35\x35\x2d\x36\x2e\x36\x30\x37\x2d\x33\x2e\x37\
\x39\x35\x6c\x2d\x32\x31\x2e\x31\x39\x38\x2d\x31\x34\x32\x2e\x32\
\x35\x32\x7a\x4d\x32\x36\x36\x2e\x39\x34\x36\x20\x37\x39\x39\x2e\
\x37\x39\x48\x37\x35\x38\x2e\x39\x38\x63\x31\x35\x2e\x30\x39\x35\
\x20\x30\x20\x32\x37\x2e\x33\x33\x33\x20\x31\x32\x2e\x32\x33\x37\
\x20\x32\x37\x2e\x33\x33\x33\x20\x32\x37\x2e\x33\x33\x35\x20\x30\
\x20\x31\x35\x2e\x30\x39\x35\x2d\x31\x32\x2e\x32\x33\x38\x20\x32\
\x37\x2e\x33\x33\x38\x2d\x32\x37\x2e\x33\x33\x33\x20\x32\x37\x2e\
\x33\x33\x38\x48\x32\x36\x36\x2e\x39\x34\x36\x63\x2d\x31\x35\x2e\
\x30\x39\x37\x20\x30\x2d\x32\x37\x2e\x33\x33\x36\x2d\x31\x32\x2e\
\x32\x34\x34\x2d\x32\x37\x2e\x33\x33\x36\x2d\x32\x37\x2e\x33\x33\
\x38\x20\x30\x2d\x31\x35\x2e\x30\x39\x38\x20\x31\x32\x2e\x32\x33\
\x39\x2d\x32\x37\x2e\x33\x33\x35\x20\x32\x37\x2e\x33\x33\x36\x2d\
\x32\x37\x2e\x33\x33\x35\x7a\x22\x20\x70\x2d\x69\x64\x3d\x22\x34\
\x32\x30\x30\x33\x22\x20\x66\x69\x6c\x6c\x3d\x22\x23\x33\x33\x33\
\x33\x33\x33\x22\x3e\x3c\x2f\x70\x61\x74\x68\x3e\x3c\x2f\x73\x76\
\x67\x3e\
\x00\x00\x02\x68\
\x3c\
\x3f\x78\x6d\x6c\x20\x76\x65\x72\x73\x69\x6f\x6e\x3d\x22\x31\x2e\
\x30\x22\x20\x73\x74\x61\x6e\x64\x61\x6c\x6f\x6e\x65\x3d\x22\x6e\
\x6f\x22\x3f\x3e\x3c\x21\x44\x4f\x43\x54\x59\x50\x45\x20\x73\x76\
\x67\x20\x50\x55\x42\x4c\x49\x43\x20\x22\x2d\x2f\x2f\x57\x33\x43\
\x2f\x2f\x44\x54\x44\x20\x53\x56\x47\x20\x31\x2e\x31\x2f\x2f\x45\
\x4e\x22\x20\x22\x68\x74\x74\x70\x3a\x2f\x2f\x77\x77\x77\x2e\x77\
\x33\x2e\x6f\x72\x67\x2f\x47\x72\x61\x70\x68\x69\x63\x73\x2f\x53\
\x56\x47\x2f\x31\x2e\x31\x2f\x44\x54\x44\x2f\x73\x76\x67\x31\x31\
\x2e\x64\x74\x64\x22\x3e\x3c\x73\x76\x67\x20\x74\x3d\x22\x31\x37\
\x37\x37\x31\x37\x31\x33\x39\x30\x30\x30\x30\x22\x20\x63\x6c\x61\
\x73\x73\x3d\x22\x69\x63\x6f\x6e\x22\x20\x76\x69\x65\x77\x42\x6f\
\x78\x3d\x22\x30\x20\x30\x20\x31\x30\x32\x34\x20\x31\x30\x32\x34\
\x22\x20\x76\x65\x72\x73\x69\x6f\x6e\x3d\x22\x31\x2e\x31\x22\x20\
\x78\x6d\x6c\x6e\x73\x3d\x22\x68\x74\x74\x70\x3a\x2f\x2f\x77\x77\
\x77\x2e\x77\x33\x2e\x6f\x72\x67\x2f\x32\x30\x30\x30\x2f\x73\x76\
\x67\x22\x20\x70\x2d\x69\x64\x3d\x22\x38\x30\x30\x31\x22\x20\x78\
\x6d\x6c\x6e\x73\x3a\x78\x6c\x69\x6e\x6b\x3d\x22\x68\x74\x74\x70\
\x3a\x2f\x2f\x77\x77\x77\x2e\x77\x33\x2e\x6f\x72\x67\x2f\x31\x39\
\x39\x39\x2f\x78\x6c\x69\x6e\x6b\x22\x20\x77\x69\x64\x74\x68\x3d\
\x22\x32\x30\x30\x22\x20\x68\x65\x69\x67\x68\x74\x3d\x22\x32\x30\
\x30\x22\x3e\x3c\x70\x61\x74\x68\x20\x64\x3d\x22\x4d\x31\x38\x30\
\x20\x33\x36\x30\x20\x4c\x36\x38\x30\x20\x33\x36\x30\x20\x4c\x36\
\x38\x30\x20\x38\x36\x30\x20\x4c\x31\x38\x30\x20\x38\x36\x30\x20\
\x5a\x22\x20\x73\x74\x72\x6f\x6b\x65\x3d\x22\x23\x33\x33\x33\x33\
\x33\x33\x22\x20\x73\x74\x72\x6f\x6b\x65\x2d\x77\x69\x64\x74\x68\
\x3d\x22\x37\x32\x22\x20\x66\x69\x6c\x6c\x3d\x22\x6e\x6f\x6e\x65\
\x22\x20\x73\x74\x72\x6f\x6b\x65\x2d\x6c\x69\x6e\x65\x6a\x6f\x69\
\x6e\x3d\x22\x6d\x69\x74\x65\x72\x22\x20\x70\x2d\x69\x64\x3d\x22\
\x38\x30\x30\x32\x22\x2f\x3e\x3c\x70\x61\x74\x68\x20\x64\x3d\x22\
\x4d\x38\x34\x30\x20\x31\x38\x30\x20\x4c\x38\x34\x30\x20\x36\x38\
\x30\x20\x4c\x33\x34\x30\x20\x36\x38\x30\x20\x4c\x33\x34\x30\x20\
\x31\x38\x30\x22\x20\x73\x74\x72\x6f\x6b\x65\x3d\x22\x23\x33\x33\
\x33\x33\x33\x33\x22\x20\x73\x74\x72\x6f\x6b\x65\x2d\x77\x69\x64\
\x74\x68\x3d\x22\x37\x32\x22\x20\x66\x69\x6c\x6c\x3d\x22\x6e\x6f\
\x6e\x65\x22\x20\x73\x74\x72\x6f\x6b\x65\x2d\x6c\x69\x6e\x65\x6a\
\x6f\x69\x6e\x3d\x22\x6d\x69\x74\x65\x72\x22\x20\x73\x74\x72\x6f\
\x6b\x65\x2d\x6c\x69\x6e\x65\x63\x61\x70\x3d\x22\x73\x71\x75\x61\
\x72\x65\x22\x20\x70\x2d\x69\x64\x3d\x22\x38\x30\x30\x33\x22\x2f\
\x3e\x3c\x2f\x73\x76\x67\x3e\
\x00\x00\x04\x0f\
\x3c\
\x3f\x78\x6d\x6c\x20\x76\x65\x72\x73\x69\x6f\x6e\x3d\x22\x31\x2e\
\x30\x22\x20\x73\x74\x61\x6e\x64\x61\x6c\x6f\x6e\x65\x3d\x22\x6e\
\x6f\x22\x3f\x3e\x3c\x21\x44\x4f\x43\x54\x59\x50\x45\x20\x73\x76\
\x67\x20\x50\x55\x42\x4c\x49\x43\x20\x22\x2d\x2f\x2f\x57\x33\x43\
\x2f\x2f\x44\x54\x44\x20\x53\x56\x47\x20\x31\x2e\x31\x2f\x2f\x45\
\x4e\x22\x20\x22\x68\x74\x74\x70\x3a\x2f\x2f\x77\x77\x77\x2e\x77\
\x33\x2e\x6f\x72\x67\x2f\x47\x72\x61\x70\x68\x69\x63\x73\x2f\x53\
\x56\x47\x2f\x31\x2e\x31\x2f\x44\x54\x44\x2f\x73\x76\x67\x31\x31\
\x2e\x64\x74\x64\x22\x3e\x3c\x73\x76\x67\x20\x74\x3d\x22\x31\x37\
\x36\x36\x35\x35\x38\x32\x34\x31\x35\x34\x33\x22\x20\x63\x6c\x61\
\x73\x73\x3d\x22\x69\x63\x6f\x6e\x22\x20\x76\x69\x65\x77\x42\x6f\
\x78\x3d\x22\x30\x20\x30\x20\x31\x30\x32\x34\x20\x31\x30\x32\x34\
\x22\x20\x76\x65\x72\x73\x69\x6f\x6e\x3d\x22\x31\x2e\x31\x22\x20\
\x78\x6d\x6c\x6e\x73\x3d\x22\x68\x74\x74\x70\x3a\x2f\x2f\x77\x77\
\x77\x2e\x77\x33\x2e\x6f\x72\x67\x2f\x32\x30\x30\x30\x2f\x73\x76\
\x67\x22\x20\x70\x2d\x69\x64\x3d\x22\x39\x31\x32\x35\x22\x20\x64\
\x61\x74\x61\x2d\x73\x70\x6d\x2d\x61\x6e\x63\x68\x6f\x72\x2d\x69\
\x64\x3d\x22\x61\x33\x31\x33\x78\x2e\x73\x65\x61\x72\x63\x68\x5f\
\x69\x6e\x64\x65\x78\x2e\x30\x2e\x69\x30\x2e\x31\x39\x37\x66\x33\
\x61\x38\x31\x62\x68\x43\x42\x31\x70\x22\x20\x78\x6d\x6c\x6e\x73\
\x3a\x78\x6c\x69\x6e\x6b\x3d\x22\x68\x74\x74\x70\x3a\x2f\x2f\x77\
\x77\x77\x2e\x77\x33\x2e\x6f\x72\x67\x2f\x31\x39\x39\x39\x2f\x78\
\x6c\x69\x6e\x6b\x22\x20\x77\x69\x64\x74\x68\x3d\x22\x32\x30\x30\
\x22\x20\x68\x65\x69\x67\x68\x74\x3d\x22\x32\x30\x30\x22\x3e\x3c\
\x70\x61\x74\x68\x20\x64\x3d\x22\x4d\x38\x31\x39\x2e\x35\x20\x31\
\x30\x37\x48\x31\x39\x39\x2e\x33\x43\x31\x34\x30\x2e\x37\x20\x31\
\x30\x37\x20\x39\x33\x20\x31\x35\x34\x2e\x37\x20\x39\x33\x20\x32\
\x31\x33\x2e\x33\x76\x33\x35\x36\x63\x30\x20\x31\x37\x2e\x36\x20\
\x31\x34\x2e\x33\x20\x33\x31\x2e\x39\x20\x33\x31\x2e\x39\x20\x33\
\x31\x2e\x39\x73\x33\x31\x2e\x39\x2d\x31\x34\x2e\x33\x20\x33\x31\
\x2e\x39\x2d\x33\x31\x2e\x39\x76\x2d\x33\x35\x36\x63\x30\x2d\x32\
\x33\x2e\x34\x20\x31\x39\x2e\x31\x2d\x34\x32\x2e\x35\x20\x34\x32\
\x2e\x35\x2d\x34\x32\x2e\x35\x68\x36\x32\x30\x2e\x32\x63\x32\x33\
\x2e\x34\x20\x30\x20\x34\x32\x2e\x35\x20\x31\x39\x2e\x31\x20\x34\
\x32\x2e\x35\x20\x34\x32\x2e\x35\x76\x35\x38\x34\x2e\x35\x63\x30\
\x20\x32\x33\x2e\x34\x2d\x31\x39\x2e\x31\x20\x34\x32\x2e\x35\x2d\
\x34\x32\x2e\x35\x20\x34\x32\x2e\x35\x68\x2d\x34\x31\x33\x63\x2d\
\x31\x37\x2e\x36\x20\x30\x2d\x33\x31\x2e\x39\x20\x31\x34\x2e\x33\
\x2d\x33\x31\x2e\x39\x20\x33\x31\x2e\x39\x73\x31\x34\x2e\x33\x20\
\x33\x31\x2e\x39\x20\x33\x31\x2e\x39\x20\x33\x31\x2e\x39\x68\x34\
\x31\x33\x63\x35\x38\x2e\x36\x20\x30\x20\x31\x30\x36\x2e\x33\x2d\
\x34\x37\x2e\x37\x20\x31\x30\x36\x2e\x33\x2d\x31\x30\x36\x2e\x33\
\x56\x32\x31\x33\x2e\x33\x63\x30\x2d\x35\x38\x2e\x36\x2d\x34\x37\
\x2e\x37\x2d\x31\x30\x36\x2e\x33\x2d\x31\x30\x36\x2e\x33\x2d\x31\
\x30\x36\x2e\x33\x7a\x22\x20\x70\x2d\x69\x64\x3d\x22\x39\x31\x32\
\x36\x22\x20\x66\x69\x6c\x6c\x3d\x22\x23\x33\x33\x33\x33\x33\x33\
\x22\x3e\x3c\x2f\x70\x61\x74\x68\x3e\x3c\x70\x61\x74\x68\x20\x64\
\x3d\x22\x4d\x35\x33\x31\x2e\x32\x20\x36\x37\x31\x2e\x39\x76\x36\
\x31\x2e\x34\x63\x2d\x30\x2e\x31\x20\x31\x39\x2e\x33\x20\x32\x32\
\x2e\x33\x20\x33\x30\x20\x33\x37\x2e\x33\x20\x31\x37\x2e\x39\x6c\
\x32\x32\x39\x2e\x31\x2d\x31\x38\x35\x2e\x33\x63\x31\x31\x2e\x34\
\x2d\x39\x2e\x32\x20\x31\x31\x2e\x33\x2d\x32\x36\x2e\x35\x2d\x30\
\x2e\x31\x2d\x33\x35\x2e\x37\x6c\x2d\x32\x32\x38\x2d\x32\x30\x35\
\x2e\x31\x63\x2d\x31\x35\x2d\x31\x32\x2d\x33\x38\x2e\x33\x2d\x31\
\x2e\x34\x2d\x33\x38\x2e\x34\x20\x31\x37\x2e\x38\x56\x34\x30\x35\
\x63\x30\x20\x31\x31\x2e\x37\x2d\x38\x20\x32\x30\x2e\x31\x2d\x31\
\x39\x2e\x34\x20\x32\x32\x2e\x37\x43\x32\x30\x37\x2e\x35\x20\x34\
\x39\x37\x20\x31\x33\x30\x2e\x36\x20\x38\x35\x33\x2e\x36\x20\x31\
\x33\x33\x2e\x32\x20\x38\x37\x38\x2e\x31\x63\x39\x39\x2d\x39\x33\
\x2e\x37\x20\x31\x39\x39\x2d\x32\x33\x38\x2e\x36\x20\x33\x37\x35\
\x2e\x37\x2d\x32\x32\x39\x2e\x32\x20\x31\x32\x2e\x36\x20\x30\x2e\
\x37\x20\x32\x32\x2e\x34\x20\x31\x30\x2e\x35\x20\x32\x32\x2e\x33\
\x20\x32\x33\x7a\x22\x20\x70\x2d\x69\x64\x3d\x22\x39\x31\x32\x37\
\x22\x20\x66\x69\x6c\x6c\x3d\x22\x23\x33\x33\x33\x33\x33\x33\x22\
\x3e\x3c\x2f\x70\x61\x74\x68\x3e\x3c\x2f\x73\x76\x67\x3e\
\x00\x00\x0b\xfd\
\x3c\
\x3f\x78\x6d\x6c\x20\x76\x65\x72\x73\x69\x6f\x6e\x3d\x22\x31\x2e\
\x30\x22\x20\x73\x74\x61\x6e\x64\x61\x6c\x6f\x6e\x65\x3d\x22\x6e\
\x6f\x22\x3f\x3e\x3c\x21\x44\x4f\x43\x54\x59\x50\x45\x20\x73\x76\
\x67\x20\x50\x55\x42\x4c\x49\x43\x20\x22\x2d\x2f\x2f\x57\x33\x43\
\x2f\x2f\x44\x54\x44\x20\x53\x56\x47\x20\x31\x2e\x31\x2f\x2f\x45\
\x4e\x22\x20\x22\x68\x74\x74\x70\x3a\x2f\x2f\x77\x77\x77\x2e\x77\
\x33\x2e\x6f\x72\x67\x2f\x47\x72\x61\x70\x68\x69\x63\x73\x2f\x53\
\x56\x47\x2f\x31\x2e\x31\x2f\x44\x54\x44\x2f\x73\x76\x67\x31\x31\
\x2e\x64\x74\x64\x22\x3e\x3c\x73\x76\x67\x20\x74\x3d\x22\x31\x37\
\x37\x31\x31\x32\x39\x35\x37\x37\x34\x35\x34\x22\x20\x63\x6c\x61\
\x73\x73\x3d\x22\x69\x63\x6f\x6e\x22\x20\x76\x69\x65\x77\x42\x6f\
\x78\x3d\x22\x30\x20\x30\x20\x31\x30\x32\x34\x20\x31\x30\x32\x34\
\x22\x20\x76\x65\x72\x73\x69\x6f\x6e\x3d\x22\x31\x2e\x31\x22\x20\
\x78\x6d\x6c\x6e\x73\x3d\x22\x68\x74\x74\x70\x3a\x2f\x2f\x77\x77\
\x77\x2e\x77\x33\x2e\x6f\x72\x67\x2f\x32\x30\x30\x30\x2f\x73\x76\
\x67\x22\x20\x70\x2d\x69\x64\x3d\x22\x35\x31\x31\x31\x22\x20\x78\
\x6d\x6c\x6e\x73\x3a\x78\x6c\x69\x6e\x6b\x3d\x22\x68\x74\x74\x70\
\x3a\x2f\x2f\x77\x77\x77\x2e\x77\x33\x2e\x6f\x72\x67\x2f\x31\x39\
\x39\x39\x2f\x78\x6c\x69\x6e\x6b\x22\x20\x77\x69\x64\x74\x68\x3d\
\x22\x32\x30\x30\x22\x20\x68\x65\x69\x67\x68\x74\x3d\x22\x32\x30\
\x30\x22\x3e\x3c\x70\x61\x74\x68\x20\x64\x3d\x22\x4d\x38\x38\x35\
\x2e\x30\x33\x34\x36\x36\x37\x20\x37\x33\x38\x2e\x37\x33\x30\x36\
\x36\x37\x63\x2d\x38\x30\x2e\x34\x32\x36\x36\x36\x37\x20\x31\x33\
\x31\x2e\x36\x36\x39\x33\x33\x33\x2d\x32\x31\x39\x2e\x33\x39\x32\
\x20\x32\x31\x32\x2e\x31\x33\x38\x36\x36\x37\x2d\x33\x37\x32\x2e\
\x39\x39\x32\x20\x32\x31\x32\x2e\x31\x33\x38\x36\x36\x36\x2d\x31\
\x35\x33\x2e\x36\x20\x30\x2d\x32\x39\x32\x2e\x35\x36\x35\x33\x33\
\x33\x2d\x38\x30\x2e\x34\x36\x39\x33\x33\x33\x2d\x33\x37\x33\x2e\
\x30\x33\x34\x36\x36\x37\x2d\x32\x30\x34\x2e\x38\x68\x39\x35\x2e\
\x30\x36\x31\x33\x33\x33\x63\x33\x36\x2e\x35\x36\x35\x33\x33\x33\
\x20\x35\x31\x2e\x32\x20\x39\x35\x2e\x31\x30\x34\x20\x38\x37\x2e\
\x37\x36\x35\x33\x33\x33\x20\x31\x35\x33\x2e\x36\x20\x31\x30\x39\
\x2e\x37\x33\x38\x36\x36\x37\x6c\x37\x2e\x33\x33\x38\x36\x36\x37\
\x2d\x37\x2e\x33\x33\x38\x36\x36\x37\x63\x2d\x37\x2e\x33\x33\x38\
\x36\x36\x37\x2d\x32\x39\x2e\x32\x36\x39\x33\x33\x33\x2d\x32\x31\
\x2e\x39\x33\x30\x36\x36\x37\x2d\x36\x35\x2e\x38\x33\x34\x36\x36\
\x37\x2d\x32\x39\x2e\x32\x36\x39\x33\x33\x33\x2d\x31\x30\x32\x2e\
\x34\x68\x37\x33\x2e\x31\x33\x30\x36\x36\x36\x63\x32\x31\x2e\x39\
\x33\x30\x36\x36\x37\x20\x37\x33\x2e\x31\x33\x30\x36\x36\x37\x20\
\x35\x31\x2e\x32\x20\x31\x33\x31\x2e\x36\x32\x36\x36\x36\x37\x20\
\x37\x33\x2e\x31\x37\x33\x33\x33\x34\x20\x31\x33\x31\x2e\x36\x32\
\x36\x36\x36\x37\x20\x32\x31\x2e\x39\x33\x30\x36\x36\x37\x20\x30\
\x20\x35\x31\x2e\x32\x2d\x35\x38\x2e\x35\x33\x38\x36\x36\x37\x20\
\x37\x33\x2e\x31\x33\x30\x36\x36\x36\x2d\x31\x33\x31\x2e\x36\x36\
\x39\x33\x33\x33\x68\x37\x33\x2e\x31\x37\x33\x33\x33\x34\x63\x2d\
\x37\x2e\x33\x33\x38\x36\x36\x37\x20\x33\x36\x2e\x36\x30\x38\x2d\
\x31\x34\x2e\x36\x37\x37\x33\x33\x33\x20\x37\x33\x2e\x31\x37\x33\
\x33\x33\x33\x2d\x32\x39\x2e\x33\x31\x32\x20\x31\x30\x32\x2e\x34\
\x6c\x37\x2e\x33\x33\x38\x36\x36\x36\x20\x37\x2e\x33\x38\x31\x33\
\x33\x33\x63\x35\x38\x2e\x35\x33\x38\x36\x36\x37\x2d\x32\x31\x2e\
\x39\x37\x33\x33\x33\x33\x20\x31\x31\x37\x2e\x30\x33\x34\x36\x36\
\x37\x2d\x36\x35\x2e\x38\x33\x34\x36\x36\x37\x20\x31\x36\x30\x2e\
\x38\x39\x36\x2d\x31\x31\x37\x2e\x30\x37\x37\x33\x33\x33\x68\x38\
\x37\x2e\x37\x36\x35\x33\x33\x34\x7a\x4d\x35\x38\x34\x2e\x30\x32\
\x31\x33\x33\x33\x20\x33\x37\x31\x2e\x33\x37\x30\x36\x36\x37\x63\
\x31\x34\x2e\x30\x33\x37\x33\x33\x33\x20\x30\x20\x32\x38\x2e\x31\
\x36\x20\x31\x2e\x33\x36\x35\x33\x33\x33\x20\x34\x32\x2e\x34\x39\
\x36\x20\x34\x2e\x31\x33\x38\x36\x36\x36\x20\x31\x34\x2e\x32\x39\
\x33\x33\x33\x33\x20\x32\x2e\x37\x33\x30\x36\x36\x37\x20\x32\x36\
\x2e\x30\x36\x39\x33\x33\x33\x20\x36\x2e\x32\x37\x32\x20\x33\x35\
\x2e\x33\x37\x30\x36\x36\x37\x20\x31\x30\x2e\x35\x33\x38\x36\x36\
\x37\x76\x34\x36\x2e\x36\x33\x34\x36\x36\x37\x63\x2d\x32\x35\x2e\
\x33\x34\x34\x2d\x39\x2e\x33\x30\x31\x33\x33\x33\x2d\x34\x38\x2e\
\x38\x39\x36\x2d\x31\x33\x2e\x39\x35\x32\x2d\x37\x30\x2e\x37\x34\
\x31\x33\x33\x33\x2d\x31\x33\x2e\x39\x35\x32\x2d\x32\x36\x2e\x30\
\x32\x36\x36\x36\x37\x20\x30\x2d\x34\x37\x2e\x32\x37\x34\x36\x36\
\x37\x20\x37\x2e\x36\x38\x2d\x36\x33\x2e\x35\x37\x33\x33\x33\x34\
\x20\x32\x32\x2e\x39\x35\x34\x36\x36\x36\x2d\x31\x36\x2e\x30\x34\
\x32\x36\x36\x37\x20\x31\x35\x2e\x33\x36\x2d\x32\x34\x2e\x30\x36\
\x34\x20\x33\x38\x2e\x35\x32\x38\x2d\x32\x34\x2e\x30\x36\x34\x20\
\x36\x39\x2e\x35\x38\x39\x33\x33\x34\x20\x30\x20\x31\x36\x2e\x35\
\x35\x34\x36\x36\x37\x20\x34\x2e\x30\x31\x30\x36\x36\x37\x20\x33\
\x31\x2e\x32\x37\x34\x36\x36\x37\x20\x31\x32\x2e\x30\x33\x32\x20\
\x34\x34\x2e\x30\x37\x34\x36\x36\x36\x20\x38\x2e\x30\x32\x31\x33\
\x33\x33\x20\x31\x32\x2e\x35\x30\x31\x33\x33\x33\x20\x31\x38\x2e\
\x35\x36\x20\x32\x32\x2e\x33\x31\x34\x36\x36\x37\x20\x33\x31\x2e\
\x35\x37\x33\x33\x33\x34\x20\x32\x39\x2e\x33\x31\x32\x61\x31\x30\
\x32\x2e\x34\x20\x31\x30\x32\x2e\x34\x20\x30\x20\x30\x20\x30\x20\
\x34\x32\x2e\x31\x39\x37\x33\x33\x33\x20\x31\x32\x2e\x30\x33\x32\
\x6c\x38\x2e\x32\x33\x34\x36\x36\x37\x20\x30\x2e\x34\x32\x36\x36\
\x36\x37\x63\x31\x31\x2e\x35\x32\x20\x30\x20\x32\x32\x2e\x39\x35\
\x34\x36\x36\x37\x2d\x31\x2e\x37\x30\x36\x36\x36\x37\x20\x33\x34\
\x2e\x32\x36\x31\x33\x33\x33\x2d\x34\x2e\x39\x34\x39\x33\x33\x33\
\x20\x31\x31\x2e\x32\x36\x34\x2d\x33\x2e\x32\x34\x32\x36\x36\x37\
\x20\x32\x31\x2e\x32\x39\x30\x36\x36\x37\x2d\x37\x2e\x36\x38\x20\
\x33\x30\x2e\x30\x38\x2d\x31\x33\x2e\x31\x38\x34\x76\x35\x31\x2e\
\x39\x32\x35\x33\x33\x33\x63\x2d\x31\x30\x2e\x37\x39\x34\x36\x36\
\x37\x20\x35\x2e\x30\x33\x34\x36\x36\x37\x2d\x32\x32\x2e\x33\x35\
\x37\x33\x33\x33\x20\x38\x2e\x35\x33\x33\x33\x33\x33\x2d\x33\x34\
\x2e\x36\x34\x35\x33\x33\x33\x20\x31\x30\x2e\x35\x33\x38\x36\x36\
\x37\x2d\x31\x32\x2e\x30\x33\x32\x20\x32\x2e\x30\x30\x35\x33\x33\
\x33\x2d\x32\x35\x2e\x38\x31\x33\x33\x33\x33\x20\x32\x2e\x39\x38\
\x36\x36\x36\x37\x2d\x34\x31\x2e\x33\x38\x36\x36\x36\x37\x20\x32\
\x2e\x39\x38\x36\x36\x36\x36\x2d\x32\x38\x2e\x35\x38\x36\x36\x36\
\x37\x20\x30\x2d\x35\x34\x2e\x30\x35\x38\x36\x36\x37\x2d\x35\x2e\
\x32\x34\x38\x2d\x37\x36\x2e\x33\x37\x33\x33\x33\x33\x2d\x31\x35\
\x2e\x37\x38\x36\x36\x36\x36\x61\x31\x32\x33\x2e\x39\x38\x39\x33\
\x33\x33\x20\x31\x32\x33\x2e\x39\x38\x39\x33\x33\x33\x20\x30\x20\
\x30\x20\x31\x2d\x35\x32\x2e\x32\x36\x36\x36\x36\x37\x2d\x34\x35\
\x2e\x38\x36\x36\x36\x36\x37\x63\x2d\x31\x32\x2e\x35\x34\x34\x2d\
\x32\x30\x2e\x30\x35\x33\x33\x33\x33\x2d\x31\x38\x2e\x37\x37\x33\
\x33\x33\x33\x2d\x34\x33\x2e\x39\x30\x34\x2d\x31\x38\x2e\x37\x37\
\x33\x33\x33\x33\x2d\x37\x31\x2e\x35\x30\x39\x33\x33\x33\x20\x30\
\x2d\x32\x39\x2e\x30\x35\x36\x20\x36\x2e\x31\x30\x31\x33\x33\x33\
\x2d\x35\x34\x2e\x30\x35\x38\x36\x36\x37\x20\x31\x38\x2e\x33\x38\
\x39\x33\x33\x33\x2d\x37\x34\x2e\x38\x38\x20\x31\x32\x2e\x32\x38\
\x38\x2d\x32\x31\x2e\x30\x33\x34\x36\x36\x37\x20\x32\x39\x2e\x34\
\x38\x32\x36\x36\x37\x2d\x33\x37\x2e\x30\x37\x37\x33\x33\x33\x20\
\x35\x31\x2e\x35\x34\x31\x33\x33\x33\x2d\x34\x38\x2e\x30\x38\x35\
\x33\x33\x34\x20\x32\x32\x2e\x30\x35\x38\x36\x36\x37\x2d\x31\x31\
\x2e\x33\x30\x36\x36\x36\x37\x20\x34\x37\x2e\x32\x37\x34\x36\x36\
\x37\x2d\x31\x36\x2e\x39\x33\x38\x36\x36\x37\x20\x37\x35\x2e\x36\
\x34\x38\x2d\x31\x36\x2e\x39\x33\x38\x36\x36\x36\x7a\x4d\x32\x33\
\x32\x2e\x31\x39\x32\x20\x35\x36\x34\x2e\x36\x39\x33\x33\x33\x33\
\x6c\x30\x2e\x37\x36\x38\x20\x33\x2e\x38\x34\x20\x30\x2e\x37\x36\
\x38\x2d\x33\x2e\x38\x34\x20\x33\x35\x2e\x37\x31\x32\x2d\x31\x38\
\x38\x2e\x34\x35\x38\x36\x36\x36\x68\x31\x30\x37\x2e\x39\x34\x36\
\x36\x36\x37\x76\x32\x36\x33\x2e\x33\x33\x38\x36\x36\x36\x68\x2d\
\x35\x39\x2e\x37\x33\x33\x33\x33\x34\x56\x34\x32\x32\x2e\x39\x31\
\x32\x68\x2d\x33\x2e\x30\x37\x32\x4c\x32\x36\x39\x2e\x34\x34\x20\
\x36\x33\x39\x2e\x35\x37\x33\x33\x33\x33\x68\x2d\x37\x32\x2e\x39\
\x36\x6c\x2d\x34\x34\x2e\x38\x2d\x32\x31\x36\x2e\x36\x36\x31\x33\
\x33\x33\x68\x2d\x33\x2e\x33\x32\x38\x76\x32\x31\x36\x2e\x36\x36\
\x31\x33\x33\x33\x48\x38\x38\x2e\x34\x39\x30\x36\x36\x37\x56\x33\
\x37\x36\x2e\x32\x33\x34\x36\x36\x37\x68\x31\x30\x37\x2e\x39\x34\
\x36\x36\x36\x36\x6c\x33\x35\x2e\x37\x35\x34\x36\x36\x37\x20\x31\
\x38\x38\x2e\x34\x35\x38\x36\x36\x36\x7a\x4d\x38\x35\x32\x2e\x36\
\x39\x33\x33\x33\x33\x20\x33\x37\x36\x2e\x32\x33\x34\x36\x36\x37\
\x63\x32\x37\x2e\x36\x30\x35\x33\x33\x33\x20\x30\x20\x34\x39\x2e\
\x32\x38\x20\x37\x2e\x34\x32\x34\x20\x36\x35\x2e\x31\x30\x39\x33\
\x33\x34\x20\x32\x32\x2e\x31\x38\x36\x36\x36\x36\x20\x31\x36\x2e\
\x30\x34\x32\x36\x36\x37\x20\x31\x34\x2e\x38\x34\x38\x20\x32\x34\
\x2e\x30\x32\x31\x33\x33\x33\x20\x33\x35\x2e\x39\x32\x35\x33\x33\
\x33\x20\x32\x34\x2e\x30\x32\x31\x33\x33\x33\x20\x36\x33\x2e\x32\
\x33\x32\x20\x30\x20\x32\x37\x2e\x30\x39\x33\x33\x33\x33\x2d\x37\
\x2e\x39\x37\x38\x36\x36\x37\x20\x34\x38\x2d\x32\x34\x2e\x30\x32\
\x31\x33\x33\x33\x20\x36\x32\x2e\x38\x30\x35\x33\x33\x34\x2d\x31\
\x35\x2e\x37\x38\x36\x36\x36\x37\x20\x31\x34\x2e\x38\x30\x35\x33\
\x33\x33\x2d\x33\x37\x2e\x35\x34\x36\x36\x36\x37\x20\x32\x32\x2e\
\x31\x38\x36\x36\x36\x37\x2d\x36\x35\x2e\x31\x30\x39\x33\x33\x34\
\x20\x32\x32\x2e\x31\x38\x36\x36\x36\x36\x68\x2d\x36\x33\x2e\x39\
\x35\x37\x33\x33\x33\x76\x39\x32\x2e\x39\x32\x38\x68\x2d\x36\x32\
\x2e\x30\x38\x56\x33\x37\x36\x2e\x32\x33\x34\x36\x36\x37\x68\x31\
\x32\x36\x2e\x30\x33\x37\x33\x33\x33\x7a\x20\x6d\x2d\x36\x33\x2e\
\x39\x35\x37\x33\x33\x33\x20\x31\x32\x30\x2e\x37\x34\x36\x36\x36\
\x36\x68\x35\x38\x2e\x32\x38\x32\x36\x36\x37\x63\x31\x32\x2e\x35\
\x34\x34\x20\x30\x20\x32\x32\x2e\x31\x38\x36\x36\x36\x37\x2d\x33\
\x2e\x34\x31\x33\x33\x33\x33\x20\x32\x39\x2e\x30\x31\x33\x33\x33\
\x33\x2d\x31\x30\x2e\x31\x35\x34\x36\x36\x36\x61\x33\x34\x2e\x31\
\x37\x36\x20\x33\x34\x2e\x31\x37\x36\x20\x30\x20\x30\x20\x30\x20\
\x31\x30\x2e\x31\x35\x34\x36\x36\x37\x2d\x32\x35\x2e\x31\x37\x33\
\x33\x33\x34\x63\x30\x2d\x31\x30\x2e\x32\x34\x2d\x33\x2e\x34\x31\
\x33\x33\x33\x33\x2d\x31\x38\x2e\x37\x37\x33\x33\x33\x33\x2d\x31\
\x30\x2e\x31\x39\x37\x33\x33\x34\x2d\x32\x35\x2e\x36\x2d\x36\x2e\
\x37\x38\x34\x2d\x36\x2e\x37\x34\x31\x33\x33\x33\x2d\x31\x36\x2e\
\x34\x32\x36\x36\x36\x37\x2d\x31\x30\x2e\x31\x35\x34\x36\x36\x37\
\x2d\x32\x38\x2e\x39\x32\x38\x2d\x31\x30\x2e\x31\x35\x34\x36\x36\
\x36\x68\x2d\x35\x38\x2e\x33\x32\x35\x33\x33\x33\x76\x37\x31\x2e\
\x30\x38\x32\x36\x36\x36\x7a\x4d\x35\x31\x32\x2e\x30\x34\x32\x36\
\x36\x37\x20\x37\x33\x2e\x31\x33\x30\x36\x36\x37\x63\x31\x35\x33\
\x2e\x36\x20\x30\x20\x32\x39\x32\x2e\x35\x36\x35\x33\x33\x33\x20\
\x38\x30\x2e\x34\x36\x39\x33\x33\x33\x20\x33\x37\x32\x2e\x39\x39\
\x32\x20\x32\x30\x34\x2e\x38\x68\x2d\x39\x35\x2e\x30\x36\x31\x33\
\x33\x34\x63\x2d\x33\x36\x2e\x36\x30\x38\x2d\x35\x31\x2e\x32\x2d\
\x39\x35\x2e\x31\x30\x34\x2d\x38\x37\x2e\x37\x32\x32\x36\x36\x37\
\x2d\x31\x35\x33\x2e\x36\x2d\x31\x30\x39\x2e\x36\x35\x33\x33\x33\
\x34\x6c\x2d\x37\x2e\x33\x33\x38\x36\x36\x36\x20\x37\x2e\x32\x35\
\x33\x33\x33\x34\x63\x37\x2e\x33\x33\x38\x36\x36\x37\x20\x32\x39\
\x2e\x32\x36\x39\x33\x33\x33\x20\x32\x31\x2e\x39\x37\x33\x33\x33\
\x33\x20\x36\x35\x2e\x38\x33\x34\x36\x36\x37\x20\x32\x39\x2e\x33\
\x31\x32\x20\x31\x30\x32\x2e\x34\x68\x2d\x37\x33\x2e\x31\x37\x33\
\x33\x33\x34\x43\x35\x36\x33\x2e\x32\x20\x32\x30\x34\x2e\x38\x38\
\x35\x33\x33\x33\x20\x35\x33\x33\x2e\x39\x37\x33\x33\x33\x33\x20\
\x31\x34\x36\x2e\x33\x34\x36\x36\x36\x37\x20\x35\x31\x32\x20\x31\
\x34\x36\x2e\x33\x34\x36\x36\x36\x37\x73\x2d\x35\x31\x2e\x32\x20\
\x35\x38\x2e\x34\x39\x36\x2d\x37\x33\x2e\x31\x37\x33\x33\x33\x33\
\x20\x31\x33\x31\x2e\x36\x36\x39\x33\x33\x33\x48\x33\x36\x35\x2e\
\x37\x33\x38\x36\x36\x37\x63\x37\x2e\x33\x33\x38\x36\x36\x37\x2d\
\x33\x36\x2e\x36\x30\x38\x20\x31\x34\x2e\x36\x33\x34\x36\x36\x37\
\x2d\x36\x35\x2e\x38\x37\x37\x33\x33\x33\x20\x32\x39\x2e\x32\x36\
\x39\x33\x33\x33\x2d\x31\x30\x32\x2e\x34\x6c\x2d\x37\x2e\x33\x33\
\x38\x36\x36\x37\x2d\x37\x2e\x33\x33\x38\x36\x36\x37\x63\x2d\x35\
\x38\x2e\x34\x39\x36\x20\x32\x31\x2e\x39\x37\x33\x33\x33\x33\x2d\
\x31\x31\x36\x2e\x39\x39\x32\x20\x36\x35\x2e\x38\x33\x34\x36\x36\
\x37\x2d\x31\x36\x30\x2e\x38\x35\x33\x33\x33\x33\x20\x31\x31\x37\
\x2e\x30\x33\x34\x36\x36\x37\x48\x31\x33\x38\x2e\x39\x36\x35\x33\
\x33\x33\x43\x32\x31\x39\x2e\x34\x37\x37\x33\x33\x33\x20\x31\x35\
\x33\x2e\x36\x20\x33\x35\x38\x2e\x34\x20\x37\x33\x2e\x31\x33\x30\
\x36\x36\x37\x20\x35\x31\x32\x20\x37\x33\x2e\x31\x33\x30\x36\x36\
\x37\x7a\x22\x20\x70\x2d\x69\x64\x3d\x22\x35\x31\x31\x32\x22\x20\
\x66\x69\x6c\x6c\x3d\x22\x23\x33\x33\x33\x33\x33\x33\x22\x3e\x3c\
\x2f\x70\x61\x74\x68\x3e\x3c\x2f\x73\x76\x67\x3e\
\x00\x00\x03\xf8\
\x3c\
\x3f\x78\x6d\x6c\x20\x76\x65\x72\x73\x69\x6f\x6e\x3d\x22\x31\x2e\
\x30\x22\x20\x73\x74\x61\x6e\x64\x61\x6c\x6f\x6e\x65\x3d\x22\x6e\
\x6f\x22\x3f\x3e\x3c\x21\x44\x4f\x43\x54\x59\x50\x45\x20\x73\x76\
\x67\x20\x50\x55\x42\x4c\x49\x43\x20\x22\x2d\x2f\x2f\x57\x33\x43\
\x2f\x2f\x44\x54\x44\x20\x53\x56\x47\x20\x31\x2e\x31\x2f\x2f\x45\
\x4e\x22\x20\x22\x68\x74\x74\x70\x3a\x2f\x2f\x77\x77\x77\x2e\x77\
\x33\x2e\x6f\x72\x67\x2f\x47\x72\x61\x70\x68\x69\x63\x73\x2f\x53\
\x56\x47\x2f\x31\x2e\x31\x2f\x44\x54\x44\x2f\x73\x76\x67\x31\x31\
\x2e\x64\x74\x64\x22\x3e\x3c\x73\x76\x67\x20\x74\x3d\x22\x31\x37\
\x37\x39\x31\x30\x35\x31\x37\x34\x35\x32\x33\x22\x20\x63\x6c\x61\
\x73\x73\x3d\x22\x69\x63\x6f\x6e\x22\x20\x76\x69\x65\x77\x42\x6f\
\x78\x3d\x22\x30\x20\x30\x20\x31\x30\x32\x34\x20\x31\x30\x32\x34\
\x22\x20\x76\x65\x72\x73\x69\x6f\x6e\x3d\x22\x31\x2e\x31\x22\x20\
\x78\x6d\x6c\x6e\x73\x3d\x22\x68\x74\x74\x70\x3a\x2f\x2f\x77\x77\
\x77\x2e\x77\x33\x2e\x6f\x72\x67\x2f\x32\x30\x30\x30\x2f\x73\x76\
\x67\x22\x20\x70\x2d\x69\x64\x3d\x22\x36\x35\x31\x36\x22\x20\x78\
\x6d\x6c\x6e\x73\x3a\x78\x6c\x69\x6e\x6b\x3d\x22\x68\x74\x74\x70\
\x3a\x2f\x2f\x77\x77\x77\x2e\x77\x33\x2e\x6f\x72\x67\x2f\x31\x39\
\x39\x39\x2f\x78\x6c\x69\x6e\x6b\x22\x20\x77\x69\x64\x74\x68\x3d\
\x22\x32\x30\x30\x22\x20\x68\x65\x69\x67\x68\x74\x3d\x22\x32\x30\
\x30\x22\x3e\x3c\x70\x61\x74\x68\x20\x64\x3d\x22\x4d\x32\x33\x39\
\x2e\x38\x20\x35\x36\x31\x2e\x35\x76\x32\x36\x32\x2e\x33\x63\x30\
\x2e\x34\x20\x33\x32\x2e\x34\x20\x31\x33\x2e\x35\x20\x34\x35\x2e\
\x36\x20\x34\x39\x2e\x33\x20\x34\x32\x2e\x36\x68\x31\x36\x2e\x31\
\x76\x32\x32\x2e\x34\x48\x39\x38\x2e\x39\x76\x2d\x32\x32\x2e\x34\
\x68\x32\x32\x2e\x38\x63\x32\x39\x2e\x39\x20\x31\x2e\x35\x20\x34\
\x34\x2e\x38\x2d\x31\x32\x2e\x37\x20\x34\x34\x2e\x38\x2d\x34\x32\
\x2e\x36\x56\x35\x36\x31\x2e\x35\x48\x39\x34\x2e\x34\x63\x2d\x33\
\x38\x2e\x39\x20\x30\x2d\x35\x37\x2e\x35\x20\x31\x35\x2d\x36\x30\
\x2e\x35\x20\x36\x37\x2e\x33\x48\x39\x2e\x33\x6c\x31\x31\x2e\x32\
\x2d\x31\x30\x37\x2e\x36\x68\x31\x37\x2e\x39\x63\x33\x20\x34\x2e\
\x35\x20\x36\x2e\x37\x20\x37\x2e\x35\x20\x31\x31\x2e\x32\x20\x39\
\x20\x33\x20\x33\x20\x38\x2e\x32\x20\x33\x2e\x37\x20\x31\x35\x2e\
\x37\x20\x32\x2e\x32\x68\x32\x37\x33\x2e\x35\x63\x31\x30\x2e\x35\
\x20\x31\x2e\x35\x20\x31\x39\x2e\x34\x2d\x32\x2e\x32\x20\x32\x36\
\x2e\x39\x2d\x31\x31\x2e\x32\x68\x32\x30\x2e\x32\x6c\x39\x20\x31\
\x30\x37\x2e\x36\x68\x2d\x32\x32\x2e\x34\x63\x2d\x34\x2e\x35\x2d\
\x35\x32\x2e\x33\x2d\x31\x36\x2d\x36\x37\x2e\x33\x2d\x36\x32\x2e\
\x38\x2d\x36\x37\x2e\x33\x68\x2d\x36\x39\x2e\x39\x7a\x22\x20\x70\
\x2d\x69\x64\x3d\x22\x36\x35\x31\x37\x22\x20\x66\x69\x6c\x6c\x3d\
\x22\x23\x33\x33\x33\x33\x33\x33\x22\x3e\x3c\x2f\x70\x61\x74\x68\
\x3e\x3c\x70\x61\x74\x68\x20\x64\x3d\x22\x4d\x36\x38\x36\x2e\x38\
\x20\x31\x38\x35\x2e\x35\x76\x35\x36\x33\x2e\x36\x63\x30\x2e\x38\
\x20\x36\x39\x2e\x37\x20\x32\x38\x2e\x39\x20\x39\x38\x20\x31\x30\
\x36\x20\x39\x31\x2e\x35\x68\x33\x34\x2e\x35\x76\x34\x38\x2e\x32\
\x48\x33\x38\x34\x2e\x31\x76\x2d\x34\x38\x2e\x32\x68\x34\x39\x63\
\x36\x34\x2e\x32\x20\x33\x2e\x32\x20\x39\x36\x2e\x33\x2d\x32\x37\
\x2e\x33\x20\x39\x36\x2e\x33\x2d\x39\x31\x2e\x35\x56\x31\x38\x35\
\x2e\x35\x48\x33\x37\x34\x2e\x35\x63\x2d\x38\x33\x2e\x36\x20\x30\
\x2d\x31\x32\x33\x2e\x36\x20\x33\x32\x2e\x31\x2d\x31\x33\x30\x2e\
\x31\x20\x31\x34\x34\x2e\x35\x68\x2d\x35\x33\x6c\x32\x34\x2e\x31\
\x2d\x32\x33\x31\x2e\x32\x48\x32\x35\x34\x63\x36\x2e\x34\x20\x39\
\x2e\x36\x20\x31\x34\x2e\x34\x20\x31\x36\x2e\x31\x20\x32\x34\x2e\
\x31\x20\x31\x39\x2e\x33\x20\x36\x2e\x34\x20\x36\x2e\x34\x20\x31\
\x37\x2e\x37\x20\x38\x20\x33\x33\x2e\x37\x20\x34\x2e\x38\x68\x35\
\x38\x37\x2e\x37\x63\x32\x32\x2e\x35\x20\x33\x2e\x32\x20\x34\x31\
\x2e\x37\x2d\x34\x2e\x38\x20\x35\x37\x2e\x38\x2d\x32\x34\x2e\x31\
\x68\x34\x33\x2e\x33\x4c\x31\x30\x32\x30\x20\x33\x33\x30\x68\x2d\
\x34\x38\x2e\x32\x63\x2d\x39\x2e\x36\x2d\x31\x31\x32\x2e\x34\x2d\
\x33\x34\x2e\x34\x2d\x31\x34\x34\x2e\x35\x2d\x31\x33\x34\x2e\x39\
\x2d\x31\x34\x34\x2e\x35\x48\x36\x38\x36\x2e\x38\x7a\x22\x20\x70\
\x2d\x69\x64\x3d\x22\x36\x35\x31\x38\x22\x20\x66\x69\x6c\x6c\x3d\
\x22\x23\x33\x33\x33\x33\x33\x33\x22\x3e\x3c\x2f\x70\x61\x74\x68\
\x3e\x3c\x2f\x73\x76\x67\x3e\
\x00\x00\x0c\xe2\
\x3c\
\x3f\x78\x6d\x6c\x20\x76\x65\x72\x73\x69\x6f\x6e\x3d\x22\x31\x2e\
\x30\x22\x20\x73\x74\x61\x6e\x64\x61\x6c\x6f\x6e\x65\x3d\x22\x6e\
\x6f\x22\x3f\x3e\x3c\x21\x44\x4f\x43\x54\x59\x50\x45\x20\x73\x76\
\x67\x20\x50\x55\x42\x4c\x49\x43\x20\x22\x2d\x2f\x2f\x57\x33\x43\
\x2f\x2f\x44\x54\x44\x20\x53\x56\x47\x20\x31\x2e\x31\x2f\x2f\x45\
\x4e\x22\x20\x22\x68\x74\x74\x70\x3a\x2f\x2f\x77\x77\x77\x2e\x77\
\x33\x2e\x6f\x72\x67\x2f\x47\x72\x61\x70\x68\x69\x63\x73\x2f\x53\
\x56\x47\x2f\x31\x2e\x31\x2f\x44\x54\x44\x2f\x73\x76\x67\x31\x31\
\x2e\x64\x74\x64\x22\x3e\x3c\x73\x76\x67\x20\x74\x3d\x22\x31\x37\
\x37\x39\x31\x39\x38\x34\x31\x35\x36\x37\x30\x22\x20\x63\x6c\x61\
\x73\x73\x3d\x22\x69\x63\x6f\x6e\x22\x20\x76\x69\x65\x77\x42\x6f\
\x78\x3d\x22\x30\x20\x30\x20\x31\x30\x32\x34\x20\x31\x30\x32\x34\
\x22\x20\x76\x65\x72\x73\x69\x6f\x6e\x3d\x22\x31\x2e\x31\x22\x20\
\x78\x6d\x6c\x6e\x73\x3d\x22\x68\x74\x74\x70\x3a\x2f\x2f\x77\x77\
\x77\x2e\x77\x33\x2e\x6f\x72\x67\x2f\x32\x30\x30\x30\x2f\x73\x76\
\x67\x22\x20\x70\x2d\x69\x64\x3d\x22\x35\x39\x32\x38\x22\x20\x78\
\x6d\x6c\x6e\x73\x3a\x78\x6c\x69\x6e\x6b\x3d\x22\x68\x74\x74\x70\
\x3a\x2f\x2f\x77\x77\x77\x2e\x77\x33\x2e\x6f\x72\x67\x2f\x31\x39\
\x39\x39\x2f\x78\x6c\x69\x6e\x6b\x22\x20\x77\x69\x64\x74\x68\x3d\
\x22\x32\x30\x30\x22\x20\x68\x65\x69\x67\x68\x74\x3d\x22\x32\x30\
\x30\x22\x3e\x3c\x70\x61\x74\x68\x20\x64\x3d\x22\x4d\x31\x30\x36\
\x2e\x36\x36\x36\x36\x36\x37\x20\x34\x36\x39\x2e\x33\x33\x33\x33\
\x33\x33\x63\x30\x2d\x31\x30\x30\x2e\x32\x36\x36\x36\x36\x37\x20\
\x34\x36\x2e\x39\x33\x33\x33\x33\x33\x2d\x31\x38\x37\x2e\x37\x33\
\x33\x33\x33\x33\x20\x31\x31\x37\x2e\x33\x33\x33\x33\x33\x33\x2d\
\x32\x34\x37\x2e\x34\x36\x36\x36\x36\x36\x20\x31\x30\x2e\x36\x36\
\x36\x36\x36\x37\x2d\x38\x2e\x35\x33\x33\x33\x33\x33\x20\x31\x32\
\x2e\x38\x2d\x32\x33\x2e\x34\x36\x36\x36\x36\x37\x20\x38\x2e\x35\
\x33\x33\x33\x33\x33\x2d\x33\x36\x2e\x32\x36\x36\x36\x36\x37\x2d\
\x38\x2e\x35\x33\x33\x33\x33\x33\x2d\x31\x39\x2e\x32\x2d\x33\x32\
\x2d\x32\x35\x2e\x36\x2d\x34\x39\x2e\x30\x36\x36\x36\x36\x36\x2d\
\x31\x32\x2e\x38\x43\x39\x38\x2e\x31\x33\x33\x33\x33\x33\x20\x32\
\x34\x33\x2e\x32\x20\x34\x32\x2e\x36\x36\x36\x36\x36\x37\x20\x33\
\x34\x39\x2e\x38\x36\x36\x36\x36\x37\x20\x34\x32\x2e\x36\x36\x36\
\x36\x36\x37\x20\x34\x36\x39\x2e\x33\x33\x33\x33\x33\x33\x63\x30\
\x20\x31\x31\x37\x2e\x33\x33\x33\x33\x33\x33\x20\x35\x31\x2e\x32\
\x20\x32\x31\x39\x2e\x37\x33\x33\x33\x33\x33\x20\x31\x33\x34\x2e\
\x34\x20\x32\x39\x30\x2e\x31\x33\x33\x33\x33\x34\x20\x31\x34\x2e\
\x39\x33\x33\x33\x33\x33\x20\x31\x32\x2e\x38\x20\x34\x30\x2e\x35\
\x33\x33\x33\x33\x33\x20\x38\x2e\x35\x33\x33\x33\x33\x33\x20\x34\
\x39\x2e\x30\x36\x36\x36\x36\x36\x2d\x31\x32\x2e\x38\x20\x36\x2e\
\x34\x2d\x31\x32\x2e\x38\x20\x32\x2e\x31\x33\x33\x33\x33\x33\x2d\
\x32\x37\x2e\x37\x33\x33\x33\x33\x33\x2d\x38\x2e\x35\x33\x33\x33\
\x33\x33\x2d\x33\x36\x2e\x32\x36\x36\x36\x36\x37\x43\x31\x34\x39\
\x2e\x33\x33\x33\x33\x33\x33\x20\x36\x35\x32\x2e\x38\x20\x31\x30\
\x36\x2e\x36\x36\x36\x36\x36\x37\x20\x35\x36\x35\x2e\x33\x33\x33\
\x33\x33\x33\x20\x31\x30\x36\x2e\x36\x36\x36\x36\x36\x37\x20\x34\
\x36\x39\x2e\x33\x33\x33\x33\x33\x33\x7a\x22\x20\x70\x2d\x69\x64\
\x3d\x22\x35\x39\x32\x39\x22\x20\x66\x69\x6c\x6c\x3d\x22\x23\x33\
\x33\x33\x33\x33\x33\x22\x3e\x3c\x2f\x70\x61\x74\x68\x3e\x3c\x70\
\x61\x74\x68\x20\x64\x3d\x22\x4d\x32\x31\x33\x2e\x33\x33\x33\x33\
\x33\x33\x20\x34\x36\x39\x2e\x33\x33\x33\x33\x33\x33\x63\x30\x2d\
\x35\x37\x2e\x36\x20\x32\x31\x2e\x33\x33\x33\x33\x33\x33\x2d\x31\
\x30\x38\x2e\x38\x20\x35\x37\x2e\x36\x2d\x31\x34\x37\x2e\x32\x20\
\x38\x2e\x35\x33\x33\x33\x33\x33\x2d\x38\x2e\x35\x33\x33\x33\x33\
\x33\x20\x31\x30\x2e\x36\x36\x36\x36\x36\x37\x2d\x32\x33\x2e\x34\
\x36\x36\x36\x36\x37\x20\x36\x2e\x34\x2d\x33\x34\x2e\x31\x33\x33\
\x33\x33\x33\x2d\x38\x2e\x35\x33\x33\x33\x33\x33\x2d\x32\x31\x2e\
\x33\x33\x33\x33\x33\x33\x2d\x33\x36\x2e\x32\x36\x36\x36\x36\x37\
\x2d\x32\x35\x2e\x36\x2d\x35\x31\x2e\x32\x2d\x38\x2e\x35\x33\x33\
\x33\x33\x33\x43\x31\x37\x39\x2e\x32\x20\x33\x32\x38\x2e\x35\x33\
\x33\x33\x33\x33\x20\x31\x34\x39\x2e\x33\x33\x33\x33\x33\x33\x20\
\x33\x39\x34\x2e\x36\x36\x36\x36\x36\x37\x20\x31\x34\x39\x2e\x33\
\x33\x33\x33\x33\x33\x20\x34\x36\x39\x2e\x33\x33\x33\x33\x33\x33\
\x63\x30\x20\x37\x30\x2e\x34\x20\x32\x35\x2e\x36\x20\x31\x33\x34\
\x2e\x34\x20\x36\x38\x2e\x32\x36\x36\x36\x36\x37\x20\x31\x38\x33\
\x2e\x34\x36\x36\x36\x36\x37\x20\x31\x34\x2e\x39\x33\x33\x33\x33\
\x33\x20\x31\x37\x2e\x30\x36\x36\x36\x36\x37\x20\x34\x32\x2e\x36\
\x36\x36\x36\x36\x37\x20\x31\x32\x2e\x38\x20\x35\x33\x2e\x33\x33\
\x33\x33\x33\x33\x2d\x38\x2e\x35\x33\x33\x33\x33\x33\x20\x34\x2e\
\x32\x36\x36\x36\x36\x37\x2d\x31\x30\x2e\x36\x36\x36\x36\x36\x37\
\x20\x32\x2e\x31\x33\x33\x33\x33\x33\x2d\x32\x33\x2e\x34\x36\x36\
\x36\x36\x37\x2d\x34\x2e\x32\x36\x36\x36\x36\x36\x2d\x33\x32\x2d\
\x33\x34\x2e\x31\x33\x33\x33\x33\x33\x2d\x34\x30\x2e\x35\x33\x33\
\x33\x33\x33\x2d\x35\x33\x2e\x33\x33\x33\x33\x33\x33\x2d\x38\x39\
\x2e\x36\x2d\x35\x33\x2e\x33\x33\x33\x33\x33\x34\x2d\x31\x34\x32\
\x2e\x39\x33\x33\x33\x33\x34\x7a\x4d\x36\x34\x30\x20\x34\x35\x34\
\x2e\x34\x63\x31\x39\x2e\x32\x2d\x31\x32\x2e\x38\x20\x33\x38\x2e\
\x34\x2d\x32\x33\x2e\x34\x36\x36\x36\x36\x37\x20\x35\x39\x2e\x37\
\x33\x33\x33\x33\x33\x2d\x33\x32\x2d\x38\x2e\x35\x33\x33\x33\x33\
\x33\x2d\x35\x35\x2e\x34\x36\x36\x36\x36\x37\x2d\x33\x34\x2e\x31\
\x33\x33\x33\x33\x33\x2d\x31\x30\x34\x2e\x35\x33\x33\x33\x33\x33\
\x2d\x37\x32\x2e\x35\x33\x33\x33\x33\x33\x2d\x31\x34\x32\x2e\x39\
\x33\x33\x33\x33\x33\x2d\x31\x34\x2e\x39\x33\x33\x33\x33\x33\x2d\
\x31\x37\x2e\x30\x36\x36\x36\x36\x37\x2d\x34\x32\x2e\x36\x36\x36\
\x36\x36\x37\x2d\x31\x30\x2e\x36\x36\x36\x36\x36\x37\x2d\x35\x31\
\x2e\x32\x20\x38\x2e\x35\x33\x33\x33\x33\x33\x2d\x34\x2e\x32\x36\
\x36\x36\x36\x37\x20\x31\x30\x2e\x36\x36\x36\x36\x36\x37\x2d\x32\
\x2e\x31\x33\x33\x33\x33\x33\x20\x32\x35\x2e\x36\x20\x36\x2e\x34\
\x20\x33\x34\x2e\x31\x33\x33\x33\x33\x33\x20\x33\x32\x20\x33\x36\
\x2e\x32\x36\x36\x36\x36\x37\x20\x35\x33\x2e\x33\x33\x33\x33\x33\
\x33\x20\x38\x31\x2e\x30\x36\x36\x36\x36\x37\x20\x35\x37\x2e\x36\
\x20\x31\x33\x32\x2e\x32\x36\x36\x36\x36\x37\x7a\x4d\x37\x34\x30\
\x2e\x32\x36\x36\x36\x36\x37\x20\x34\x30\x39\x2e\x36\x63\x31\x34\
\x2e\x39\x33\x33\x33\x33\x33\x2d\x32\x2e\x31\x33\x33\x33\x33\x33\
\x20\x33\x32\x2d\x34\x2e\x32\x36\x36\x36\x36\x37\x20\x34\x39\x2e\
\x30\x36\x36\x36\x36\x36\x2d\x34\x2e\x32\x36\x36\x36\x36\x37\x68\
\x31\x37\x2e\x30\x36\x36\x36\x36\x37\x63\x2d\x31\x34\x2e\x39\x33\
\x33\x33\x33\x33\x2d\x39\x33\x2e\x38\x36\x36\x36\x36\x37\x2d\x36\
\x36\x2e\x31\x33\x33\x33\x33\x33\x2d\x31\x37\x37\x2e\x30\x36\x36\
\x36\x36\x37\x2d\x31\x33\x36\x2e\x35\x33\x33\x33\x33\x33\x2d\x32\
\x33\x34\x2e\x36\x36\x36\x36\x36\x36\x2d\x31\x37\x2e\x30\x36\x36\
\x36\x36\x37\x2d\x31\x32\x2e\x38\x2d\x34\x30\x2e\x35\x33\x33\x33\
\x33\x33\x2d\x36\x2e\x34\x2d\x34\x39\x2e\x30\x36\x36\x36\x36\x37\
\x20\x31\x32\x2e\x38\x2d\x36\x2e\x34\x20\x31\x32\x2e\x38\x2d\x32\
\x2e\x31\x33\x33\x33\x33\x33\x20\x32\x37\x2e\x37\x33\x33\x33\x33\
\x33\x20\x38\x2e\x35\x33\x33\x33\x33\x33\x20\x33\x36\x2e\x32\x36\
\x36\x36\x36\x36\x20\x35\x37\x2e\x36\x20\x34\x39\x2e\x30\x36\x36\
\x36\x36\x37\x20\x39\x38\x2e\x31\x33\x33\x33\x33\x33\x20\x31\x31\
\x35\x2e\x32\x20\x31\x31\x30\x2e\x39\x33\x33\x33\x33\x34\x20\x31\
\x38\x39\x2e\x38\x36\x36\x36\x36\x37\x7a\x4d\x35\x38\x34\x2e\x35\
\x33\x33\x33\x33\x33\x20\x34\x30\x33\x2e\x32\x63\x2d\x31\x30\x2e\
\x36\x36\x36\x36\x36\x37\x2d\x32\x35\x2e\x36\x2d\x34\x36\x2e\x39\
\x33\x33\x33\x33\x33\x2d\x32\x35\x2e\x36\x2d\x35\x37\x2e\x36\x20\
\x30\x76\x32\x2e\x31\x33\x33\x33\x33\x33\x63\x2d\x34\x2e\x32\x36\
\x36\x36\x36\x37\x20\x38\x2e\x35\x33\x33\x33\x33\x33\x2d\x34\x2e\
\x32\x36\x36\x36\x36\x37\x20\x31\x37\x2e\x30\x36\x36\x36\x36\x37\
\x20\x30\x20\x32\x33\x2e\x34\x36\x36\x36\x36\x37\x20\x36\x2e\x34\
\x20\x31\x32\x2e\x38\x20\x38\x2e\x35\x33\x33\x33\x33\x33\x20\x32\
\x35\x2e\x36\x20\x38\x2e\x35\x33\x33\x33\x33\x34\x20\x34\x30\x2e\
\x35\x33\x33\x33\x33\x33\x20\x30\x20\x31\x30\x2e\x36\x36\x36\x36\
\x36\x37\x2d\x32\x2e\x31\x33\x33\x33\x33\x33\x20\x32\x31\x2e\x33\
\x33\x33\x33\x33\x33\x2d\x34\x2e\x32\x36\x36\x36\x36\x37\x20\x33\
\x32\x2d\x32\x2e\x31\x33\x33\x33\x33\x33\x20\x36\x2e\x34\x2d\x32\
\x2e\x31\x33\x33\x33\x33\x33\x20\x31\x34\x2e\x39\x33\x33\x33\x33\
\x33\x20\x32\x2e\x31\x33\x33\x33\x33\x33\x20\x32\x31\x2e\x33\x33\
\x33\x33\x33\x34\x20\x36\x2e\x34\x20\x31\x34\x2e\x39\x33\x33\x33\
\x33\x33\x20\x31\x39\x2e\x32\x20\x31\x39\x2e\x32\x20\x33\x32\x20\
\x31\x39\x2e\x32\x20\x38\x2e\x35\x33\x33\x33\x33\x33\x2d\x31\x37\
\x2e\x30\x36\x36\x36\x36\x37\x20\x31\x39\x2e\x32\x2d\x33\x34\x2e\
\x31\x33\x33\x33\x33\x33\x20\x33\x32\x2d\x34\x36\x2e\x39\x33\x33\
\x33\x33\x34\x56\x34\x36\x39\x2e\x33\x33\x33\x33\x33\x33\x63\x30\
\x2d\x32\x33\x2e\x34\x36\x36\x36\x36\x37\x2d\x34\x2e\x32\x36\x36\
\x36\x36\x37\x2d\x34\x34\x2e\x38\x2d\x31\x32\x2e\x38\x2d\x36\x36\
\x2e\x31\x33\x33\x33\x33\x33\x7a\x22\x20\x70\x2d\x69\x64\x3d\x22\
\x35\x39\x33\x30\x22\x20\x66\x69\x6c\x6c\x3d\x22\x23\x33\x33\x33\
\x33\x33\x33\x22\x3e\x3c\x2f\x70\x61\x74\x68\x3e\x3c\x70\x61\x74\
\x68\x20\x64\x3d\x22\x4d\x33\x32\x34\x2e\x32\x36\x36\x36\x36\x37\
\x20\x35\x32\x32\x2e\x36\x36\x36\x36\x36\x37\x63\x32\x2e\x31\x33\
\x33\x33\x33\x33\x2d\x36\x2e\x34\x20\x34\x2e\x32\x36\x36\x36\x36\
\x37\x2d\x31\x34\x2e\x39\x33\x33\x33\x33\x33\x20\x32\x2e\x31\x33\
\x33\x33\x33\x33\x2d\x32\x31\x2e\x33\x33\x33\x33\x33\x34\x2d\x34\
\x2e\x32\x36\x36\x36\x36\x37\x2d\x31\x30\x2e\x36\x36\x36\x36\x36\
\x37\x2d\x36\x2e\x34\x2d\x32\x31\x2e\x33\x33\x33\x33\x33\x33\x2d\
\x36\x2e\x34\x2d\x33\x32\x20\x30\x2d\x31\x34\x2e\x39\x33\x33\x33\
\x33\x33\x20\x32\x2e\x31\x33\x33\x33\x33\x33\x2d\x32\x37\x2e\x37\
\x33\x33\x33\x33\x33\x20\x38\x2e\x35\x33\x33\x33\x33\x33\x2d\x34\
\x30\x2e\x35\x33\x33\x33\x33\x33\x20\x34\x2e\x32\x36\x36\x36\x36\
\x37\x2d\x38\x2e\x35\x33\x33\x33\x33\x33\x20\x32\x2e\x31\x33\x33\
\x33\x33\x33\x2d\x31\x37\x2e\x30\x36\x36\x36\x36\x37\x20\x30\x2d\
\x32\x33\x2e\x34\x36\x36\x36\x36\x37\x76\x2d\x32\x2e\x31\x33\x33\
\x33\x33\x33\x63\x2d\x31\x30\x2e\x36\x36\x36\x36\x36\x37\x2d\x32\
\x35\x2e\x36\x2d\x34\x36\x2e\x39\x33\x33\x33\x33\x33\x2d\x32\x35\
\x2e\x36\x2d\x35\x37\x2e\x36\x20\x30\x2d\x38\x2e\x35\x33\x33\x33\
\x33\x33\x20\x31\x39\x2e\x32\x2d\x31\x32\x2e\x38\x20\x34\x32\x2e\
\x36\x36\x36\x36\x36\x37\x2d\x31\x32\x2e\x38\x20\x36\x36\x2e\x31\
\x33\x33\x33\x33\x33\x20\x30\x20\x31\x37\x2e\x30\x36\x36\x36\x36\
\x37\x20\x32\x2e\x31\x33\x33\x33\x33\x33\x20\x33\x34\x2e\x31\x33\
\x33\x33\x33\x33\x20\x38\x2e\x35\x33\x33\x33\x33\x34\x20\x35\x31\
\x2e\x32\x20\x36\x2e\x34\x20\x32\x37\x2e\x37\x33\x33\x33\x33\x33\
\x20\x34\x34\x2e\x38\x20\x32\x39\x2e\x38\x36\x36\x36\x36\x37\x20\
\x35\x37\x2e\x36\x20\x32\x2e\x31\x33\x33\x33\x33\x34\x7a\x4d\x34\
\x36\x32\x2e\x39\x33\x33\x33\x33\x33\x20\x35\x32\x32\x2e\x36\x36\
\x36\x36\x36\x37\x63\x31\x37\x2e\x30\x36\x36\x36\x36\x37\x2d\x31\
\x32\x2e\x38\x20\x32\x37\x2e\x37\x33\x33\x33\x33\x33\x2d\x33\x32\
\x20\x32\x37\x2e\x37\x33\x33\x33\x33\x34\x2d\x35\x33\x2e\x33\x33\
\x33\x33\x33\x34\x20\x30\x2d\x33\x36\x2e\x32\x36\x36\x36\x36\x37\
\x2d\x32\x37\x2e\x37\x33\x33\x33\x33\x33\x2d\x36\x34\x2d\x36\x34\
\x2d\x36\x34\x73\x2d\x36\x34\x20\x32\x37\x2e\x37\x33\x33\x33\x33\
\x33\x2d\x36\x34\x20\x36\x34\x63\x30\x20\x32\x31\x2e\x33\x33\x33\
\x33\x33\x33\x20\x31\x30\x2e\x36\x36\x36\x36\x36\x37\x20\x34\x30\
\x2e\x35\x33\x33\x33\x33\x33\x20\x32\x37\x2e\x37\x33\x33\x33\x33\
\x33\x20\x35\x33\x2e\x33\x33\x33\x33\x33\x34\x6c\x2d\x39\x36\x20\
\x32\x37\x35\x2e\x32\x63\x2d\x38\x2e\x35\x33\x33\x33\x33\x33\x20\
\x32\x37\x2e\x37\x33\x33\x33\x33\x33\x20\x31\x32\x2e\x38\x20\x35\
\x35\x2e\x34\x36\x36\x36\x36\x37\x20\x34\x30\x2e\x35\x33\x33\x33\
\x33\x33\x20\x35\x35\x2e\x34\x36\x36\x36\x36\x36\x68\x31\x38\x33\
\x2e\x34\x36\x36\x36\x36\x37\x63\x32\x37\x2e\x37\x33\x33\x33\x33\
\x33\x20\x30\x20\x34\x39\x2e\x30\x36\x36\x36\x36\x37\x2d\x32\x37\
\x2e\x37\x33\x33\x33\x33\x33\x20\x34\x30\x2e\x35\x33\x33\x33\x33\
\x33\x2d\x35\x35\x2e\x34\x36\x36\x36\x36\x36\x6c\x2d\x39\x36\x2d\
\x32\x37\x35\x2e\x32\x7a\x4d\x37\x38\x39\x2e\x33\x33\x33\x33\x33\
\x33\x20\x34\x36\x39\x2e\x33\x33\x33\x33\x33\x33\x63\x2d\x31\x30\
\x36\x2e\x36\x36\x36\x36\x36\x37\x20\x30\x2d\x31\x39\x32\x20\x38\
\x35\x2e\x33\x33\x33\x33\x33\x33\x2d\x31\x39\x32\x20\x31\x39\x32\
\x73\x38\x35\x2e\x33\x33\x33\x33\x33\x33\x20\x31\x39\x32\x20\x31\
\x39\x32\x20\x31\x39\x32\x20\x31\x39\x32\x2d\x38\x35\x2e\x33\x33\
\x33\x33\x33\x33\x20\x31\x39\x32\x2d\x31\x39\x32\x2d\x38\x35\x2e\
\x33\x33\x33\x33\x33\x33\x2d\x31\x39\x32\x2d\x31\x39\x32\x2d\x31\
\x39\x32\x7a\x20\x6d\x35\x37\x2e\x36\x20\x32\x37\x37\x2e\x33\x33\
\x33\x33\x33\x34\x68\x2d\x31\x32\x38\x63\x2d\x33\x32\x20\x30\x2d\
\x35\x37\x2e\x36\x2d\x32\x35\x2e\x36\x2d\x35\x37\x2e\x36\x2d\x35\
\x37\x2e\x36\x20\x30\x2d\x33\x32\x20\x32\x35\x2e\x36\x2d\x35\x37\
\x2e\x36\x20\x35\x37\x2e\x36\x2d\x35\x37\x2e\x36\x20\x30\x2d\x33\
\x38\x2e\x34\x20\x33\x32\x2d\x37\x30\x2e\x34\x20\x37\x30\x2e\x34\
\x2d\x37\x30\x2e\x34\x20\x33\x32\x20\x30\x20\x35\x37\x2e\x36\x20\
\x31\x39\x2e\x32\x20\x36\x36\x2e\x31\x33\x33\x33\x33\x34\x20\x34\
\x36\x2e\x39\x33\x33\x33\x33\x33\x20\x33\x34\x2e\x31\x33\x33\x33\
\x33\x33\x20\x34\x2e\x32\x36\x36\x36\x36\x37\x20\x36\x31\x2e\x38\
\x36\x36\x36\x36\x37\x20\x33\x34\x2e\x31\x33\x33\x33\x33\x33\x20\
\x36\x31\x2e\x38\x36\x36\x36\x36\x36\x20\x37\x30\x2e\x34\x20\x30\
\x20\x33\x36\x2e\x32\x36\x36\x36\x36\x37\x2d\x33\x32\x20\x36\x38\
\x2e\x32\x36\x36\x36\x36\x37\x2d\x37\x30\x2e\x34\x20\x36\x38\x2e\
\x32\x36\x36\x36\x36\x37\x7a\x22\x20\x70\x2d\x69\x64\x3d\x22\x35\
\x39\x33\x31\x22\x20\x66\x69\x6c\x6c\x3d\x22\x23\x33\x33\x33\x33\
\x33\x33\x22\x3e\x3c\x2f\x70\x61\x74\x68\x3e\x3c\x2f\x73\x76\x67\
\x3e\
\x00\x00\x04\x65\
\x3c\
\x3f\x78\x6d\x6c\x20\x76\x65\x72\x73\x69\x6f\x6e\x3d\x22\x31\x2e\
\x30\x22\x20\x73\x74\x61\x6e\x64\x61\x6c\x6f\x6e\x65\x3d\x22\x6e\
\x6f\x22\x3f\x3e\x3c\x21\x44\x4f\x43\x54\x59\x50\x45\x20\x73\x76\
\x67\x20\x50\x55\x42\x4c\x49\x43\x20\x22\x2d\x2f\x2f\x57\x33\x43\
\x2f\x2f\x44\x54\x44\x20\x53\x56\x47\x20\x31\x2e\x31\x2f\x2f\x45\
\x4e\x22\x20\x22\x68\x74\x74\x70\x3a\x2f\x2f\x77\x77\x77\x2e\x77\
\x33\x2e\x6f\x72\x67\x2f\x47\x72\x61\x70\x68\x69\x63\x73\x2f\x53\
\x56\x47\x2f\x31\x2e\x31\x2f\x44\x54\x44\x2f\x73\x76\x67\x31\x31\
\x2e\x64\x74\x64\x22\x3e\x3c\x73\x76\x67\x20\x74\x3d\x22\x31\x37\
\x37\x37\x36\x31\x37\x35\x30\x31\x34\x31\x31\x22\x20\x63\x6c\x61\
\x73\x73\x3d\x22\x69\x63\x6f\x6e\x22\x20\x76\x69\x65\x77\x42\x6f\
\x78\x3d\x22\x30\x20\x30\x20\x31\x30\x32\x34\x20\x31\x30\x32\x34\
\x22\x20\x76\x65\x72\x73\x69\x6f\x6e\x3d\x22\x31\x2e\x31\x22\x20\
\x78\x6d\x6c\x6e\x73\x3d\x22\x68\x74\x74\x70\x3a\x2f\x2f\x77\x77\
\x77\x2e\x77\x33\x2e\x6f\x72\x67\x2f\x32\x30\x30\x30\x2f\x73\x76\
\x67\x22\x20\x70\x2d\x69\x64\x3d\x22\x36\x36\x38\x30\x22\x20\x78\
\x6d\x6c\x6e\x73\x3a\x78\x6c\x69\x6e\x6b\x3d\x22\x68\x74\x74\x70\
\x3a\x2f\x2f\x77\x77\x77\x2e\x77\x33\x2e\x6f\x72\x67\x2f\x31\x39\
\x39\x39\x2f\x78\x6c\x69\x6e\x6b\x22\x20\x77\x69\x64\x74\x68\x3d\
\x22\x32\x30\x30\x22\x20\x68\x65\x69\x67\x68\x74\x3d\x22\x32\x30\
\x30\x22\x3e\x3c\x70\x61\x74\x68\x20\x64\x3d\x22\x4d\x38\x33\x33\
\x2e\x33\x33\x20\x37\x36\x37\x2e\x39\x36\x68\x2d\x39\x31\x2e\x39\
\x63\x2d\x32\x31\x2e\x37\x33\x20\x30\x2d\x33\x39\x2e\x33\x34\x2d\
\x31\x37\x2e\x36\x2d\x33\x39\x2e\x33\x34\x2d\x33\x39\x2e\x33\x34\
\x73\x31\x37\x2e\x36\x32\x2d\x33\x39\x2e\x33\x34\x20\x33\x39\x2e\
\x33\x34\x2d\x33\x39\x2e\x33\x34\x68\x39\x31\x2e\x39\x63\x38\x2e\
\x38\x32\x20\x30\x20\x31\x35\x2e\x39\x38\x2d\x37\x2e\x31\x38\x20\
\x31\x35\x2e\x39\x38\x2d\x31\x35\x2e\x39\x38\x56\x31\x39\x33\x2e\
\x38\x63\x30\x2d\x38\x2e\x38\x2d\x37\x2e\x31\x37\x2d\x31\x35\x2e\
\x39\x38\x2d\x31\x35\x2e\x39\x38\x2d\x31\x35\x2e\x39\x38\x48\x33\
\x35\x33\x2e\x38\x34\x63\x2d\x38\x2e\x38\x32\x20\x30\x2d\x31\x35\
\x2e\x39\x38\x20\x37\x2e\x31\x38\x2d\x31\x35\x2e\x39\x38\x20\x31\
\x35\x2e\x39\x38\x76\x39\x30\x2e\x38\x36\x63\x30\x20\x32\x31\x2e\
\x37\x35\x2d\x31\x37\x2e\x36\x32\x20\x33\x39\x2e\x33\x34\x2d\x33\
\x39\x2e\x33\x34\x20\x33\x39\x2e\x33\x34\x73\x2d\x33\x39\x2e\x33\
\x34\x2d\x31\x37\x2e\x36\x2d\x33\x39\x2e\x33\x34\x2d\x33\x39\x2e\
\x33\x34\x56\x31\x39\x33\x2e\x38\x63\x30\x2d\x35\x32\x2e\x32\x31\
\x20\x34\x32\x2e\x34\x37\x2d\x39\x34\x2e\x36\x37\x20\x39\x34\x2e\
\x36\x37\x2d\x39\x34\x2e\x36\x37\x68\x34\x37\x39\x2e\x34\x39\x63\
\x35\x32\x2e\x31\x39\x20\x30\x20\x39\x34\x2e\x36\x37\x20\x34\x32\
\x2e\x34\x35\x20\x39\x34\x2e\x36\x37\x20\x39\x34\x2e\x36\x37\x76\
\x34\x37\x39\x2e\x34\x39\x63\x2d\x30\x2e\x30\x31\x20\x35\x32\x2e\
\x32\x31\x2d\x34\x32\x2e\x34\x39\x20\x39\x34\x2e\x36\x37\x2d\x39\
\x34\x2e\x36\x38\x20\x39\x34\x2e\x36\x37\x7a\x22\x20\x66\x69\x6c\
\x6c\x3d\x22\x23\x33\x33\x33\x33\x33\x33\x22\x20\x70\x2d\x69\x64\
\x3d\x22\x36\x36\x38\x31\x22\x3e\x3c\x2f\x70\x61\x74\x68\x3e\x3c\
\x70\x61\x74\x68\x20\x64\x3d\x22\x4d\x36\x37\x35\x2e\x39\x36\x20\
\x39\x32\x35\x2e\x33\x33\x48\x31\x39\x36\x2e\x34\x37\x63\x2d\x35\
\x32\x2e\x31\x39\x20\x30\x2d\x39\x34\x2e\x36\x37\x2d\x34\x32\x2e\
\x34\x35\x2d\x39\x34\x2e\x36\x37\x2d\x39\x34\x2e\x36\x37\x56\x33\
\x35\x31\x2e\x31\x37\x63\x30\x2d\x35\x32\x2e\x32\x31\x20\x34\x32\
\x2e\x34\x37\x2d\x39\x34\x2e\x36\x37\x20\x39\x34\x2e\x36\x37\x2d\
\x39\x34\x2e\x36\x37\x68\x34\x37\x39\x2e\x34\x39\x63\x35\x32\x2e\
\x31\x39\x20\x30\x20\x39\x34\x2e\x36\x37\x20\x34\x32\x2e\x34\x35\
\x20\x39\x34\x2e\x36\x37\x20\x39\x34\x2e\x36\x37\x76\x34\x37\x39\
\x2e\x34\x39\x63\x2d\x30\x2e\x30\x31\x20\x35\x32\x2e\x32\x32\x2d\
\x34\x32\x2e\x34\x38\x20\x39\x34\x2e\x36\x37\x2d\x39\x34\x2e\x36\
\x37\x20\x39\x34\x2e\x36\x37\x7a\x4d\x31\x39\x36\x2e\x34\x37\x20\
\x33\x33\x35\x2e\x31\x39\x63\x2d\x38\x2e\x38\x32\x20\x30\x2d\x31\
\x35\x2e\x39\x38\x20\x37\x2e\x31\x38\x2d\x31\x35\x2e\x39\x38\x20\
\x31\x35\x2e\x39\x38\x76\x34\x37\x39\x2e\x34\x39\x63\x30\x20\x38\
\x2e\x38\x20\x37\x2e\x31\x37\x20\x31\x35\x2e\x39\x38\x20\x31\x35\
\x2e\x39\x38\x20\x31\x35\x2e\x39\x38\x68\x34\x37\x39\x2e\x34\x39\
\x63\x38\x2e\x38\x32\x20\x30\x20\x31\x35\x2e\x39\x38\x2d\x37\x2e\
\x31\x38\x20\x31\x35\x2e\x39\x38\x2d\x31\x35\x2e\x39\x38\x56\x33\
\x35\x31\x2e\x31\x37\x63\x30\x2d\x38\x2e\x38\x2d\x37\x2e\x31\x37\
\x2d\x31\x35\x2e\x39\x38\x2d\x31\x35\x2e\x39\x38\x2d\x31\x35\x2e\
\x39\x38\x48\x31\x39\x36\x2e\x34\x37\x7a\x22\x20\x66\x69\x6c\x6c\
\x3d\x22\x23\x33\x33\x33\x33\x33\x33\x22\x20\x70\x2d\x69\x64\x3d\
\x22\x36\x36\x38\x32\x22\x3e\x3c\x2f\x70\x61\x74\x68\x3e\x3c\x2f\
\x73\x76\x67\x3e\
\x00\x00\x04\x71\
\x3c\
\x3f\x78\x6d\x6c\x20\x76\x65\x72\x73\x69\x6f\x6e\x3d\x22\x31\x2e\
\x30\x22\x20\x73\x74\x61\x6e\x64\x61\x6c\x6f\x6e\x65\x3d\x22\x6e\
\x6f\x22\x3f\x3e\x3c\x21\x44\x4f\x43\x54\x59\x50\x45\x20\x73\x76\
\x67\x20\x50\x55\x42\x4c\x49\x43\x20\x22\x2d\x2f\x2f\x57\x33\x43\
\x2f\x2f\x44\x54\x44\x20\x53\x56\x47\x20\x31\x2e\x31\x2f\x2f\x45\
\x4e\x22\x20\x22\x68\x74\x74\x70\x3a\x2f\x2f\x77\x77\x77\x2e\x77\
\x33\x2e\x6f\x72\x67\x2f\x47\x72\x61\x70\x68\x69\x63\x73\x2f\x53\
\x56\x47\x2f\x31\x2e\x31\x2f\x44\x54\x44\x2f\x73\x76\x67\x31\x31\
\x2e\x64\x74\x64\x22\x3e\x3c\x73\x76\x67\x20\x74\x3d\x22\x31\x37\
\x37\x37\x36\x34\x37\x37\x37\x30\x37\x33\x34\x22\x20\x63\x6c\x61\
\x73\x73\x3d\x22\x69\x63\x6f\x6e\x22\x20\x76\x69\x65\x77\x42\x6f\
\x78\x3d\x22\x30\x20\x30\x20\x31\x30\x32\x34\x20\x31\x30\x32\x34\
\x22\x20\x76\x65\x72\x73\x69\x6f\x6e\x3d\x22\x31\x2e\x31\x22\x20\
\x78\x6d\x6c\x6e\x73\x3d\x22\x68\x74\x74\x70\x3a\x2f\x2f\x77\x77\
\x77\x2e\x77\x33\x2e\x6f\x72\x67\x2f\x32\x30\x30\x30\x2f\x73\x76\
\x67\x22\x20\x70\x2d\x69\x64\x3d\x22\x35\x30\x32\x37\x22\x20\x78\
\x6d\x6c\x6e\x73\x3a\x78\x6c\x69\x6e\x6b\x3d\x22\x68\x74\x74\x70\
\x3a\x2f\x2f\x77\x77\x77\x2e\x77\x33\x2e\x6f\x72\x67\x2f\x31\x39\
\x39\x39\x2f\x78\x6c\x69\x6e\x6b\x22\x20\x77\x69\x64\x74\x68\x3d\
\x22\x32\x30\x30\x22\x20\x68\x65\x69\x67\x68\x74\x3d\x22\x32\x30\
\x30\x22\x3e\x3c\x70\x61\x74\x68\x20\x64\x3d\x22\x4d\x37\x36\x38\
\x2e\x32\x35\x34\x32\x32\x20\x30\x71\x34\x38\x2e\x38\x31\x30\x33\
\x32\x38\x20\x30\x20\x39\x34\x2e\x30\x36\x31\x35\x36\x39\x20\x31\
\x38\x2e\x33\x30\x33\x38\x37\x33\x74\x38\x30\x2e\x33\x33\x33\x36\
\x36\x34\x20\x35\x30\x2e\x33\x33\x35\x36\x35\x20\x35\x36\x2e\x34\
\x33\x36\x39\x34\x31\x20\x37\x34\x2e\x37\x34\x30\x38\x31\x34\x20\
\x32\x31\x2e\x33\x35\x34\x35\x31\x38\x20\x39\x31\x2e\x35\x31\x39\
\x33\x36\x34\x6c\x30\x20\x31\x35\x30\x2e\x34\x39\x38\x35\x31\x2d\
\x31\x32\x33\x2e\x30\x34\x32\x37\x30\x31\x20\x30\x20\x30\x2d\x31\
\x32\x32\x2e\x30\x32\x35\x38\x31\x39\x71\x30\x2d\x36\x34\x2e\x30\
\x36\x33\x35\x35\x35\x2d\x33\x36\x2e\x30\x39\x39\x33\x30\x35\x2d\
\x39\x39\x2e\x36\x35\x34\x34\x31\x39\x74\x2d\x39\x37\x2e\x31\x31\
\x32\x32\x31\x34\x2d\x33\x35\x2e\x35\x39\x30\x38\x36\x34\x71\x2d\
\x35\x34\x2e\x39\x31\x31\x36\x31\x39\x20\x30\x2d\x38\x38\x2e\x34\
\x36\x38\x37\x31\x39\x20\x33\x35\x2e\x35\x39\x30\x38\x36\x34\x74\
\x2d\x33\x33\x2e\x35\x35\x37\x31\x20\x39\x39\x2e\x36\x35\x34\x34\
\x31\x39\x6c\x30\x20\x31\x32\x34\x2e\x30\x35\x39\x35\x38\x33\x2d\
\x31\x32\x38\x2e\x31\x32\x37\x31\x31\x20\x30\x20\x30\x2d\x31\x35\
\x32\x2e\x35\x33\x32\x32\x37\x34\x71\x30\x2d\x34\x38\x2e\x38\x31\
\x30\x33\x32\x38\x20\x31\x39\x2e\x33\x32\x30\x37\x35\x35\x2d\x39\
\x31\x2e\x35\x31\x39\x33\x36\x34\x74\x35\x33\x2e\x33\x38\x36\x32\
\x39\x36\x2d\x37\x34\x2e\x37\x34\x30\x38\x31\x34\x20\x38\x30\x2e\
\x33\x33\x33\x36\x36\x34\x2d\x35\x30\x2e\x33\x33\x35\x36\x35\x20\
\x31\x30\x31\x2e\x31\x37\x39\x37\x34\x32\x2d\x31\x38\x2e\x33\x30\
\x33\x38\x37\x33\x7a\x4d\x37\x36\x36\x2e\x32\x32\x30\x34\x35\x37\
\x20\x36\x39\x33\x2e\x35\x31\x33\x34\x30\x36\x6c\x30\x20\x38\x37\
\x2e\x34\x35\x31\x38\x33\x37\x20\x30\x20\x34\x37\x2e\x37\x39\x33\
\x34\x34\x36\x71\x30\x20\x32\x37\x2e\x34\x35\x35\x38\x30\x39\x2d\
\x39\x2e\x36\x36\x30\x33\x37\x37\x20\x35\x31\x2e\x38\x36\x30\x39\
\x37\x33\x74\x2d\x32\x36\x2e\x34\x33\x38\x39\x32\x38\x20\x34\x31\
\x2e\x36\x39\x32\x31\x35\x35\x2d\x33\x39\x2e\x36\x35\x38\x33\x39\
\x31\x20\x32\x37\x2e\x34\x35\x35\x38\x30\x39\x2d\x35\x30\x2e\x33\
\x33\x35\x36\x35\x20\x31\x30\x2e\x31\x36\x38\x38\x31\x38\x6c\x2d\
\x35\x31\x34\x2e\x35\x34\x32\x32\x30\x35\x20\x30\x71\x2d\x32\x37\
\x2e\x34\x35\x35\x38\x30\x39\x20\x30\x2d\x34\x39\x2e\x38\x32\x37\
\x32\x31\x2d\x39\x2e\x36\x36\x30\x33\x37\x37\x74\x2d\x33\x38\x2e\
\x36\x34\x31\x35\x30\x39\x2d\x32\x36\x2e\x34\x33\x38\x39\x32\x38\
\x2d\x32\x34\x2e\x39\x31\x33\x36\x30\x35\x2d\x33\x39\x2e\x31\x34\
\x39\x39\x35\x2d\x38\x2e\x36\x34\x33\x34\x39\x36\x2d\x34\x37\x2e\
\x37\x39\x33\x34\x34\x36\x6c\x30\x2d\x33\x32\x33\x2e\x33\x36\x38\
\x34\x32\x31\x71\x30\x2d\x32\x38\x2e\x34\x37\x32\x36\x39\x31\x20\
\x31\x39\x2e\x38\x32\x39\x31\x39\x36\x2d\x34\x37\x2e\x37\x39\x33\
\x34\x34\x36\x74\x34\x36\x2e\x32\x36\x38\x31\x32\x33\x2d\x31\x39\
\x2e\x33\x32\x30\x37\x35\x35\x6c\x36\x32\x39\x2e\x34\x34\x39\x38\
\x35\x31\x20\x30\x71\x32\x38\x2e\x34\x37\x32\x36\x39\x31\x20\x30\
\x20\x34\x37\x2e\x37\x39\x33\x34\x34\x36\x20\x31\x39\x2e\x33\x32\
\x30\x37\x35\x35\x74\x31\x39\x2e\x33\x32\x30\x37\x35\x35\x20\x34\
\x37\x2e\x37\x39\x33\x34\x34\x36\x6c\x30\x20\x31\x37\x39\x2e\x39\
\x38\x38\x30\x38\x33\x7a\x22\x20\x70\x2d\x69\x64\x3d\x22\x35\x30\
\x32\x38\x22\x20\x66\x69\x6c\x6c\x3d\x22\x23\x33\x33\x33\x33\x33\
\x33\x22\x3e\x3c\x2f\x70\x61\x74\x68\x3e\x3c\x2f\x73\x76\x67\x3e\
\
\x00\x00\x06\x9f\
\x3c\
\x3f\x78\x6d\x6c\x20\x76\x65\x72\x73\x69\x6f\x6e\x3d\x22\x31\x2e\
\x30\x22\x20\x73\x74\x61\x6e\x64\x61\x6c\x6f\x6e\x65\x3d\x22\x6e\
\x6f\x22\x3f\x3e\x3c\x21\x44\x4f\x43\x54\x59\x50\x45\x20\x73\x76\
\x67\x20\x50\x55\x42\x4c\x49\x43\x20\x22\x2d\x2f\x2f\x57\x33\x43\
\x2f\x2f\x44\x54\x44\x20\x53\x56\x47\x20\x31\x2e\x31\x2f\x2f\x45\
\x4e\x22\x20\x22\x68\x74\x74\x70\x3a\x2f\x2f\x77\x77\x77\x2e\x77\
\x33\x2e\x6f\x72\x67\x2f\x47\x72\x61\x70\x68\x69\x63\x73\x2f\x53\
\x56\x47\x2f\x31\x2e\x31\x2f\x44\x54\x44\x2f\x73\x76\x67\x31\x31\
\x2e\x64\x74\x64\x22\x3e\x3c\x73\x76\x67\x20\x74\x3d\x22\x31\x37\
\x38\x34\x36\x34\x30\x30\x30\x32\x38\x39\x35\x22\x20\x63\x6c\x61\
\x73\x73\x3d\x22\x69\x63\x6f\x6e\x22\x20\x76\x69\x65\x77\x42\x6f\
\x78\x3d\x22\x30\x20\x30\x20\x31\x30\x32\x34\x20\x31\x30\x32\x34\
\x22\x20\x76\x65\x72\x73\x69\x6f\x6e\x3d\x22\x31\x2e\x31\x22\x20\
\x78\x6d\x6c\x6e\x73\x3d\x22\x68\x74\x74\x70\x3a\x2f\x2f\x77\x77\
\x77\x2e\x77\x33\x2e\x6f\x72\x67\x2f\x32\x30\x30\x30\x2f\x73\x76\
\x67\x22\x20\x70\x2d\x69\x64\x3d\x22\x31\x33\x33\x34\x39\x22\x20\
\x78\x6d\x6c\x6e\x73\x3a\x78\x6c\x69\x6e\x6b\x3d\x22\x68\x74\x74\
\x70\x3a\x2f\x2f\x77\x77\x77\x2e\x77\x33\x2e\x6f\x72\x67\x2f\x31\
\x39\x39\x39\x2f\x78\x6c\x69\x6e\x6b\x22\x20\x77\x69\x64\x74\x68\
\x3d\x22\x32\x30\x30\x22\x20\x68\x65\x69\x67\x68\x74\x3d\x22\x32\
\x30\x30\x22\x3e\x3c\x67\x20\x74\x72\x61\x6e\x73\x66\x6f\x72\x6d\
\x3d\x22\x74\x72\x61\x6e\x73\x6c\x61\x74\x65\x28\x35\x31\x32\x2c\
\x35\x31\x32\x29\x20\x73\x63\x61\x6c\x65\x28\x31\x2e\x32\x29\x20\
\x74\x72\x61\x6e\x73\x6c\x61\x74\x65\x28\x2d\x35\x31\x32\x2c\x2d\
\x35\x31\x32\x29\x22\x3e\x3c\x70\x61\x74\x68\x20\x64\x3d\x22\x4d\
\x35\x31\x39\x2e\x34\x36\x30\x35\x37\x31\x20\x31\x33\x34\x2e\x38\
\x30\x32\x32\x38\x36\x61\x33\x36\x2e\x35\x37\x31\x34\x32\x39\x20\
\x33\x36\x2e\x35\x37\x31\x34\x32\x39\x20\x30\x20\x30\x20\x31\x20\
\x32\x39\x2e\x31\x31\x30\x38\x35\x38\x20\x33\x35\x2e\x38\x34\x76\
\x31\x33\x34\x2e\x31\x34\x34\x68\x32\x31\x39\x2e\x34\x32\x38\x35\
\x37\x31\x63\x36\x37\x2e\x32\x39\x31\x34\x32\x39\x20\x30\x20\x31\
\x32\x31\x2e\x38\x35\x36\x20\x35\x34\x2e\x36\x33\x37\x37\x31\x34\
\x20\x31\x32\x31\x2e\x38\x35\x36\x20\x31\x32\x31\x2e\x39\x32\x39\
\x31\x34\x33\x76\x31\x33\x34\x2e\x30\x37\x30\x38\x35\x37\x68\x34\
\x38\x2e\x38\x35\x39\x34\x32\x39\x6c\x37\x2e\x33\x31\x34\x32\x38\
\x35\x20\x30\x2e\x37\x33\x31\x34\x32\x38\x61\x33\x36\x2e\x36\x34\
\x34\x35\x37\x31\x20\x33\x36\x2e\x36\x34\x34\x35\x37\x31\x20\x30\
\x20\x30\x20\x31\x20\x30\x20\x37\x31\x2e\x36\x38\x6c\x2d\x37\x2e\
\x33\x31\x34\x32\x38\x35\x20\x30\x2e\x37\x33\x31\x34\x32\x39\x68\
\x2d\x34\x38\x2e\x38\x35\x39\x34\x32\x39\x56\x37\x36\x38\x63\x30\
\x20\x36\x37\x2e\x32\x39\x31\x34\x32\x39\x2d\x35\x34\x2e\x35\x36\
\x34\x35\x37\x31\x20\x31\x32\x31\x2e\x39\x32\x39\x31\x34\x33\x2d\
\x31\x32\x31\x2e\x38\x35\x36\x20\x31\x32\x31\x2e\x39\x32\x39\x31\
\x34\x33\x68\x2d\x35\x31\x32\x63\x2d\x36\x37\x2e\x32\x39\x31\x34\
\x32\x39\x20\x30\x2d\x31\x32\x31\x2e\x39\x32\x39\x31\x34\x33\x2d\
\x35\x34\x2e\x36\x33\x37\x37\x31\x34\x2d\x31\x32\x31\x2e\x39\x32\
\x39\x31\x34\x33\x2d\x31\x32\x31\x2e\x39\x32\x39\x31\x34\x33\x56\
\x36\x33\x33\x2e\x39\x32\x39\x31\x34\x33\x68\x2d\x34\x38\x2e\x37\
\x31\x33\x31\x34\x33\x61\x33\x36\x2e\x35\x37\x31\x34\x32\x39\x20\
\x33\x36\x2e\x35\x37\x31\x34\x32\x39\x20\x30\x20\x30\x20\x31\x20\
\x30\x2d\x37\x33\x2e\x31\x34\x32\x38\x35\x37\x68\x34\x38\x2e\x37\
\x31\x33\x31\x34\x33\x56\x34\x32\x36\x2e\x37\x31\x35\x34\x32\x39\
\x63\x30\x2d\x36\x37\x2e\x32\x39\x31\x34\x32\x39\x20\x35\x34\x2e\
\x36\x33\x37\x37\x31\x34\x2d\x31\x32\x31\x2e\x39\x32\x39\x31\x34\
\x33\x20\x31\x32\x31\x2e\x39\x32\x39\x31\x34\x33\x2d\x31\x32\x31\
\x2e\x39\x32\x39\x31\x34\x33\x68\x32\x31\x39\x2e\x34\x32\x38\x35\
\x37\x31\x56\x32\x30\x37\x2e\x32\x31\x33\x37\x31\x34\x48\x33\x34\
\x31\x2e\x33\x35\x37\x37\x31\x34\x61\x33\x36\x2e\x35\x37\x31\x34\
\x32\x39\x20\x33\x36\x2e\x35\x37\x31\x34\x32\x39\x20\x30\x20\x30\
\x20\x31\x20\x30\x2d\x37\x33\x2e\x31\x34\x32\x38\x35\x37\x48\x35\
\x31\x32\x6c\x37\x2e\x34\x36\x30\x35\x37\x31\x20\x30\x2e\x37\x33\
\x31\x34\x32\x39\x7a\x4d\x32\x35\x36\x20\x33\x37\x37\x2e\x39\x32\
\x39\x31\x34\x33\x61\x34\x38\x2e\x37\x38\x36\x32\x38\x36\x20\x34\
\x38\x2e\x37\x38\x36\x32\x38\x36\x20\x30\x20\x30\x20\x30\x2d\x34\
\x38\x2e\x37\x38\x36\x32\x38\x36\x20\x34\x38\x2e\x37\x38\x36\x32\
\x38\x36\x76\x31\x36\x39\x2e\x37\x36\x34\x35\x37\x31\x6c\x30\x2e\
\x30\x37\x33\x31\x34\x33\x20\x30\x2e\x38\x37\x37\x37\x31\x34\x2d\
\x30\x2e\x30\x37\x33\x31\x34\x33\x20\x30\x2e\x37\x33\x31\x34\x32\
\x39\x56\x37\x36\x38\x63\x30\x20\x32\x36\x2e\x39\x31\x36\x35\x37\
\x31\x20\x32\x31\x2e\x39\x34\x32\x38\x35\x37\x20\x34\x38\x2e\x37\
\x38\x36\x32\x38\x36\x20\x34\x38\x2e\x37\x38\x36\x32\x38\x36\x20\
\x34\x38\x2e\x37\x38\x36\x32\x38\x36\x68\x35\x31\x32\x63\x32\x36\
\x2e\x39\x31\x36\x35\x37\x31\x20\x30\x20\x34\x38\x2e\x37\x31\x33\
\x31\x34\x33\x2d\x32\x31\x2e\x39\x34\x32\x38\x35\x37\x20\x34\x38\
\x2e\x37\x31\x33\x31\x34\x33\x2d\x34\x38\x2e\x37\x38\x36\x32\x38\
\x36\x56\x34\x32\x36\x2e\x37\x31\x35\x34\x32\x39\x61\x34\x38\x2e\
\x37\x38\x36\x32\x38\x36\x20\x34\x38\x2e\x37\x38\x36\x32\x38\x36\
\x20\x30\x20\x30\x20\x30\x2d\x34\x38\x2e\x37\x31\x33\x31\x34\x33\
\x2d\x34\x38\x2e\x37\x38\x36\x32\x38\x36\x68\x2d\x35\x31\x32\x7a\
\x20\x6d\x31\x32\x38\x20\x31\x34\x30\x2e\x31\x34\x31\x37\x31\x34\
\x61\x33\x36\x2e\x35\x37\x31\x34\x32\x39\x20\x33\x36\x2e\x35\x37\
\x31\x34\x32\x39\x20\x30\x20\x30\x20\x31\x20\x33\x36\x2e\x35\x37\
\x31\x34\x32\x39\x20\x33\x36\x2e\x35\x37\x31\x34\x32\x39\x56\x36\
\x34\x30\x6c\x2d\x30\x2e\x37\x33\x31\x34\x32\x39\x20\x37\x2e\x33\
\x31\x34\x32\x38\x36\x61\x33\x36\x2e\x35\x37\x31\x34\x32\x39\x20\
\x33\x36\x2e\x35\x37\x31\x34\x32\x39\x20\x30\x20\x30\x20\x31\x2d\
\x37\x31\x2e\x36\x38\x20\x30\x6c\x2d\x30\x2e\x37\x33\x31\x34\x32\
\x39\x2d\x37\x2e\x33\x31\x34\x32\x38\x36\x56\x35\x35\x34\x2e\x36\
\x34\x32\x32\x38\x36\x61\x33\x36\x2e\x35\x37\x31\x34\x32\x39\x20\
\x33\x36\x2e\x35\x37\x31\x34\x32\x39\x20\x30\x20\x30\x20\x31\x20\
\x33\x36\x2e\x35\x37\x31\x34\x32\x39\x2d\x33\x36\x2e\x35\x37\x31\
\x34\x32\x39\x7a\x20\x6d\x32\x35\x36\x20\x30\x61\x33\x36\x2e\x35\
\x37\x31\x34\x32\x39\x20\x33\x36\x2e\x35\x37\x31\x34\x32\x39\x20\
\x30\x20\x30\x20\x31\x20\x33\x36\x2e\x35\x37\x31\x34\x32\x39\x20\
\x33\x36\x2e\x35\x37\x31\x34\x32\x39\x56\x36\x34\x30\x6c\x2d\x30\
\x2e\x37\x33\x31\x34\x32\x39\x20\x37\x2e\x33\x31\x34\x32\x38\x36\
\x61\x33\x36\x2e\x35\x37\x31\x34\x32\x39\x20\x33\x36\x2e\x35\x37\
\x31\x34\x32\x39\x20\x30\x20\x30\x20\x31\x2d\x37\x31\x2e\x36\x38\
\x20\x30\x6c\x2d\x30\x2e\x37\x33\x31\x34\x32\x39\x2d\x37\x2e\x33\
\x31\x34\x32\x38\x36\x56\x35\x35\x34\x2e\x36\x34\x32\x32\x38\x36\
\x61\x33\x36\x2e\x35\x37\x31\x34\x32\x39\x20\x33\x36\x2e\x35\x37\
\x31\x34\x32\x39\x20\x30\x20\x30\x20\x31\x20\x33\x36\x2e\x35\x37\
\x31\x34\x32\x39\x2d\x33\x36\x2e\x35\x37\x31\x34\x32\x39\x7a\x22\
\x20\x70\x2d\x69\x64\x3d\x22\x31\x33\x33\x35\x30\x22\x20\x66\x69\
\x6c\x6c\x3d\x22\x23\x33\x33\x33\x33\x33\x33\x22\x3e\x3c\x2f\x70\
\x61\x74\x68\x3e\x3c\x2f\x67\x3e\x3c\x2f\x73\x76\x67\x3e\
\x00\x00\x04\xc7\
\x3c\
\x3f\x78\x6d\x6c\x20\x76\x65\x72\x73\x69\x6f\x6e\x3d\x22\x31\x2e\
\x30\x22\x20\x73\x74\x61\x6e\x64\x61\x6c\x6f\x6e\x65\x3d\x22\x6e\
\x6f\x22\x3f\x3e\x3c\x21\x44\x4f\x43\x54\x59\x50\x45\x20\x73\x76\
\x67\x20\x50\x55\x42\x4c\x49\x43\x20\x22\x2d\x2f\x2f\x57\x33\x43\
\x2f\x2f\x44\x54\x44\x20\x53\x56\x47\x20\x31\x2e\x31\x2f\x2f\x45\
\x4e\x22\x20\x22\x68\x74\x74\x70\x3a\x2f\x2f\x77\x77\x77\x2e\x77\
\x33\x2e\x6f\x72\x67\x2f\x47\x72\x61\x70\x68\x69\x63\x73\x2f\x53\
\x56\x47\x2f\x31\x2e\x31\x2f\x44\x54\x44\x2f\x73\x76\x67\x31\x31\
\x2e\x64\x74\x64\x22\x3e\x3c\x73\x76\x67\x20\x74\x3d\x22\x31\x37\
\x38\x34\x36\x34\x30\x37\x35\x37\x30\x32\x36\x22\x20\x63\x6c\x61\
\x73\x73\x3d\x22\x69\x63\x6f\x6e\x22\x20\x76\x69\x65\x77\x42\x6f\
\x78\x3d\x22\x30\x20\x30\x20\x31\x30\x32\x34\x20\x31\x30\x32\x34\
\x22\x20\x76\x65\x72\x73\x69\x6f\x6e\x3d\x22\x31\x2e\x31\x22\x20\
\x78\x6d\x6c\x6e\x73\x3d\x22\x68\x74\x74\x70\x3a\x2f\x2f\x77\x77\
\x77\x2e\x77\x33\x2e\x6f\x72\x67\x2f\x32\x30\x30\x30\x2f\x73\x76\
\x67\x22\x20\x70\x2d\x69\x64\x3d\x22\x34\x30\x33\x38\x34\x22\x20\
\x78\x6d\x6c\x6e\x73\x3a\x78\x6c\x69\x6e\x6b\x3d\x22\x68\x74\x74\
\x70\x3a\x2f\x2f\x77\x77\x77\x2e\x77\x33\x2e\x6f\x72\x67\x2f\x31\
\x39\x39\x39\x2f\x78\x6c\x69\x6e\x6b\x22\x20\x77\x69\x64\x74\x68\
\x3d\x22\x32\x30\x30\x22\x20\x68\x65\x69\x67\x68\x74\x3d\x22\x32\
\x30\x30\x22\x3e\x3c\x70\x61\x74\x68\x20\x64\x3d\x22\x4d\x36\x36\
\x31\x2e\x33\x33\x33\x33\x33\x33\x20\x35\x31\x32\x63\x2d\x32\x31\
\x2e\x33\x33\x33\x33\x33\x33\x20\x31\x39\x2e\x32\x2d\x37\x32\x2e\
\x35\x33\x33\x33\x33\x33\x20\x37\x30\x2e\x34\x2d\x38\x39\x2e\x36\
\x20\x31\x30\x32\x2e\x34\x2d\x31\x32\x2e\x38\x20\x32\x31\x2e\x33\
\x33\x33\x33\x33\x33\x2d\x31\x37\x2e\x30\x36\x36\x36\x36\x37\x20\
\x36\x36\x2e\x31\x33\x33\x33\x33\x33\x2d\x31\x37\x2e\x30\x36\x36\
\x36\x36\x37\x20\x38\x39\x2e\x36\x6c\x30\x20\x30\x63\x30\x20\x32\
\x33\x2e\x34\x36\x36\x36\x36\x37\x2d\x31\x39\x2e\x32\x20\x34\x32\
\x2e\x36\x36\x36\x36\x36\x37\x2d\x34\x32\x2e\x36\x36\x36\x36\x36\
\x37\x20\x34\x32\x2e\x36\x36\x36\x36\x36\x37\x73\x2d\x34\x32\x2e\
\x36\x36\x36\x36\x36\x37\x2d\x31\x39\x2e\x32\x2d\x34\x32\x2e\x36\
\x36\x36\x36\x36\x37\x2d\x34\x32\x2e\x36\x36\x36\x36\x36\x37\x63\
\x30\x2d\x32\x2e\x31\x33\x33\x33\x33\x33\x20\x30\x2d\x32\x2e\x31\
\x33\x33\x33\x33\x33\x20\x30\x2d\x34\x2e\x32\x36\x36\x36\x36\x37\
\x20\x30\x2d\x33\x36\x2e\x32\x36\x36\x36\x36\x37\x20\x38\x2e\x35\
\x33\x33\x33\x33\x33\x2d\x39\x36\x20\x32\x37\x2e\x37\x33\x33\x33\
\x33\x33\x2d\x31\x32\x38\x43\x35\x32\x36\x2e\x39\x33\x33\x33\x33\
\x33\x20\x35\x32\x30\x2e\x35\x33\x33\x33\x33\x33\x20\x35\x33\x33\
\x2e\x33\x33\x33\x33\x33\x33\x20\x35\x31\x32\x20\x35\x35\x34\x2e\
\x36\x36\x36\x36\x36\x37\x20\x34\x39\x30\x2e\x36\x36\x36\x36\x36\
\x37\x63\x33\x34\x2e\x31\x33\x33\x33\x33\x33\x2d\x33\x34\x2e\x31\
\x33\x33\x33\x33\x33\x20\x38\x35\x2e\x33\x33\x33\x33\x33\x33\x2d\
\x36\x34\x20\x38\x35\x2e\x33\x33\x33\x33\x33\x33\x2d\x31\x32\x38\
\x20\x30\x2d\x37\x30\x2e\x34\x2d\x35\x37\x2e\x36\x2d\x31\x32\x38\
\x2d\x31\x32\x38\x2d\x31\x32\x38\x73\x2d\x31\x32\x38\x20\x35\x37\
\x2e\x36\x2d\x31\x32\x38\x20\x31\x32\x38\x63\x30\x20\x32\x33\x2e\
\x34\x36\x36\x36\x36\x37\x2d\x31\x39\x2e\x32\x20\x34\x32\x2e\x36\
\x36\x36\x36\x36\x37\x2d\x34\x32\x2e\x36\x36\x36\x36\x36\x37\x20\
\x34\x32\x2e\x36\x36\x36\x36\x36\x37\x73\x2d\x34\x32\x2e\x36\x36\
\x36\x36\x36\x37\x2d\x31\x39\x2e\x32\x2d\x34\x32\x2e\x36\x36\x36\
\x36\x36\x37\x2d\x34\x32\x2e\x36\x36\x36\x36\x36\x37\x63\x30\x2d\
\x31\x31\x37\x2e\x33\x33\x33\x33\x33\x33\x20\x39\x36\x2d\x32\x31\
\x33\x2e\x33\x33\x33\x33\x33\x33\x20\x32\x31\x33\x2e\x33\x33\x33\
\x33\x33\x33\x2d\x32\x31\x33\x2e\x33\x33\x33\x33\x33\x33\x73\x32\
\x31\x33\x2e\x33\x33\x33\x33\x33\x33\x20\x39\x36\x20\x32\x31\x33\
\x2e\x33\x33\x33\x33\x33\x33\x20\x32\x31\x33\x2e\x33\x33\x33\x33\
\x33\x33\x43\x37\x32\x35\x2e\x33\x33\x33\x33\x33\x33\x20\x34\x34\
\x33\x2e\x37\x33\x33\x33\x33\x33\x20\x36\x38\x30\x2e\x35\x33\x33\
\x33\x33\x33\x20\x34\x39\x34\x2e\x39\x33\x33\x33\x33\x33\x20\x36\
\x36\x31\x2e\x33\x33\x33\x33\x33\x33\x20\x35\x31\x32\x7a\x4d\x35\
\x31\x32\x20\x37\x38\x39\x2e\x33\x33\x33\x33\x33\x33\x63\x32\x33\
\x2e\x34\x36\x36\x36\x36\x37\x20\x30\x20\x34\x32\x2e\x36\x36\x36\
\x36\x36\x37\x20\x31\x39\x2e\x32\x20\x34\x32\x2e\x36\x36\x36\x36\
\x36\x37\x20\x34\x32\x2e\x36\x36\x36\x36\x36\x37\x20\x30\x20\x32\
\x33\x2e\x34\x36\x36\x36\x36\x37\x2d\x31\x39\x2e\x32\x20\x34\x32\
\x2e\x36\x36\x36\x36\x36\x37\x2d\x34\x32\x2e\x36\x36\x36\x36\x36\
\x37\x20\x34\x32\x2e\x36\x36\x36\x36\x36\x37\x73\x2d\x34\x32\x2e\
\x36\x36\x36\x36\x36\x37\x2d\x31\x39\x2e\x32\x2d\x34\x32\x2e\x36\
\x36\x36\x36\x36\x37\x2d\x34\x32\x2e\x36\x36\x36\x36\x36\x37\x43\
\x34\x36\x39\x2e\x33\x33\x33\x33\x33\x33\x20\x38\x30\x38\x2e\x35\
\x33\x33\x33\x33\x33\x20\x34\x38\x38\x2e\x35\x33\x33\x33\x33\x33\
\x20\x37\x38\x39\x2e\x33\x33\x33\x33\x33\x33\x20\x35\x31\x32\x20\
\x37\x38\x39\x2e\x33\x33\x33\x33\x33\x33\x7a\x22\x20\x70\x2d\x69\
\x64\x3d\x22\x34\x30\x33\x38\x35\x22\x20\x66\x69\x6c\x6c\x3d\x22\
\x23\x33\x33\x33\x33\x33\x33\x22\x3e\x3c\x2f\x70\x61\x74\x68\x3e\
\x3c\x2f\x73\x76\x67\x3e\
\x00\x00\x03\x70\
\x3c\
\x3f\x78\x6d\x6c\x20\x76\x65\x72\x73\x69\x6f\x6e\x3d\x22\x31\x2e\
\x30\x22\x20\x73\x74\x61\x6e\x64\x61\x6c\x6f\x6e\x65\x3d\x22\x6e\
\x6f\x22\x3f\x3e\x3c\x21\x44\x4f\x43\x54\x59\x50\x45\x20\x73\x76\
\x67\x20\x50\x55\x42\x4c\x49\x43\x20\x22\x2d\x2f\x2f\x57\x33\x43\
\x2f\x2f\x44\x54\x44\x20\x53\x56\x47\x20\x31\x2e\x31\x2f\x2f\x45\
\x4e\x22\x20\x22\x68\x74\x74\x70\x3a\x2f\x2f\x77\x77\x77\x2e\x77\
\x33\x2e\x6f\x72\x67\x2f\x47\x72\x61\x70\x68\x69\x63\x73\x2f\x53\
\x56\x47\x2f\x31\x2e\x31\x2f\x44\x54\x44\x2f\x73\x76\x67\x31\x31\
\x2e\x64\x74\x64\x22\x3e\x3c\x73\x76\x67\x20\x74\x3d\x22\x31\x37\
\x37\x31\x31\x32\x39\x35\x37\x37\x34\x35\x34\x22\x20\x63\x6c\x61\
\x73\x73\x3d\x22\x69\x63\x6f\x6e\x22\x20\x76\x69\x65\x77\x42\x6f\
\x78\x3d\x22\x30\x20\x30\x20\x31\x30\x32\x34\x20\x31\x30\x32\x34\
\x22\x20\x76\x65\x72\x73\x69\x6f\x6e\x3d\x22\x31\x2e\x31\x22\x20\
\x78\x6d\x6c\x6e\x73\x3d\x22\x68\x74\x74\x70\x3a\x2f\x2f\x77\x77\
\x77\x2e\x77\x33\x2e\x6f\x72\x67\x2f\x32\x30\x30\x30\x2f\x73\x76\
\x67\x22\x20\x70\x2d\x69\x64\x3d\x22\x35\x31\x31\x31\x22\x20\x77\
\x69\x64\x74\x68\x3d\x22\x32\x30\x30\x22\x20\x68\x65\x69\x67\x68\
\x74\x3d\x22\x32\x30\x30\x22\x3e\x3c\x70\x61\x74\x68\x20\x64\x3d\
\x22\x4d\x20\x33\x38\x30\x20\x31\x36\x30\x20\x43\x20\x32\x37\x30\
\x20\x31\x36\x30\x2c\x20\x32\x32\x30\x20\x32\x32\x30\x2c\x20\x32\
\x32\x30\x20\x33\x32\x30\x20\x4c\x20\x32\x32\x30\x20\x34\x33\x32\
\x20\x43\x20\x32\x32\x30\x20\x34\x37\x32\x2c\x20\x32\x30\x30\x20\
\x34\x39\x32\x2c\x20\x31\x36\x30\x20\x35\x31\x32\x20\x43\x20\x32\
\x30\x30\x20\x35\x33\x32\x2c\x20\x32\x32\x30\x20\x35\x35\x32\x2c\
\x20\x32\x32\x30\x20\x35\x39\x32\x20\x4c\x20\x32\x32\x30\x20\x37\
\x30\x34\x20\x43\x20\x32\x32\x30\x20\x38\x30\x34\x2c\x20\x32\x37\
\x30\x20\x38\x36\x34\x2c\x20\x33\x38\x30\x20\x38\x36\x34\x20\x4d\
\x20\x36\x34\x34\x20\x31\x36\x30\x20\x43\x20\x37\x35\x34\x20\x31\
\x36\x30\x2c\x20\x38\x30\x34\x20\x32\x32\x30\x2c\x20\x38\x30\x34\
\x20\x33\x32\x30\x20\x4c\x20\x38\x30\x34\x20\x34\x33\x32\x20\x43\
\x20\x38\x30\x34\x20\x34\x37\x32\x2c\x20\x38\x32\x34\x20\x34\x39\
\x32\x2c\x20\x38\x36\x34\x20\x35\x31\x32\x20\x43\x20\x38\x32\x34\
\x20\x35\x33\x32\x2c\x20\x38\x30\x34\x20\x35\x35\x32\x2c\x20\x38\
\x30\x34\x20\x35\x39\x32\x20\x4c\x20\x38\x30\x34\x20\x37\x30\x34\
\x20\x43\x20\x38\x30\x34\x20\x38\x30\x34\x2c\x20\x37\x35\x34\x20\
\x38\x36\x34\x2c\x20\x36\x34\x34\x20\x38\x36\x34\x20\x4d\x20\x33\
\x38\x34\x20\x33\x32\x30\x20\x4c\x20\x36\x34\x30\x20\x33\x32\x30\
\x20\x43\x20\x36\x35\x36\x20\x33\x32\x30\x2c\x20\x36\x36\x34\x20\
\x33\x32\x38\x2c\x20\x36\x36\x34\x20\x33\x34\x34\x20\x4c\x20\x36\
\x36\x34\x20\x36\x38\x30\x20\x43\x20\x36\x36\x34\x20\x36\x39\x36\
\x2c\x20\x36\x35\x36\x20\x37\x30\x34\x2c\x20\x36\x34\x30\x20\x37\
\x30\x34\x20\x4c\x20\x33\x38\x34\x20\x37\x30\x34\x20\x43\x20\x33\
\x36\x38\x20\x37\x30\x34\x2c\x20\x33\x36\x30\x20\x36\x39\x36\x2c\
\x20\x33\x36\x30\x20\x36\x38\x30\x20\x4c\x20\x33\x36\x30\x20\x33\
\x34\x34\x20\x43\x20\x33\x36\x30\x20\x33\x32\x38\x2c\x20\x33\x36\
\x38\x20\x33\x32\x30\x2c\x20\x33\x38\x34\x20\x33\x32\x30\x20\x5a\
\x20\x4d\x20\x34\x33\x32\x20\x34\x36\x30\x20\x4c\x20\x35\x39\x32\
\x20\x34\x36\x30\x20\x4d\x20\x34\x33\x32\x20\x35\x36\x34\x20\x4c\
\x20\x35\x39\x32\x20\x35\x36\x34\x22\x20\x66\x69\x6c\x6c\x3d\x22\
\x6e\x6f\x6e\x65\x22\x20\x73\x74\x72\x6f\x6b\x65\x3d\x22\x23\x33\
\x33\x33\x33\x33\x33\x22\x20\x73\x74\x72\x6f\x6b\x65\x2d\x77\x69\
\x64\x74\x68\x3d\x22\x35\x36\x22\x20\x73\x74\x72\x6f\x6b\x65\x2d\
\x6c\x69\x6e\x65\x63\x61\x70\x3d\x22\x72\x6f\x75\x6e\x64\x22\x20\
\x73\x74\x72\x6f\x6b\x65\x2d\x6c\x69\x6e\x65\x6a\x6f\x69\x6e\x3d\
\x22\x72\x6f\x75\x6e\x64\x22\x2f\x3e\x3c\x2f\x73\x76\x67\x3e\
\x00\x00\x04\x50\
\x00\
\x00\x0e\xc1\x78\x9c\x8d\x57\xdb\x6e\xe3\x36\x10\xfd\x95\x29\xfb\
\x2c\x8a\x37\x51\xd2\x22\xce\x02\x9b\x2c\x36\x05\x9a\x76\x81\x6e\
\x5b\xf4\xd1\x90\xd3\xc8\xa8\xd6\x0e\x22\x23\x0e\xf2\xf5\xa5\x2e\
\x9c\x19\x99\x0a\x5a\x3f\xc8\x14\x39\x1c\xce\xed\x9c\xa1\xae\x3e\
\xbe\x7e\xef\xe0\xe5\xe1\xb9\xdf\x1f\x0f\x1b\xa1\xa5\x12\xd0\x9f\
\xb6\x87\xdd\xb6\x3b\x1e\x1e\x36\xe2\x70\x14\x1f\xaf\xaf\x7e\xb8\
\xfd\xf5\xe6\xdb\x5f\x5f\x3f\x43\xff\xf2\x08\x5f\x7f\xff\xf4\xf3\
\x4f\x37\x20\xb2\x3c\xff\xd3\xde\xe4\xf9\xed\xb7\x5b\xf8\xed\x8f\
\x2f\xa0\xa5\xce\xf3\xcf\xbf\x08\x10\xed\xe9\xf4\xf4\x21\xcf\xcf\
\xe7\xb3\x3c\x5b\x79\x7c\x7e\xcc\xbf\x3c\x6f\x9f\xda\x7d\xd3\xe7\
\x41\x30\x1f\x04\xc3\xa6\x3c\x28\xd3\x5a\xee\x4e\x3b\x71\x7d\x35\
\x28\x3e\x85\xf3\xcb\xca\x79\xa7\x94\xd5\x55\x65\x05\x34\xdd\xb6\
\xef\x37\x62\xdf\x1c\x0f\x02\x5e\xf6\x0f\xe7\x4f\xc7\xd7\x8d\x50\
\xa0\x40\x2b\xe3\xc6\x87\xe0\xc6\x6b\x01\xc1\x9d\x43\xd8\x92\x9a\
\x60\x94\x52\xc3\x91\x02\x9e\xb2\xfd\x2e\x48\xbb\x52\x15\xb3\xfc\
\x87\xd7\x6e\x7f\xf8\x67\x6d\x97\xae\xeb\x3a\x1f\x57\x05\x9c\xf7\
\xbb\x53\xbb\x11\x41\x91\x80\xf6\x61\xff\xd8\x9e\xa6\x97\xeb\xab\
\xa7\xed\xa9\x85\xa0\xf3\xbe\xb0\x56\xda\xf1\x07\x95\x73\xb2\x6a\
\xb2\x4a\x16\xd3\xbb\x93\xc6\x87\x5f\x99\x69\x23\x2b\x88\xd3\x99\
\xd1\xb8\x01\xa7\x6a\x59\x8d\xa2\xa0\xb2\xd2\xc4\xd9\xa2\x90\x6e\
\x56\xa0\x8c\x74\x99\x76\x85\x54\xc3\x84\x0f\x62\xb8\x97\x4e\x29\
\xa7\xd5\x92\xa6\x4c\x21\xfd\x9d\xf3\xf5\x7c\xe0\x0b\x9e\xed\x1a\
\xc5\xec\x40\x79\x67\xa4\x9f\xec\x98\xd5\xbb\xcc\xbb\x36\xab\x8a\
\xb8\x8b\xa9\x8e\x26\x93\x25\x64\x2f\x4e\xc5\x9d\xb6\xc7\x8d\x28\
\x05\xa9\x54\xab\x6b\xd3\x14\x5a\x1a\x66\x89\xd6\x75\x54\xeb\x43\
\x01\x54\x96\xbd\x91\xae\x50\x1f\x5a\xc9\x7a\xf2\x07\x23\x01\xba\
\x28\x63\x64\x9d\x8f\xcb\xab\xc1\x0b\x29\x62\xce\xc5\xd0\x90\x1d\
\x99\xb6\x06\x85\x5d\x8c\x68\x66\x6c\x35\xab\xcd\x4c\xa5\xa5\x9f\
\x9f\x17\xea\x42\x1a\xd8\x99\xa8\x12\x83\x7c\x21\x8e\xa1\x4d\x12\
\xc3\xd4\xfc\xef\x3d\x6b\x53\x43\x0c\x8a\xa4\x0c\xb5\xa9\x00\x2b\
\x84\x39\x0c\xc1\x49\xc7\x5c\x05\xac\xc4\x70\x70\x59\x46\x3d\x34\
\xc4\x13\x61\xb4\x12\x11\xc1\x03\xe1\x20\x09\xc4\x2c\x30\xc2\x85\
\x15\xff\x88\x1e\xb4\x56\x8d\x3a\xc3\x1f\x81\x06\x4f\x63\xfe\x4d\
\x52\xb8\x42\xc2\x04\xcf\x18\x53\x58\x58\x0b\x0b\x63\x20\xb5\x96\
\x8d\x58\x88\xa8\x26\x80\x05\x6a\xac\x86\xf9\x79\x61\x10\x53\xce\
\x6d\x59\x9e\x8e\xe2\x29\x6a\x30\x24\x8e\x6c\x4c\x22\xa3\x48\x73\
\xb6\x38\x9a\xde\x10\x17\x94\x05\x5f\x2d\x60\x31\x66\x9f\xd8\x85\
\x56\x29\x81\xb5\x8d\xe5\x57\x7a\x59\xbd\xc1\x77\xed\x54\xd8\xe9\
\x6d\x21\xcb\x09\xff\x8a\x7c\x09\x6c\xde\xa4\x24\x08\xd6\x49\x3d\
\xbb\x4e\xcc\x34\x1b\xe7\xd0\x27\x16\x13\x1c\xa0\x8a\xd1\xff\x68\
\xa9\x27\x1e\xe8\xa6\x85\xf0\x60\x07\xb3\x53\x28\xb5\x48\x12\x14\
\xf0\xc1\xa3\x36\xab\xab\xd9\xba\xe6\x5d\xd2\xe0\xc5\x3d\x05\x6d\
\xb9\x36\x89\x63\xb8\x89\x64\x30\xa2\x01\x96\xef\x12\xd1\x25\xd2\
\x59\x0a\x55\xc6\x63\x0b\xea\xed\xde\xa9\x3a\x54\x8f\xd5\x31\xfc\
\x37\xce\x46\x16\x05\x63\x7c\x0c\xb4\xab\x4c\x1c\xea\x52\xc5\x20\
\x14\xda\xb0\xd7\x1e\x1b\x12\x8b\xc9\xd8\x90\x88\x06\x7c\xa3\x20\
\x69\x7b\x8c\x86\x17\xa5\xd7\x06\xaf\x2c\xb5\xa1\x95\x76\x99\xec\
\x1b\xe3\xf7\x76\x4f\xe4\x0f\x45\x1d\xb9\xe6\x32\x1f\xd4\x54\x17\
\xf9\x48\x71\xf0\x5f\x0c\xea\x17\x74\x49\x46\xa9\x2c\x61\x9e\x0b\
\x51\x0e\xf4\x2c\x61\x1e\x66\x4b\x8b\xcd\xcd\x37\xef\xe1\x93\x88\
\x30\x1e\x46\x64\x18\x50\x55\xd4\x73\x8a\x21\x5d\xbe\xa3\x80\x0d\
\x90\xf4\x3e\xe4\xcc\x04\x47\x7c\xbf\xac\x98\x86\xd5\x19\x86\x0f\
\xe1\xc8\x8b\x30\xc2\x71\xa5\x0a\x69\xb0\x6c\x51\x08\x47\x0a\x61\
\x37\xaf\x0c\x78\x64\xda\xd7\xba\x2e\xc1\x85\xe2\x30\x02\x92\xf0\
\xb8\x64\xef\x55\x82\x75\x63\x07\xbb\x58\x9b\xc4\x11\xf0\x44\x07\
\x0c\x8e\x97\x3a\x93\x2b\xd3\x1a\x2f\x2d\xa9\x6e\x80\xa3\x75\xc3\
\x81\xc6\x2a\xe9\xd8\xfd\x90\xfc\x65\x15\x9f\xd2\x03\xa3\xe3\x65\
\x5b\x4d\x9b\x5b\xda\x5b\xfd\xdd\x98\xf0\x86\xe8\x7b\xf4\x9d\x92\
\x3b\xdc\xb6\x58\x8d\x11\xd8\xc7\x2a\x1c\x85\x2f\x2e\x64\xa1\x99\
\xcd\x09\xc5\xda\x23\x53\xe8\x4e\x87\x9c\x8c\x27\xa7\x8e\x87\xaa\
\xf4\x0e\xa7\x09\xd3\x1d\xcb\x3b\x8e\x88\xba\xa9\x36\x99\x23\x43\
\x55\xb0\x57\xba\x36\x0e\x88\xa4\x3b\x24\x75\x2a\x64\x21\xbb\x3e\
\xec\xd9\x18\xd6\xb6\xc1\xda\x3a\xac\xaf\x33\xca\xe3\x97\x14\x84\
\xea\x44\x1a\xcc\xce\xe8\x89\xeb\xa8\x44\x11\x7e\x0d\xbb\xe1\x52\
\xe9\xd0\xb5\x04\xe7\x88\x1d\x54\xcf\xbe\x0f\x18\x59\x45\x09\x17\
\x72\x91\x51\x6b\x20\x8e\x6a\x58\x4d\x0c\xdc\x56\xf1\xef\x12\x33\
\xa0\xb8\xea\x17\x33\x30\xcf\x0e\xff\xbc\x65\xcc\x2b\x8b\x99\x28\
\xf7\xc6\xbf\xd1\xbc\x80\xbf\xf7\x5d\xb7\x11\x3f\x4e\xb1\x09\x9f\
\x5b\xf9\xf0\xbd\x15\xfe\xc2\xd7\xdc\xf5\xbf\x9e\x88\x13\x76\
\x00\x00\x01\xd2\
\x3c\
\x3f\x78\x6d\x6c\x20\x76\x65\x72\x73\x69\x6f\x6e\x3d\x22\x31\x2e\
\x30\x22\x20\x73\x74\x61\x6e\x64\x61\x6c\x6f\x6e\x65\x3d\x22\x6e\
\x6f\x22\x3f\x3e\x3c\x21\x44\x4f\x43\x54\x59\x50\x45\x20\x73\x76\
\x67\x20\x50\x55\x42\x4c\x49\x43\x20\x22\x2d\x2f\x2f\x57\x33\x43\
\x2f\x2f\x44\x54\x44\x20\x53\x56\x47\x20\x31\x2e\x31\x2f\x2f\x45\
\x4e\x22\x20\x22\x68\x74\x74\x70\x3a\x2f\x2f\x77\x77\x77\x2e\x77\
\x33\x2e\x6f\x72\x67\x2f\x47\x72\x61\x70\x68\x69\x63\x73\x2f\x53\
\x56\x47\x2f\x31\x2e\x31\x2f\x44\x54\x44\x2f\x73\x76\x67\x31\x31\
\x2e\x64\x74\x64\x22\x3e\x3c\x73\x76\x67\x20\x74\x3d\x22\x31\x37\
\x37\x37\x31\x37\x31\x33\x34\x37\x39\x35\x37\x22\x20\x63\x6c\x61\
\x73\x73\x3d\x22\x69\x63\x6f\x6e\x22\x20\x76\x69\x65\x77\x42\x6f\
\x78\x3d\x22\x30\x20\x30\x20\x31\x30\x32\x34\x20\x31\x30\x32\x34\
\x22\x20\x76\x65\x72\x73\x69\x6f\x6e\x3d\x22\x31\x2e\x31\x22\x20\
\x78\x6d\x6c\x6e\x73\x3d\x22\x68\x74\x74\x70\x3a\x2f\x2f\x77\x77\
\x77\x2e\x77\x33\x2e\x6f\x72\x67\x2f\x32\x30\x30\x30\x2f\x73\x76\
\x67\x22\x20\x70\x2d\x69\x64\x3d\x22\x34\x39\x31\x36\x22\x20\x78\
\x6d\x6c\x6e\x73\x3a\x78\x6c\x69\x6e\x6b\x3d\x22\x68\x74\x74\x70\
\x3a\x2f\x2f\x77\x77\x77\x2e\x77\x33\x2e\x6f\x72\x67\x2f\x31\x39\
\x39\x39\x2f\x78\x6c\x69\x6e\x6b\x22\x20\x77\x69\x64\x74\x68\x3d\
\x22\x32\x30\x30\x22\x20\x68\x65\x69\x67\x68\x74\x3d\x22\x32\x30\
\x30\x22\x3e\x3c\x70\x61\x74\x68\x20\x64\x3d\x22\x4d\x39\x32\x33\
\x20\x35\x37\x31\x48\x31\x33\x30\x2e\x37\x63\x2d\x32\x37\x2e\x36\
\x20\x30\x2d\x35\x30\x2d\x32\x32\x2e\x34\x2d\x35\x30\x2d\x35\x30\
\x73\x32\x32\x2e\x34\x2d\x35\x30\x20\x35\x30\x2d\x35\x30\x48\x39\
\x32\x33\x63\x32\x37\x2e\x36\x20\x30\x20\x35\x30\x20\x32\x32\x2e\
\x34\x20\x35\x30\x20\x35\x30\x73\x2d\x32\x32\x2e\x34\x20\x35\x30\
\x2d\x35\x30\x20\x35\x30\x7a\x22\x20\x66\x69\x6c\x6c\x3d\x22\x23\
\x33\x33\x33\x33\x33\x33\x22\x20\x70\x2d\x69\x64\x3d\x22\x34\x39\
\x31\x37\x22\x3e\x3c\x2f\x70\x61\x74\x68\x3e\x3c\x2f\x73\x76\x67\
\x3e\
\x00\x00\x03\xef\
\x3c\
\x3f\x78\x6d\x6c\x20\x76\x65\x72\x73\x69\x6f\x6e\x3d\x22\x31\x2e\
\x30\x22\x20\x73\x74\x61\x6e\x64\x61\x6c\x6f\x6e\x65\x3d\x22\x6e\
\x6f\x22\x3f\x3e\x3c\x21\x44\x4f\x43\x54\x59\x50\x45\x20\x73\x76\
\x67\x20\x50\x55\x42\x4c\x49\x43\x20\x22\x2d\x2f\x2f\x57\x33\x43\
\x2f\x2f\x44\x54\x44\x20\x53\x56\x47\x20\x31\x2e\x31\x2f\x2f\x45\
\x4e\x22\x20\x22\x68\x74\x74\x70\x3a\x2f\x2f\x77\x77\x77\x2e\x77\
\x33\x2e\x6f\x72\x67\x2f\x47\x72\x61\x70\x68\x69\x63\x73\x2f\x53\
\x56\x47\x2f\x31\x2e\x31\x2f\x44\x54\x44\x2f\x73\x76\x67\x31\x31\
\x2e\x64\x74\x64\x22\x3e\x3c\x73\x76\x67\x20\x74\x3d\x22\x31\x37\
\x38\x35\x37\x37\x39\x36\x34\x30\x38\x34\x34\x22\x20\x63\x6c\x61\
\x73\x73\x3d\x22\x69\x63\x6f\x6e\x22\x20\x76\x69\x65\x77\x42\x6f\
\x78\x3d\x22\x30\x20\x30\x20\x31\x30\x32\x34\x20\x31\x30\x32\x34\
\x22\x20\x76\x65\x72\x73\x69\x6f\x6e\x3d\x22\x31\x2e\x31\x22\x20\
\x78\x6d\x6c\x6e\x73\x3d\x22\x68\x74\x74\x70\x3a\x2f\x2f\x77\x77\
\x77\x2e\x77\x33\x2e\x6f\x72\x67\x2f\x32\x30\x30\x30\x2f\x73\x76\
\x67\x22\x20\x70\x2d\x69\x64\x3d\x22\x35\x33\x35\x36\x22\x20\x78\
\x6d\x6c\x6e\x73\x3a\x78\x6c\x69\x6e\x6b\x3d\x22\x68\x74\x74\x70\
\x3a\x2f\x2f\x77\x77\x77\x2e\x77\x33\x2e\x6f\x72\x67\x2f\x31\x39\
\x39\x39\x2f\x78\x6c\x69\x6e\x6b\x22\x20\x77\x69\x64\x74\x68\x3d\
\x22\x32\x30\x30\x22\x20\x68\x65\x69\x67\x68\x74\x3d\x22\x32\x30\
\x30\x22\x3e\x3c\x70\x61\x74\x68\x20\x64\x3d\x22\x4d\x31\x30\x32\
\x34\x2e\x30\x30\x31\x30\x32\x34\x20\x38\x37\x30\x2e\x34\x61\x33\
\x33\x39\x2e\x39\x36\x38\x20\x33\x33\x39\x2e\x39\x36\x38\x20\x30\
\x20\x30\x20\x31\x2d\x35\x2e\x31\x32\x20\x35\x31\x2e\x32\x68\x2d\
\x31\x30\x32\x2e\x34\x61\x32\x30\x39\x2e\x34\x30\x38\x20\x32\x30\
\x39\x2e\x34\x30\x38\x20\x30\x20\x30\x20\x30\x20\x35\x2e\x31\x32\
\x2d\x35\x31\x2e\x32\x20\x32\x30\x34\x2e\x38\x20\x32\x30\x34\x2e\
\x38\x20\x30\x20\x30\x20\x30\x2d\x31\x39\x38\x2e\x36\x35\x36\x2d\
\x32\x30\x34\x2e\x38\x20\x33\x38\x33\x2e\x34\x38\x38\x20\x33\x38\
\x33\x2e\x34\x38\x38\x20\x30\x20\x30\x20\x31\x20\x34\x35\x2e\x30\
\x35\x36\x20\x31\x37\x39\x2e\x32\x20\x33\x37\x39\x2e\x33\x39\x32\
\x20\x33\x37\x39\x2e\x33\x39\x32\x20\x30\x20\x30\x20\x31\x2d\x37\
\x2e\x36\x38\x20\x37\x36\x2e\x38\x68\x2d\x31\x30\x36\x2e\x34\x39\
\x36\x61\x32\x39\x33\x2e\x33\x37\x36\x20\x32\x39\x33\x2e\x33\x37\
\x36\x20\x30\x20\x30\x20\x30\x20\x31\x31\x2e\x37\x37\x36\x2d\x37\
\x36\x2e\x38\x20\x32\x38\x31\x2e\x36\x20\x32\x38\x31\x2e\x36\x20\
\x30\x20\x30\x20\x30\x2d\x35\x36\x33\x2e\x32\x20\x30\x20\x32\x39\
\x33\x2e\x33\x37\x36\x20\x32\x39\x33\x2e\x33\x37\x36\x20\x30\x20\
\x30\x20\x30\x20\x31\x31\x2e\x37\x37\x36\x20\x37\x36\x2e\x38\x48\
\x37\x2e\x36\x38\x31\x30\x32\x34\x41\x33\x37\x39\x2e\x33\x39\x32\
\x20\x33\x37\x39\x2e\x33\x39\x32\x20\x30\x20\x30\x20\x31\x20\x30\
\x2e\x30\x30\x31\x30\x32\x34\x20\x38\x34\x34\x2e\x38\x61\x33\x38\
\x34\x2e\x35\x31\x32\x20\x33\x38\x34\x2e\x35\x31\x32\x20\x30\x20\
\x30\x20\x31\x20\x32\x32\x32\x2e\x32\x30\x38\x2d\x33\x34\x38\x2e\
\x31\x36\x20\x32\x33\x30\x2e\x34\x20\x32\x33\x30\x2e\x34\x20\x30\
\x20\x31\x20\x31\x20\x33\x38\x37\x2e\x35\x38\x34\x2d\x32\x30\x39\
\x2e\x39\x32\x20\x32\x30\x34\x2e\x38\x20\x32\x30\x34\x2e\x38\x20\
\x30\x20\x30\x20\x31\x20\x32\x35\x36\x20\x33\x31\x35\x2e\x39\x30\
\x34\x41\x33\x30\x37\x2e\x32\x20\x33\x30\x37\x2e\x32\x20\x30\x20\
\x30\x20\x31\x20\x31\x30\x32\x34\x2e\x30\x30\x31\x30\x32\x34\x20\
\x38\x37\x30\x2e\x34\x7a\x4d\x33\x38\x34\x2e\x30\x30\x31\x30\x32\
\x34\x20\x32\x30\x34\x2e\x38\x41\x31\x32\x38\x20\x31\x32\x38\x20\
\x30\x20\x31\x20\x30\x20\x35\x31\x32\x2e\x30\x30\x31\x30\x32\x34\
\x20\x33\x33\x32\x2e\x38\x20\x31\x32\x38\x20\x31\x32\x38\x20\x30\
\x20\x30\x20\x30\x20\x33\x38\x34\x2e\x30\x30\x31\x30\x32\x34\x20\
\x32\x30\x34\x2e\x38\x7a\x4d\x37\x31\x36\x2e\x38\x30\x31\x30\x32\
\x34\x20\x33\x35\x38\x2e\x34\x61\x31\x30\x32\x2e\x34\x20\x31\x30\
\x32\x2e\x34\x20\x30\x20\x31\x20\x30\x20\x31\x30\x32\x2e\x34\x20\
\x31\x30\x32\x2e\x34\x20\x31\x30\x32\x2e\x34\x20\x31\x30\x32\x2e\
\x34\x20\x30\x20\x30\x20\x30\x2d\x31\x30\x32\x2e\x34\x2d\x31\x30\
\x32\x2e\x34\x7a\x22\x20\x66\x69\x6c\x6c\x3d\x22\x23\x33\x33\x33\
\x33\x33\x33\x22\x20\x70\x2d\x69\x64\x3d\x22\x35\x33\x35\x37\x22\
\x3e\x3c\x2f\x70\x61\x74\x68\x3e\x3c\x2f\x73\x76\x67\x3e\
\x00\x00\x03\x2c\
\x3c\
\x3f\x78\x6d\x6c\x20\x76\x65\x72\x73\x69\x6f\x6e\x3d\x22\x31\x2e\
\x30\x22\x20\x73\x74\x61\x6e\x64\x61\x6c\x6f\x6e\x65\x3d\x22\x6e\
\x6f\x22\x3f\x3e\x3c\x21\x44\x4f\x43\x54\x59\x50\x45\x20\x73\x76\
\x67\x20\x50\x55\x42\x4c\x49\x43\x20\x22\x2d\x2f\x2f\x57\x33\x43\
\x2f\x2f\x44\x54\x44\x20\x53\x56\x47\x20\x31\x2e\x31\x2f\x2f\x45\
\x4e\x22\x20\x22\x68\x74\x74\x70\x3a\x2f\x2f\x77\x77\x77\x2e\x77\
\x33\x2e\x6f\x72\x67\x2f\x47\x72\x61\x70\x68\x69\x63\x73\x2f\x53\
\x56\x47\x2f\x31\x2e\x31\x2f\x44\x54\x44\x2f\x73\x76\x67\x31\x31\
\x2e\x64\x74\x64\x22\x3e\x3c\x73\x76\x67\x20\x74\x3d\x22\x31\x37\
\x36\x36\x35\x30\x34\x38\x31\x38\x32\x30\x39\x22\x20\x63\x6c\x61\
\x73\x73\x3d\x22\x69\x63\x6f\x6e\x22\x20\x76\x69\x65\x77\x42\x6f\
\x78\x3d\x22\x30\x20\x30\x20\x31\x30\x32\x34\x20\x31\x30\x32\x34\
\x22\x20\x76\x65\x72\x73\x69\x6f\x6e\x3d\x22\x31\x2e\x31\x22\x20\
\x78\x6d\x6c\x6e\x73\x3d\x22\x68\x74\x74\x70\x3a\x2f\x2f\x77\x77\
\x77\x2e\x77\x33\x2e\x6f\x72\x67\x2f\x32\x30\x30\x30\x2f\x73\x76\
\x67\x22\x20\x70\x2d\x69\x64\x3d\x22\x32\x36\x35\x30\x33\x22\x20\
\x78\x6d\x6c\x6e\x73\x3a\x78\x6c\x69\x6e\x6b\x3d\x22\x68\x74\x74\
\x70\x3a\x2f\x2f\x77\x77\x77\x2e\x77\x33\x2e\x6f\x72\x67\x2f\x31\
\x39\x39\x39\x2f\x78\x6c\x69\x6e\x6b\x22\x20\x77\x69\x64\x74\x68\
\x3d\x22\x32\x30\x30\x22\x20\x68\x65\x69\x67\x68\x74\x3d\x22\x32\
\x30\x30\x22\x3e\x3c\x70\x61\x74\x68\x20\x64\x3d\x22\x4d\x35\x30\
\x33\x2e\x31\x33\x38\x31\x36\x38\x20\x37\x37\x30\x2e\x34\x31\x36\
\x35\x33\x38\x63\x2d\x31\x35\x2e\x32\x33\x38\x30\x35\x33\x20\x30\
\x2d\x33\x30\x2e\x34\x37\x36\x31\x30\x35\x2d\x35\x2e\x38\x31\x36\
\x34\x37\x32\x2d\x34\x32\x2e\x31\x30\x39\x30\x35\x2d\x31\x37\x2e\
\x34\x34\x38\x33\x39\x34\x4c\x38\x30\x2e\x39\x32\x36\x31\x32\x34\
\x20\x33\x37\x32\x2e\x38\x36\x35\x31\x34\x39\x63\x2d\x32\x33\x2e\
\x32\x36\x34\x38\x36\x36\x2d\x32\x33\x2e\x32\x36\x34\x38\x36\x36\
\x2d\x32\x33\x2e\x32\x36\x34\x38\x36\x36\x2d\x36\x30\x2e\x39\x35\
\x33\x32\x33\x34\x20\x30\x2d\x38\x34\x2e\x32\x31\x37\x30\x37\x37\
\x20\x32\x33\x2e\x32\x36\x34\x38\x36\x36\x2d\x32\x33\x2e\x32\x36\
\x34\x38\x36\x36\x20\x36\x30\x2e\x39\x35\x33\x32\x33\x34\x2d\x32\
\x33\x2e\x32\x36\x34\x38\x36\x36\x20\x38\x34\x2e\x32\x31\x37\x30\
\x37\x37\x20\x30\x6c\x33\x33\x37\x2e\x39\x39\x33\x39\x34\x34\x20\
\x33\x33\x37\x2e\x39\x39\x33\x39\x34\x34\x20\x33\x35\x34\x2e\x31\
\x32\x34\x33\x32\x2d\x33\x35\x34\x2e\x30\x38\x35\x34\x33\x34\x63\
\x32\x33\x2e\x32\x36\x34\x38\x36\x36\x2d\x32\x33\x2e\x32\x36\x34\
\x38\x36\x36\x20\x36\x30\x2e\x39\x35\x33\x32\x33\x34\x2d\x32\x33\
\x2e\x32\x36\x34\x38\x36\x36\x20\x38\x34\x2e\x32\x31\x37\x30\x37\
\x37\x20\x30\x20\x32\x33\x2e\x32\x36\x34\x38\x36\x36\x20\x32\x33\
\x2e\x32\x36\x34\x38\x36\x36\x20\x32\x33\x2e\x32\x36\x34\x38\x36\
\x36\x20\x36\x30\x2e\x39\x35\x33\x32\x33\x34\x20\x30\x20\x38\x34\
\x2e\x32\x31\x37\x30\x37\x37\x4c\x35\x34\x35\x2e\x32\x34\x37\x32\
\x31\x38\x20\x37\x35\x32\x2e\x39\x36\x38\x31\x34\x34\x43\x35\x33\
\x33\x2e\x36\x31\x34\x32\x37\x34\x20\x37\x36\x34\x2e\x36\x30\x31\
\x30\x38\x38\x20\x35\x31\x38\x2e\x33\x37\x36\x32\x32\x31\x20\x37\
\x37\x30\x2e\x34\x31\x36\x35\x33\x38\x20\x35\x30\x33\x2e\x31\x33\
\x38\x31\x36\x38\x20\x37\x37\x30\x2e\x34\x31\x36\x35\x33\x38\x7a\
\x22\x20\x66\x69\x6c\x6c\x3d\x22\x23\x33\x33\x33\x33\x33\x33\x22\
\x20\x70\x2d\x69\x64\x3d\x22\x32\x36\x35\x30\x34\x22\x3e\x3c\x2f\
\x70\x61\x74\x68\x3e\x3c\x2f\x73\x76\x67\x3e\
\x00\x00\x06\x01\
\x3c\
\x3f\x78\x6d\x6c\x20\x76\x65\x72\x73\x69\x6f\x6e\x3d\x22\x31\x2e\
\x30\x22\x20\x73\x74\x61\x6e\x64\x61\x6c\x6f\x6e\x65\x3d\x22\x6e\
\x6f\x22\x3f\x3e\x3c\x21\x44\x4f\x43\x54\x59\x50\x45\x20\x73\x76\
\x67\x20\x50\x55\x42\x4c\x49\x43\x20\x22\x2d\x2f\x2f\x57\x33\x43\
\x2f\x2f\x44\x54\x44\x20\x53\x56\x47\x20\x31\x2e\x31\x2f\x2f\x45\
\x4e\x22\x20\x22\x68\x74\x74\x70\x3a\x2f\x2f\x77\x77\x77\x2e\x77\
\x33\x2e\x6f\x72\x67\x2f\x47\x72\x61\x70\x68\x69\x63\x73\x2f\x53\
\x56\x47\x2f\x31\x2e\x31\x2f\x44\x54\x44\x2f\x73\x76\x67\x31\x31\
\x2e\x64\x74\x64\x22\x3e\x3c\x73\x76\x67\x20\x74\x3d\x22\x31\x37\
\x37\x38\x38\x35\x30\x30\x38\x32\x37\x37\x31\x22\x20\x63\x6c\x61\
\x73\x73\x3d\x22\x69\x63\x6f\x6e\x22\x20\x76\x69\x65\x77\x42\x6f\
\x78\x3d\x22\x30\x20\x30\x20\x31\x30\x36\x36\x20\x31\x30\x32\x34\
\x22\x20\x76\x65\x72\x73\x69\x6f\x6e\x3d\x22\x31\x2e\x31\x22\x20\
\x78\x6d\x6c\x6e\x73\x3d\x22\x68\x74\x74\x70\x3a\x2f\x2f\x77\x77\
\x77\x2e\x77\x33\x2e\x6f\x72\x67\x2f\x32\x30\x30\x30\x2f\x73\x76\
\x67\x22\x20\x70\x2d\x69\x64\x3d\x22\x35\x36\x33\x31\x22\x20\x78\
\x6d\x6c\x6e\x73\x3a\x78\x6c\x69\x6e\x6b\x3d\x22\x68\x74\x74\x70\
\x3a\x2f\x2f\x77\x77\x77\x2e\x77\x33\x2e\x6f\x72\x67\x2f\x31\x39\
\x39\x39\x2f\x78\x6c\x69\x6e\x6b\x22\x20\x77\x69\x64\x74\x68\x3d\
\x22\x32\x30\x38\x2e\x32\x30\x33\x31\x32\x35\x22\x20\x68\x65\x69\
\x67\x68\x74\x3d\x22\x32\x30\x30\x22\x3e\x3c\x70\x61\x74\x68\x20\
\x64\x3d\x22\x4d\x32\x35\x38\x2e\x30\x38\x20\x37\x37\x30\x2e\x33\
\x34\x36\x36\x36\x37\x61\x32\x35\x36\x2e\x38\x35\x33\x33\x33\x33\
\x20\x32\x35\x36\x2e\x38\x35\x33\x33\x33\x33\x20\x30\x20\x30\x20\
\x31\x2d\x31\x38\x32\x2e\x38\x36\x39\x33\x33\x33\x2d\x37\x35\x2e\
\x36\x39\x30\x36\x36\x37\x43\x2d\x32\x35\x2e\x30\x31\x33\x33\x33\
\x33\x20\x35\x39\x33\x2e\x39\x32\x2d\x32\x35\x2e\x30\x31\x33\x33\
\x33\x33\x20\x34\x33\x30\x2e\x31\x36\x35\x33\x33\x33\x20\x37\x35\
\x2e\x31\x32\x35\x33\x33\x33\x20\x33\x32\x39\x2e\x35\x31\x34\x36\
\x36\x37\x61\x32\x35\x36\x2e\x39\x38\x31\x33\x33\x33\x20\x32\x35\
\x36\x2e\x39\x38\x31\x33\x33\x33\x20\x30\x20\x30\x20\x31\x20\x31\
\x38\x32\x2e\x39\x39\x37\x33\x33\x34\x2d\x37\x35\x2e\x38\x31\x38\
\x36\x36\x37\x63\x36\x39\x2e\x30\x37\x37\x33\x33\x33\x20\x30\x20\
\x31\x33\x34\x2e\x30\x31\x36\x20\x32\x36\x2e\x38\x38\x20\x31\x38\
\x32\x2e\x38\x36\x39\x33\x33\x33\x20\x37\x35\x2e\x36\x39\x30\x36\
\x36\x37\x6c\x31\x33\x37\x2e\x33\x38\x36\x36\x36\x37\x20\x31\x33\
\x37\x2e\x33\x38\x36\x36\x36\x36\x61\x36\x34\x20\x36\x34\x20\x30\
\x20\x31\x20\x31\x2d\x39\x30\x2e\x34\x39\x36\x20\x39\x30\x2e\x34\
\x39\x36\x6c\x2d\x31\x33\x37\x2e\x33\x38\x36\x36\x36\x37\x2d\x31\
\x33\x37\x2e\x33\x34\x34\x63\x2d\x34\x39\x2e\x34\x30\x38\x2d\x34\
\x39\x2e\x34\x30\x38\x2d\x31\x33\x35\x2e\x35\x30\x39\x33\x33\x33\
\x2d\x34\x39\x2e\x33\x36\x35\x33\x33\x33\x2d\x31\x38\x34\x2e\x37\
\x34\x36\x36\x36\x37\x2d\x30\x2e\x30\x34\x32\x36\x36\x36\x61\x31\
\x33\x30\x2e\x39\x38\x36\x36\x36\x37\x20\x31\x33\x30\x2e\x39\x38\
\x36\x36\x36\x37\x20\x30\x20\x30\x20\x30\x20\x30\x2e\x30\x38\x35\
\x33\x33\x34\x20\x31\x38\x34\x2e\x33\x36\x32\x36\x36\x36\x63\x34\
\x39\x2e\x30\x32\x34\x20\x34\x39\x2e\x30\x32\x34\x20\x31\x33\x35\
\x2e\x32\x35\x33\x33\x33\x33\x20\x34\x39\x2e\x32\x33\x37\x33\x33\
\x33\x20\x31\x38\x34\x2e\x35\x33\x33\x33\x33\x33\x2d\x30\x2e\x31\
\x32\x38\x6c\x31\x36\x2e\x36\x38\x32\x36\x36\x37\x2d\x31\x36\x2e\
\x36\x38\x32\x36\x36\x36\x61\x36\x34\x20\x36\x34\x20\x30\x20\x30\
\x20\x31\x20\x39\x30\x2e\x34\x39\x36\x20\x39\x30\x2e\x35\x38\x31\
\x33\x33\x33\x6c\x2d\x31\x36\x2e\x36\x34\x20\x31\x36\x2e\x36\x34\
\x61\x32\x35\x36\x2e\x38\x35\x33\x33\x33\x33\x20\x32\x35\x36\x2e\
\x38\x35\x33\x33\x33\x33\x20\x30\x20\x30\x20\x31\x2d\x31\x38\x32\
\x2e\x38\x32\x36\x36\x36\x37\x20\x37\x35\x2e\x36\x39\x30\x36\x36\
\x37\x7a\x22\x20\x66\x69\x6c\x6c\x3d\x22\x23\x33\x33\x33\x33\x33\
\x33\x22\x20\x70\x2d\x69\x64\x3d\x22\x35\x36\x33\x32\x22\x3e\x3c\
\x2f\x70\x61\x74\x68\x3e\x3c\x70\x61\x74\x68\x20\x64\x3d\x22\x4d\
\x38\x30\x38\x2e\x30\x35\x33\x33\x33\x33\x20\x37\x37\x30\x2e\x33\
\x34\x36\x36\x36\x37\x61\x32\x35\x37\x2e\x30\x32\x34\x20\x32\x35\
\x37\x2e\x30\x32\x34\x20\x30\x20\x30\x20\x31\x2d\x31\x38\x32\x2e\
\x38\x36\x39\x33\x33\x33\x2d\x37\x35\x2e\x36\x39\x30\x36\x36\x37\
\x6c\x2d\x31\x33\x37\x2e\x33\x38\x36\x36\x36\x37\x2d\x31\x33\x37\
\x2e\x33\x38\x36\x36\x36\x37\x61\x36\x34\x20\x36\x34\x20\x30\x20\
\x31\x20\x31\x20\x39\x30\x2e\x34\x39\x36\x2d\x39\x30\x2e\x34\x39\
\x36\x6c\x31\x33\x37\x2e\x33\x38\x36\x36\x36\x37\x20\x31\x33\x37\
\x2e\x33\x34\x34\x63\x34\x39\x2e\x33\x36\x35\x33\x33\x33\x20\x34\
\x39\x2e\x34\x35\x30\x36\x36\x37\x20\x31\x33\x35\x2e\x34\x36\x36\
\x36\x36\x37\x20\x34\x39\x2e\x33\x36\x35\x33\x33\x33\x20\x31\x38\
\x34\x2e\x37\x30\x34\x20\x30\x2e\x30\x34\x32\x36\x36\x37\x61\x31\
\x33\x30\x2e\x39\x38\x36\x36\x36\x37\x20\x31\x33\x30\x2e\x39\x38\
\x36\x36\x36\x37\x20\x30\x20\x30\x20\x30\x2d\x30\x2e\x30\x38\x35\
\x33\x33\x33\x2d\x31\x38\x34\x2e\x33\x36\x32\x36\x36\x37\x63\x2d\
\x34\x39\x2e\x30\x32\x34\x2d\x34\x39\x2e\x30\x36\x36\x36\x36\x37\
\x2d\x31\x33\x35\x2e\x32\x35\x33\x33\x33\x33\x2d\x34\x39\x2e\x31\
\x39\x34\x36\x36\x37\x2d\x31\x38\x34\x2e\x35\x33\x33\x33\x33\x34\
\x20\x30\x2e\x31\x32\x38\x6c\x2d\x31\x36\x2e\x36\x38\x32\x36\x36\
\x36\x20\x31\x36\x2e\x36\x38\x32\x36\x36\x37\x61\x36\x34\x20\x36\
\x34\x20\x30\x20\x30\x20\x31\x2d\x39\x30\x2e\x34\x39\x36\x2d\x39\
\x30\x2e\x35\x38\x31\x33\x33\x33\x6c\x31\x36\x2e\x36\x34\x2d\x31\
\x36\x2e\x36\x34\x61\x32\x35\x36\x2e\x38\x35\x33\x33\x33\x33\x20\
\x32\x35\x36\x2e\x38\x35\x33\x33\x33\x33\x20\x30\x20\x30\x20\x31\
\x20\x31\x38\x32\x2e\x38\x32\x36\x36\x36\x36\x2d\x37\x35\x2e\x36\
\x34\x38\x63\x36\x39\x2e\x31\x32\x20\x30\x20\x31\x33\x34\x2e\x30\
\x35\x38\x36\x36\x37\x20\x32\x36\x2e\x38\x38\x20\x31\x38\x32\x2e\
\x38\x36\x39\x33\x33\x34\x20\x37\x35\x2e\x36\x39\x30\x36\x36\x36\
\x20\x31\x30\x30\x2e\x32\x32\x34\x20\x31\x30\x30\x2e\x37\x33\x36\
\x20\x31\x30\x30\x2e\x32\x32\x34\x20\x32\x36\x34\x2e\x34\x39\x30\
\x36\x36\x37\x20\x30\x2e\x30\x38\x35\x33\x33\x33\x20\x33\x36\x35\
\x2e\x31\x34\x31\x33\x33\x34\x61\x32\x35\x37\x2e\x31\x30\x39\x33\
\x33\x33\x20\x32\x35\x37\x2e\x31\x30\x39\x33\x33\x33\x20\x30\x20\
\x30\x20\x31\x2d\x31\x38\x32\x2e\x39\x35\x34\x36\x36\x37\x20\x37\
\x35\x2e\x37\x37\x36\x7a\x22\x20\x66\x69\x6c\x6c\x3d\x22\x23\x33\
\x33\x33\x33\x33\x33\x22\x20\x70\x2d\x69\x64\x3d\x22\x35\x36\x33\
\x33\x22\x3e\x3c\x2f\x70\x61\x74\x68\x3e\x3c\x2f\x73\x76\x67\x3e\
\
\x00\x00\x02\x0e\
\x3c\
\x3f\x78\x6d\x6c\x20\x76\x65\x72\x73\x69\x6f\x6e\x3d\x22\x31\x2e\
\x30\x22\x20\x73\x74\x61\x6e\x64\x61\x6c\x6f\x6e\x65\x3d\x22\x6e\
\x6f\x22\x3f\x3e\x3c\x21\x44\x4f\x43\x54\x59\x50\x45\x20\x73\x76\
\x67\x20\x50\x55\x42\x4c\x49\x43\x20\x22\x2d\x2f\x2f\x57\x33\x43\
\x2f\x2f\x44\x54\x44\x20\x53\x56\x47\x20\x31\x2e\x31\x2f\x2f\x45\
\x4e\x22\x20\x22\x68\x74\x74\x70\x3a\x2f\x2f\x77\x77\x77\x2e\x77\
\x33\x2e\x6f\x72\x67\x2f\x47\x72\x61\x70\x68\x69\x63\x73\x2f\x53\
\x56\x47\x2f\x31\x2e\x31\x2f\x44\x54\x44\x2f\x73\x76\x67\x31\x31\
\x2e\x64\x74\x64\x22\x3e\x3c\x73\x76\x67\x20\x74\x3d\x22\x31\x37\
\x37\x34\x38\x34\x30\x31\x36\x39\x37\x39\x33\x22\x20\x63\x6c\x61\
\x73\x73\x3d\x22\x69\x63\x6f\x6e\x22\x20\x76\x69\x65\x77\x42\x6f\
\x78\x3d\x22\x30\x20\x30\x20\x31\x30\x32\x34\x20\x31\x30\x32\x34\
\x22\x20\x76\x65\x72\x73\x69\x6f\x6e\x3d\x22\x31\x2e\x31\x22\x20\
\x78\x6d\x6c\x6e\x73\x3d\x22\x68\x74\x74\x70\x3a\x2f\x2f\x77\x77\
\x77\x2e\x77\x33\x2e\x6f\x72\x67\x2f\x32\x30\x30\x30\x2f\x73\x76\
\x67\x22\x20\x70\x2d\x69\x64\x3d\x22\x31\x36\x37\x34\x22\x20\x78\
\x6d\x6c\x6e\x73\x3a\x78\x6c\x69\x6e\x6b\x3d\x22\x68\x74\x74\x70\
\x3a\x2f\x2f\x77\x77\x77\x2e\x77\x33\x2e\x6f\x72\x67\x2f\x31\x39\
\x39\x39\x2f\x78\x6c\x69\x6e\x6b\x22\x20\x77\x69\x64\x74\x68\x3d\
\x22\x32\x30\x30\x22\x20\x68\x65\x69\x67\x68\x74\x3d\x22\x32\x30\
\x30\x22\x3e\x3c\x70\x61\x74\x68\x20\x64\x3d\x22\x4d\x35\x39\x39\
\x2e\x35\x35\x32\x20\x38\x34\x32\x2e\x30\x39\x33\x37\x31\x34\x48\
\x37\x36\x38\x56\x31\x30\x32\x34\x68\x2d\x35\x31\x32\x76\x2d\x31\
\x38\x31\x2e\x39\x30\x36\x32\x38\x36\x68\x31\x36\x38\x2e\x32\x32\
\x38\x35\x37\x31\x56\x31\x38\x31\x2e\x39\x37\x39\x34\x32\x39\x48\
\x31\x34\x36\x2e\x32\x38\x35\x37\x31\x34\x76\x38\x36\x2e\x31\x36\
\x32\x32\x38\x35\x48\x30\x56\x30\x68\x31\x30\x32\x34\x76\x32\x36\
\x38\x2e\x31\x34\x31\x37\x31\x34\x68\x2d\x31\x34\x36\x2e\x32\x38\
\x35\x37\x31\x34\x56\x31\x38\x31\x2e\x39\x37\x39\x34\x32\x39\x48\
\x35\x39\x39\x2e\x35\x35\x32\x76\x36\x36\x30\x2e\x31\x31\x34\x32\
\x38\x35\x7a\x22\x20\x66\x69\x6c\x6c\x3d\x22\x23\x33\x33\x33\x33\
\x33\x33\x22\x20\x70\x2d\x69\x64\x3d\x22\x31\x36\x37\x35\x22\x3e\
\x3c\x2f\x70\x61\x74\x68\x3e\x3c\x2f\x73\x76\x67\x3e\
\x00\x00\x02\xa7\
\x3c\
\x3f\x78\x6d\x6c\x20\x76\x65\x72\x73\x69\x6f\x6e\x3d\x22\x31\x2e\
\x30\x22\x20\x73\x74\x61\x6e\x64\x61\x6c\x6f\x6e\x65\x3d\x22\x6e\
\x6f\x22\x3f\x3e\x3c\x21\x44\x4f\x43\x54\x59\x50\x45\x20\x73\x76\
\x67\x20\x50\x55\x42\x4c\x49\x43\x20\x22\x2d\x2f\x2f\x57\x33\x43\
\x2f\x2f\x44\x54\x44\x20\x53\x56\x47\x20\x31\x2e\x31\x2f\x2f\x45\
\x4e\x22\x20\x22\x68\x74\x74\x70\x3a\x2f\x2f\x77\x77\x77\x2e\x77\
\x33\x2e\x6f\x72\x67\x2f\x47\x72\x61\x70\x68\x69\x63\x73\x2f\x53\
\x56\x47\x2f\x31\x2e\x31\x2f\x44\x54\x44\x2f\x73\x76\x67\x31\x31\
\x2e\x64\x74\x64\x22\x3e\x3c\x73\x76\x67\x20\x74\x3d\x22\x31\x37\
\x37\x37\x31\x37\x31\x33\x36\x39\x33\x30\x36\x22\x20\x63\x6c\x61\
\x73\x73\x3d\x22\x69\x63\x6f\x6e\x22\x20\x76\x69\x65\x77\x42\x6f\
\x78\x3d\x22\x30\x20\x30\x20\x31\x30\x32\x34\x20\x31\x30\x32\x34\
\x22\x20\x76\x65\x72\x73\x69\x6f\x6e\x3d\x22\x31\x2e\x31\x22\x20\
\x78\x6d\x6c\x6e\x73\x3d\x22\x68\x74\x74\x70\x3a\x2f\x2f\x77\x77\
\x77\x2e\x77\x33\x2e\x6f\x72\x67\x2f\x32\x30\x30\x30\x2f\x73\x76\
\x67\x22\x20\x70\x2d\x69\x64\x3d\x22\x35\x39\x35\x37\x22\x20\x78\
\x6d\x6c\x6e\x73\x3a\x78\x6c\x69\x6e\x6b\x3d\x22\x68\x74\x74\x70\
\x3a\x2f\x2f\x77\x77\x77\x2e\x77\x33\x2e\x6f\x72\x67\x2f\x31\x39\
\x39\x39\x2f\x78\x6c\x69\x6e\x6b\x22\x20\x77\x69\x64\x74\x68\x3d\
\x22\x32\x30\x30\x22\x20\x68\x65\x69\x67\x68\x74\x3d\x22\x32\x30\
\x30\x22\x3e\x3c\x70\x61\x74\x68\x20\x64\x3d\x22\x4d\x37\x37\x30\
\x2e\x39\x20\x39\x32\x33\x2e\x33\x48\x32\x35\x33\x2e\x31\x63\x2d\
\x38\x33\x2e\x38\x20\x30\x2d\x31\x35\x31\x2e\x39\x2d\x36\x38\x2e\
\x32\x2d\x31\x35\x31\x2e\x39\x2d\x31\x35\x31\x2e\x39\x56\x32\x35\
\x33\x2e\x36\x63\x30\x2d\x38\x33\x2e\x38\x20\x36\x38\x2e\x32\x2d\
\x31\x35\x31\x2e\x39\x20\x31\x35\x31\x2e\x39\x2d\x31\x35\x31\x2e\
\x39\x68\x35\x31\x37\x2e\x38\x63\x38\x33\x2e\x38\x20\x30\x20\x31\
\x35\x31\x2e\x39\x20\x36\x38\x2e\x32\x20\x31\x35\x31\x2e\x39\x20\
\x31\x35\x31\x2e\x39\x76\x35\x31\x37\x2e\x38\x63\x30\x20\x38\x33\
\x2e\x38\x2d\x36\x38\x2e\x31\x20\x31\x35\x31\x2e\x39\x2d\x31\x35\
\x31\x2e\x39\x20\x31\x35\x31\x2e\x39\x7a\x4d\x32\x35\x33\x2e\x31\
\x20\x31\x38\x31\x2e\x37\x63\x2d\x33\x39\x2e\x37\x20\x30\x2d\x37\
\x31\x2e\x39\x20\x33\x32\x2e\x33\x2d\x37\x31\x2e\x39\x20\x37\x31\
\x2e\x39\x76\x35\x31\x37\x2e\x38\x63\x30\x20\x33\x39\x2e\x37\x20\
\x33\x32\x2e\x33\x20\x37\x31\x2e\x39\x20\x37\x31\x2e\x39\x20\x37\
\x31\x2e\x39\x68\x35\x31\x37\x2e\x38\x63\x33\x39\x2e\x37\x20\x30\
\x20\x37\x31\x2e\x39\x2d\x33\x32\x2e\x33\x20\x37\x31\x2e\x39\x2d\
\x37\x31\x2e\x39\x56\x32\x35\x33\x2e\x36\x63\x30\x2d\x33\x39\x2e\
\x37\x2d\x33\x32\x2e\x33\x2d\x37\x31\x2e\x39\x2d\x37\x31\x2e\x39\
\x2d\x37\x31\x2e\x39\x48\x32\x35\x33\x2e\x31\x7a\x22\x20\x70\x2d\
\x69\x64\x3d\x22\x35\x39\x35\x38\x22\x20\x66\x69\x6c\x6c\x3d\x22\
\x23\x33\x33\x33\x33\x33\x33\x22\x3e\x3c\x2f\x70\x61\x74\x68\x3e\
\x3c\x2f\x73\x76\x67\x3e\
\x00\x00\x04\x86\
\x3c\
\x3f\x78\x6d\x6c\x20\x76\x65\x72\x73\x69\x6f\x6e\x3d\x22\x31\x2e\
\x30\x22\x20\x73\x74\x61\x6e\x64\x61\x6c\x6f\x6e\x65\x3d\x22\x6e\
\x6f\x22\x3f\x3e\x3c\x21\x44\x4f\x43\x54\x59\x50\x45\x20\x73\x76\
\x67\x20\x50\x55\x42\x4c\x49\x43\x20\x22\x2d\x2f\x2f\x57\x33\x43\
\x2f\x2f\x44\x54\x44\x20\x53\x56\x47\x20\x31\x2e\x31\x2f\x2f\x45\
\x4e\x22\x20\x22\x68\x74\x74\x70\x3a\x2f\x2f\x77\x77\x77\x2e\x77\
\x33\x2e\x6f\x72\x67\x2f\x47\x72\x61\x70\x68\x69\x63\x73\x2f\x53\
\x56\x47\x2f\x31\x2e\x31\x2f\x44\x54\x44\x2f\x73\x76\x67\x31\x31\
\x2e\x64\x74\x64\x22\x3e\x3c\x73\x76\x67\x20\x74\x3d\x22\x31\x37\
\x37\x37\x36\x31\x39\x31\x34\x38\x35\x34\x35\x22\x20\x63\x6c\x61\
\x73\x73\x3d\x22\x69\x63\x6f\x6e\x22\x20\x76\x69\x65\x77\x42\x6f\
\x78\x3d\x22\x30\x20\x30\x20\x31\x30\x32\x34\x20\x31\x30\x32\x34\
\x22\x20\x76\x65\x72\x73\x69\x6f\x6e\x3d\x22\x31\x2e\x31\x22\x20\
\x78\x6d\x6c\x6e\x73\x3d\x22\x68\x74\x74\x70\x3a\x2f\x2f\x77\x77\
\x77\x2e\x77\x33\x2e\x6f\x72\x67\x2f\x32\x30\x30\x30\x2f\x73\x76\
\x67\x22\x20\x70\x2d\x69\x64\x3d\x22\x31\x33\x33\x36\x37\x22\x20\
\x78\x6d\x6c\x6e\x73\x3a\x78\x6c\x69\x6e\x6b\x3d\x22\x68\x74\x74\
\x70\x3a\x2f\x2f\x77\x77\x77\x2e\x77\x33\x2e\x6f\x72\x67\x2f\x31\
\x39\x39\x39\x2f\x78\x6c\x69\x6e\x6b\x22\x20\x77\x69\x64\x74\x68\
\x3d\x22\x32\x30\x30\x22\x20\x68\x65\x69\x67\x68\x74\x3d\x22\x32\
\x30\x30\x22\x3e\x3c\x70\x61\x74\x68\x20\x64\x3d\x22\x4d\x38\x31\
\x30\x2e\x37\x20\x36\x34\x43\x38\x39\x33\x2e\x31\x20\x36\x34\x20\
\x39\x36\x30\x20\x31\x33\x30\x2e\x39\x20\x39\x36\x30\x20\x32\x31\
\x33\x2e\x33\x63\x30\x20\x36\x35\x2d\x34\x31\x2e\x36\x20\x31\x32\
\x30\x2e\x33\x2d\x39\x39\x2e\x36\x20\x31\x34\x30\x2e\x38\x76\x38\
\x2e\x35\x63\x30\x20\x31\x31\x30\x2d\x38\x39\x2e\x31\x20\x31\x39\
\x39\x2e\x31\x2d\x31\x39\x39\x2e\x31\x20\x31\x39\x39\x2e\x31\x48\
\x33\x36\x32\x2e\x37\x63\x2d\x35\x35\x20\x30\x2d\x39\x39\x2e\x36\
\x20\x34\x34\x2e\x36\x2d\x39\x39\x2e\x36\x20\x39\x39\x2e\x36\x76\
\x38\x2e\x35\x63\x35\x38\x20\x32\x30\x2e\x35\x20\x39\x39\x2e\x36\
\x20\x37\x35\x2e\x38\x20\x39\x39\x2e\x36\x20\x31\x34\x30\x2e\x38\
\x20\x30\x20\x38\x32\x2e\x35\x2d\x36\x36\x2e\x39\x20\x31\x34\x39\
\x2e\x33\x2d\x31\x34\x39\x2e\x33\x20\x31\x34\x39\x2e\x33\x53\x36\
\x34\x20\x38\x39\x33\x2e\x31\x20\x36\x34\x20\x38\x31\x30\x2e\x37\
\x63\x30\x2d\x36\x35\x20\x34\x31\x2e\x36\x2d\x31\x32\x30\x2e\x33\
\x20\x39\x39\x2e\x36\x2d\x31\x34\x30\x2e\x38\x56\x33\x35\x34\x2e\
\x32\x63\x2d\x35\x38\x2d\x32\x30\x2e\x35\x2d\x39\x39\x2e\x36\x2d\
\x37\x35\x2e\x38\x2d\x39\x39\x2e\x36\x2d\x31\x34\x30\x2e\x38\x43\
\x36\x34\x20\x31\x33\x30\x2e\x39\x20\x31\x33\x30\x2e\x39\x20\x36\
\x34\x20\x32\x31\x33\x2e\x33\x20\x36\x34\x73\x31\x34\x39\x2e\x33\
\x20\x36\x36\x2e\x39\x20\x31\x34\x39\x2e\x33\x20\x31\x34\x39\x2e\
\x33\x63\x30\x20\x36\x35\x2d\x34\x31\x2e\x36\x20\x31\x32\x30\x2e\
\x33\x2d\x39\x39\x2e\x36\x20\x31\x34\x30\x2e\x38\x76\x31\x33\x34\
\x2e\x37\x63\x32\x39\x2e\x33\x2d\x31\x36\x2e\x39\x20\x36\x33\x2e\
\x33\x2d\x32\x36\x2e\x36\x20\x39\x39\x2e\x36\x2d\x32\x36\x2e\x36\
\x68\x32\x39\x38\x2e\x37\x63\x35\x35\x20\x30\x20\x39\x39\x2e\x36\
\x2d\x34\x34\x2e\x36\x20\x39\x39\x2e\x36\x2d\x39\x39\x2e\x36\x76\
\x2d\x38\x2e\x35\x63\x2d\x35\x38\x2d\x32\x30\x2e\x35\x2d\x39\x39\
\x2e\x36\x2d\x37\x35\x2e\x38\x2d\x39\x39\x2e\x36\x2d\x31\x34\x30\
\x2e\x38\x20\x30\x2d\x38\x32\x2e\x34\x20\x36\x36\x2e\x39\x2d\x31\
\x34\x39\x2e\x33\x20\x31\x34\x39\x2e\x34\x2d\x31\x34\x39\x2e\x33\
\x7a\x4d\x32\x31\x33\x2e\x33\x20\x37\x36\x30\x2e\x39\x63\x2d\x32\
\x37\x2e\x35\x20\x30\x2d\x34\x39\x2e\x38\x20\x32\x32\x2e\x33\x2d\
\x34\x39\x2e\x38\x20\x34\x39\x2e\x38\x73\x32\x32\x2e\x33\x20\x34\
\x39\x2e\x38\x20\x34\x39\x2e\x38\x20\x34\x39\x2e\x38\x20\x34\x39\
\x2e\x38\x2d\x32\x32\x2e\x33\x20\x34\x39\x2e\x38\x2d\x34\x39\x2e\
\x38\x2d\x32\x32\x2e\x33\x2d\x34\x39\x2e\x38\x2d\x34\x39\x2e\x38\
\x2d\x34\x39\x2e\x38\x7a\x20\x6d\x30\x2d\x35\x39\x37\x2e\x33\x63\
\x2d\x32\x37\x2e\x35\x20\x30\x2d\x34\x39\x2e\x38\x20\x32\x32\x2e\
\x33\x2d\x34\x39\x2e\x38\x20\x34\x39\x2e\x38\x73\x32\x32\x2e\x33\
\x20\x34\x39\x2e\x38\x20\x34\x39\x2e\x38\x20\x34\x39\x2e\x38\x20\
\x34\x39\x2e\x38\x2d\x32\x32\x2e\x33\x20\x34\x39\x2e\x38\x2d\x34\
\x39\x2e\x38\x2d\x32\x32\x2e\x33\x2d\x34\x39\x2e\x38\x2d\x34\x39\
\x2e\x38\x2d\x34\x39\x2e\x38\x7a\x20\x6d\x35\x39\x37\x2e\x34\x20\
\x30\x63\x2d\x32\x37\x2e\x35\x20\x30\x2d\x34\x39\x2e\x38\x20\x32\
\x32\x2e\x33\x2d\x34\x39\x2e\x38\x20\x34\x39\x2e\x38\x73\x32\x32\
\x2e\x33\x20\x34\x39\x2e\x38\x20\x34\x39\x2e\x38\x20\x34\x39\x2e\
\x38\x20\x34\x39\x2e\x38\x2d\x32\x32\x2e\x33\x20\x34\x39\x2e\x38\
\x2d\x34\x39\x2e\x38\x2d\x32\x32\x2e\x33\x2d\x34\x39\x2e\x38\x2d\
\x34\x39\x2e\x38\x2d\x34\x39\x2e\x38\x7a\x22\x20\x70\x2d\x69\x64\
\x3d\x22\x31\x33\x33\x36\x38\x22\x20\x66\x69\x6c\x6c\x3d\x22\x23\
\x33\x33\x33\x33\x33\x33\x22\x3e\x3c\x2f\x70\x61\x74\x68\x3e\x3c\
\x2f\x73\x76\x67\x3e\
\x00\x00\x02\xba\
\x3c\
\x3f\x78\x6d\x6c\x20\x76\x65\x72\x73\x69\x6f\x6e\x3d\x22\x31\x2e\
\x30\x22\x20\x73\x74\x61\x6e\x64\x61\x6c\x6f\x6e\x65\x3d\x22\x6e\
\x6f\x22\x3f\x3e\x3c\x21\x44\x4f\x43\x54\x59\x50\x45\x20\x73\x76\
\x67\x20\x50\x55\x42\x4c\x49\x43\x20\x22\x2d\x2f\x2f\x57\x33\x43\
\x2f\x2f\x44\x54\x44\x20\x53\x56\x47\x20\x31\x2e\x31\x2f\x2f\x45\
\x4e\x22\x20\x22\x68\x74\x74\x70\x3a\x2f\x2f\x77\x77\x77\x2e\x77\
\x33\x2e\x6f\x72\x67\x2f\x47\x72\x61\x70\x68\x69\x63\x73\x2f\x53\
\x56\x47\x2f\x31\x2e\x31\x2f\x44\x54\x44\x2f\x73\x76\x67\x31\x31\
\x2e\x64\x74\x64\x22\x3e\x3c\x73\x76\x67\x20\x74\x3d\x22\x31\x37\
\x38\x34\x36\x33\x39\x39\x35\x30\x33\x37\x39\x22\x20\x63\x6c\x61\
\x73\x73\x3d\x22\x69\x63\x6f\x6e\x22\x20\x76\x69\x65\x77\x42\x6f\
\x78\x3d\x22\x30\x20\x30\x20\x31\x30\x32\x34\x20\x31\x30\x32\x34\
\x22\x20\x76\x65\x72\x73\x69\x6f\x6e\x3d\x22\x31\x2e\x31\x22\x20\
\x78\x6d\x6c\x6e\x73\x3d\x22\x68\x74\x74\x70\x3a\x2f\x2f\x77\x77\
\x77\x2e\x77\x33\x2e\x6f\x72\x67\x2f\x32\x30\x30\x30\x2f\x73\x76\
\x67\x22\x20\x70\x2d\x69\x64\x3d\x22\x31\x31\x36\x36\x34\x22\x20\
\x78\x6d\x6c\x6e\x73\x3a\x78\x6c\x69\x6e\x6b\x3d\x22\x68\x74\x74\
\x70\x3a\x2f\x2f\x77\x77\x77\x2e\x77\x33\x2e\x6f\x72\x67\x2f\x31\
\x39\x39\x39\x2f\x78\x6c\x69\x6e\x6b\x22\x20\x77\x69\x64\x74\x68\
\x3d\x22\x32\x30\x30\x22\x20\x68\x65\x69\x67\x68\x74\x3d\x22\x32\
\x30\x30\x22\x3e\x3c\x70\x61\x74\x68\x20\x64\x3d\x22\x4d\x36\x34\
\x20\x30\x6c\x30\x20\x31\x30\x32\x34\x20\x38\x39\x36\x20\x30\x4c\
\x39\x36\x30\x20\x30\x20\x36\x34\x20\x30\x7a\x4d\x35\x37\x36\x20\
\x38\x33\x32\x20\x31\x39\x32\x20\x38\x33\x32\x6c\x30\x2d\x36\x34\
\x20\x33\x38\x34\x20\x30\x4c\x35\x37\x36\x20\x38\x33\x32\x7a\x4d\
\x35\x37\x36\x20\x36\x34\x30\x20\x31\x39\x32\x20\x36\x34\x30\x20\
\x31\x39\x32\x20\x35\x37\x36\x6c\x33\x38\x34\x20\x30\x4c\x35\x37\
\x36\x20\x36\x34\x30\x7a\x4d\x35\x37\x36\x20\x34\x34\x38\x20\x31\
\x39\x32\x20\x34\x34\x38\x20\x31\x39\x32\x20\x33\x38\x34\x6c\x33\
\x38\x34\x20\x30\x4c\x35\x37\x36\x20\x34\x34\x38\x7a\x4d\x35\x37\
\x36\x20\x32\x35\x36\x20\x31\x39\x32\x20\x32\x35\x36\x20\x31\x39\
\x32\x20\x31\x39\x32\x6c\x33\x38\x34\x20\x30\x4c\x35\x37\x36\x20\
\x32\x35\x36\x7a\x4d\x37\x36\x38\x20\x38\x39\x36\x6c\x2d\x36\x34\
\x2d\x31\x32\x38\x20\x30\x2d\x36\x34\x20\x31\x32\x38\x20\x30\x20\
\x30\x20\x36\x34\x4c\x37\x36\x38\x20\x38\x39\x36\x7a\x4d\x38\x33\
\x32\x20\x36\x34\x30\x6c\x2d\x31\x32\x38\x20\x30\x4c\x37\x30\x34\
\x20\x33\x32\x30\x6c\x31\x32\x38\x20\x30\x4c\x38\x33\x32\x20\x36\
\x34\x30\x7a\x4d\x38\x33\x32\x20\x32\x35\x36\x6c\x2d\x31\x32\x38\
\x20\x30\x4c\x37\x30\x34\x20\x31\x39\x32\x63\x30\x20\x30\x20\x30\
\x2d\x36\x34\x20\x36\x34\x2d\x36\x34\x73\x36\x34\x20\x36\x34\x20\
\x36\x34\x20\x36\x34\x4c\x38\x33\x32\x20\x32\x35\x36\x7a\x22\x20\
\x66\x69\x6c\x6c\x3d\x22\x23\x33\x33\x33\x33\x33\x33\x22\x20\x70\
\x2d\x69\x64\x3d\x22\x31\x31\x36\x36\x35\x22\x3e\x3c\x2f\x70\x61\
\x74\x68\x3e\x3c\x2f\x73\x76\x67\x3e\
\x00\x00\x05\x47\
\x3c\
\x3f\x78\x6d\x6c\x20\x76\x65\x72\x73\x69\x6f\x6e\x3d\x22\x31\x2e\
\x30\x22\x20\x73\x74\x61\x6e\x64\x61\x6c\x6f\x6e\x65\x3d\x22\x6e\
\x6f\x22\x3f\x3e\x3c\x21\x44\x4f\x43\x54\x59\x50\x45\x20\x73\x76\
\x67\x20\x50\x55\x42\x4c\x49\x43\x20\x22\x2d\x2f\x2f\x57\x33\x43\
\x2f\x2f\x44\x54\x44\x20\x53\x56\x47\x20\x31\x2e\x31\x2f\x2f\x45\
\x4e\x22\x20\x22\x68\x74\x74\x70\x3a\x2f\x2f\x77\x77\x77\x2e\x77\
\x33\x2e\x6f\x72\x67\x2f\x47\x72\x61\x70\x68\x69\x63\x73\x2f\x53\
\x56\x47\x2f\x31\x2e\x31\x2f\x44\x54\x44\x2f\x73\x76\x67\x31\x31\
\x2e\x64\x74\x64\x22\x3e\x3c\x73\x76\x67\x20\x74\x3d\x22\x31\x37\
\x38\x35\x30\x33\x37\x31\x30\x33\x35\x31\x38\x22\x20\x63\x6c\x61\
\x73\x73\x3d\x22\x69\x63\x6f\x6e\x22\x20\x76\x69\x65\x77\x42\x6f\
\x78\x3d\x22\x30\x20\x30\x20\x31\x30\x32\x34\x20\x31\x30\x32\x34\
\x22\x20\x76\x65\x72\x73\x69\x6f\x6e\x3d\x22\x31\x2e\x31\x22\x20\
\x78\x6d\x6c\x6e\x73\x3d\x22\x68\x74\x74\x70\x3a\x2f\x2f\x77\x77\
\x77\x2e\x77\x33\x2e\x6f\x72\x67\x2f\x32\x30\x30\x30\x2f\x73\x76\
\x67\x22\x20\x70\x2d\x69\x64\x3d\x22\x36\x35\x37\x38\x22\x20\x78\
\x6d\x6c\x6e\x73\x3a\x78\x6c\x69\x6e\x6b\x3d\x22\x68\x74\x74\x70\
\x3a\x2f\x2f\x77\x77\x77\x2e\x77\x33\x2e\x6f\x72\x67\x2f\x31\x39\
\x39\x39\x2f\x78\x6c\x69\x6e\x6b\x22\x20\x77\x69\x64\x74\x68\x3d\
\x22\x32\x30\x30\x22\x20\x68\x65\x69\x67\x68\x74\x3d\x22\x32\x30\
\x30\x22\x3e\x3c\x70\x61\x74\x68\x20\x64\x3d\x22\x4d\x33\x32\x37\
\x2e\x35\x32\x36\x34\x20\x31\x36\x30\x48\x31\x31\x38\x2e\x38\x33\
\x35\x32\x63\x2d\x33\x2e\x37\x38\x38\x38\x20\x30\x2d\x36\x2e\x38\
\x36\x30\x38\x20\x33\x2e\x35\x38\x34\x2d\x36\x2e\x38\x36\x30\x38\
\x20\x37\x2e\x39\x38\x37\x32\x76\x32\x30\x34\x2e\x34\x39\x32\x38\
\x63\x30\x20\x34\x2e\x34\x30\x33\x32\x20\x33\x2e\x30\x37\x32\x20\
\x37\x2e\x39\x38\x37\x32\x20\x36\x2e\x38\x36\x30\x38\x20\x37\x2e\
\x39\x38\x37\x32\x68\x32\x30\x38\x2e\x36\x39\x31\x32\x63\x33\x2e\
\x37\x33\x37\x36\x20\x30\x20\x36\x2e\x38\x30\x39\x36\x2d\x33\x2e\
\x35\x38\x34\x20\x36\x2e\x38\x30\x39\x36\x2d\x37\x2e\x39\x38\x37\
\x32\x56\x31\x36\x37\x2e\x39\x33\x36\x63\x30\x2d\x34\x2e\x34\x30\
\x33\x32\x2d\x33\x2e\x30\x37\x32\x2d\x37\x2e\x39\x38\x37\x32\x2d\
\x36\x2e\x38\x30\x39\x36\x2d\x37\x2e\x39\x38\x37\x32\x7a\x20\x6d\
\x35\x35\x31\x2e\x31\x36\x38\x20\x32\x39\x34\x2e\x34\x63\x31\x38\
\x2e\x34\x33\x32\x20\x30\x20\x33\x33\x2e\x32\x38\x20\x31\x31\x2e\
\x31\x31\x30\x34\x20\x33\x33\x2e\x32\x32\x38\x38\x20\x32\x34\x2e\
\x38\x33\x32\x76\x33\x35\x39\x2e\x39\x33\x36\x63\x30\x20\x31\x33\
\x2e\x37\x32\x31\x36\x2d\x31\x34\x2e\x38\x39\x39\x32\x20\x32\x34\
\x2e\x38\x33\x32\x2d\x33\x33\x2e\x32\x38\x20\x32\x34\x2e\x38\x33\
\x32\x48\x31\x34\x35\x2e\x32\x35\x34\x34\x63\x2d\x31\x38\x2e\x34\
\x33\x32\x20\x30\x2d\x33\x33\x2e\x32\x38\x2d\x31\x31\x2e\x31\x31\
\x30\x34\x2d\x33\x33\x2e\x32\x38\x2d\x32\x34\x2e\x38\x33\x32\x56\
\x34\x37\x39\x2e\x32\x33\x32\x63\x30\x2d\x31\x33\x2e\x37\x32\x31\
\x36\x20\x31\x34\x2e\x38\x34\x38\x2d\x32\x34\x2e\x38\x33\x32\x20\
\x33\x33\x2e\x32\x38\x2d\x32\x34\x2e\x38\x33\x32\x68\x37\x33\x33\
\x2e\x33\x38\x38\x38\x7a\x20\x6d\x2d\x33\x38\x2e\x35\x30\x32\x34\
\x20\x37\x31\x2e\x36\x38\x48\x31\x38\x33\x2e\x37\x30\x35\x36\x76\
\x32\x36\x36\x2e\x32\x34\x48\x38\x34\x30\x2e\x31\x39\x32\x76\x2d\
\x32\x36\x36\x2e\x32\x34\x7a\x22\x20\x70\x2d\x69\x64\x3d\x22\x36\
\x35\x37\x39\x22\x20\x66\x69\x6c\x6c\x3d\x22\x23\x33\x33\x33\x33\
\x33\x33\x22\x3e\x3c\x2f\x70\x61\x74\x68\x3e\x3c\x70\x61\x74\x68\
\x20\x64\x3d\x22\x4d\x36\x31\x36\x2e\x32\x39\x34\x34\x20\x31\x36\
\x30\x63\x33\x2e\x37\x38\x38\x38\x20\x30\x20\x36\x2e\x38\x30\x39\
\x36\x20\x33\x2e\x35\x38\x34\x20\x36\x2e\x38\x30\x39\x36\x20\x37\
\x2e\x39\x38\x37\x32\x76\x32\x30\x34\x2e\x34\x39\x32\x38\x63\x30\
\x20\x34\x2e\x34\x30\x33\x32\x2d\x33\x2e\x30\x37\x32\x20\x37\x2e\
\x39\x38\x37\x32\x2d\x36\x2e\x38\x30\x39\x36\x20\x37\x2e\x39\x38\
\x37\x32\x48\x34\x30\x37\x2e\x36\x30\x33\x32\x63\x2d\x33\x2e\x37\
\x33\x37\x36\x20\x30\x2d\x36\x2e\x38\x30\x39\x36\x2d\x33\x2e\x35\
\x38\x34\x2d\x36\x2e\x38\x30\x39\x36\x2d\x37\x2e\x39\x38\x37\x32\
\x56\x31\x36\x37\x2e\x39\x33\x36\x63\x30\x2d\x34\x2e\x34\x30\x33\
\x32\x20\x33\x2e\x30\x37\x32\x2d\x37\x2e\x39\x38\x37\x32\x20\x36\
\x2e\x38\x30\x39\x36\x2d\x37\x2e\x39\x38\x37\x32\x68\x32\x30\x38\
\x2e\x36\x39\x31\x32\x7a\x20\x6d\x2d\x34\x34\x2e\x33\x39\x30\x34\
\x20\x35\x31\x2e\x32\x48\x34\x35\x31\x2e\x39\x39\x33\x36\x56\x33\
\x32\x39\x2e\x32\x31\x36\x68\x31\x31\x39\x2e\x39\x31\x30\x34\x56\
\x32\x31\x31\x2e\x32\x7a\x20\x6d\x33\x33\x33\x2e\x31\x35\x38\x34\
\x2d\x35\x31\x2e\x32\x63\x33\x2e\x37\x38\x38\x38\x20\x30\x20\x36\
\x2e\x38\x36\x30\x38\x20\x33\x2e\x35\x38\x34\x20\x36\x2e\x38\x36\
\x30\x38\x20\x37\x2e\x39\x38\x37\x32\x76\x32\x30\x34\x2e\x34\x39\
\x32\x38\x63\x30\x20\x34\x2e\x34\x30\x33\x32\x2d\x33\x2e\x30\x37\
\x32\x20\x37\x2e\x39\x38\x37\x32\x2d\x36\x2e\x38\x36\x30\x38\x20\
\x37\x2e\x39\x38\x37\x32\x68\x2d\x32\x30\x38\x2e\x36\x39\x31\x32\
\x63\x2d\x33\x2e\x37\x33\x37\x36\x20\x30\x2d\x36\x2e\x38\x30\x39\
\x36\x2d\x33\x2e\x35\x38\x34\x2d\x36\x2e\x38\x30\x39\x36\x2d\x37\
\x2e\x39\x38\x37\x32\x56\x31\x36\x37\x2e\x39\x33\x36\x63\x30\x2d\
\x34\x2e\x34\x30\x33\x32\x20\x33\x2e\x30\x37\x32\x2d\x37\x2e\x39\
\x38\x37\x32\x20\x36\x2e\x38\x30\x39\x36\x2d\x37\x2e\x39\x38\x37\
\x32\x68\x32\x30\x38\x2e\x36\x39\x31\x32\x7a\x20\x6d\x2d\x34\x34\
\x2e\x33\x39\x30\x34\x20\x35\x31\x2e\x32\x68\x2d\x31\x31\x39\x2e\
\x39\x31\x30\x34\x56\x33\x32\x39\x2e\x32\x31\x36\x68\x31\x31\x39\
\x2e\x39\x31\x30\x34\x56\x32\x31\x31\x2e\x32\x7a\x22\x20\x70\x2d\
\x69\x64\x3d\x22\x36\x35\x38\x30\x22\x20\x66\x69\x6c\x6c\x3d\x22\
\x23\x33\x33\x33\x33\x33\x33\x22\x3e\x3c\x2f\x70\x61\x74\x68\x3e\
\x3c\x2f\x73\x76\x67\x3e\
\x00\x00\x09\x36\
\x3c\
\x3f\x78\x6d\x6c\x20\x76\x65\x72\x73\x69\x6f\x6e\x3d\x22\x31\x2e\
\x30\x22\x20\x73\x74\x61\x6e\x64\x61\x6c\x6f\x6e\x65\x3d\x22\x6e\
\x6f\x22\x3f\x3e\x3c\x21\x44\x4f\x43\x54\x59\x50\x45\x20\x73\x76\
\x67\x20\x50\x55\x42\x4c\x49\x43\x20\x22\x2d\x2f\x2f\x57\x33\x43\
\x2f\x2f\x44\x54\x44\x20\x53\x56\x47\x20\x31\x2e\x31\x2f\x2f\x45\
\x4e\x22\x20\x22\x68\x74\x74\x70\x3a\x2f\x2f\x77\x77\x77\x2e\x77\
\x33\x2e\x6f\x72\x67\x2f\x47\x72\x61\x70\x68\x69\x63\x73\x2f\x53\
\x56\x47\x2f\x31\x2e\x31\x2f\x44\x54\x44\x2f\x73\x76\x67\x31\x31\
\x2e\x64\x74\x64\x22\x3e\x3c\x73\x76\x67\x20\x74\x3d\x22\x31\x37\
\x37\x38\x36\x37\x36\x39\x39\x36\x30\x32\x38\x22\x20\x63\x6c\x61\
\x73\x73\x3d\x22\x69\x63\x6f\x6e\x22\x20\x76\x69\x65\x77\x42\x6f\
\x78\x3d\x22\x30\x20\x30\x20\x31\x30\x34\x30\x20\x31\x30\x32\x34\
\x22\x20\x76\x65\x72\x73\x69\x6f\x6e\x3d\x22\x31\x2e\x31\x22\x20\
\x78\x6d\x6c\x6e\x73\x3d\x22\x68\x74\x74\x70\x3a\x2f\x2f\x77\x77\
\x77\x2e\x77\x33\x2e\x6f\x72\x67\x2f\x32\x30\x30\x30\x2f\x73\x76\
\x67\x22\x20\x70\x2d\x69\x64\x3d\x22\x36\x32\x36\x34\x22\x20\x78\
\x6d\x6c\x6e\x73\x3a\x78\x6c\x69\x6e\x6b\x3d\x22\x68\x74\x74\x70\
\x3a\x2f\x2f\x77\x77\x77\x2e\x77\x33\x2e\x6f\x72\x67\x2f\x31\x39\
\x39\x39\x2f\x78\x6c\x69\x6e\x6b\x22\x20\x77\x69\x64\x74\x68\x3d\
\x22\x32\x30\x33\x2e\x31\x32\x35\x22\x20\x68\x65\x69\x67\x68\x74\
\x3d\x22\x32\x30\x30\x22\x3e\x3c\x70\x61\x74\x68\x20\x64\x3d\x22\
\x4d\x34\x39\x31\x2e\x34\x38\x38\x20\x34\x33\x35\x2e\x32\x63\x2d\
\x39\x38\x2e\x38\x34\x38\x2d\x34\x39\x2e\x35\x36\x38\x2d\x31\x33\
\x35\x2e\x30\x34\x2d\x31\x31\x35\x2e\x33\x34\x34\x2d\x31\x31\x31\
\x2e\x31\x32\x2d\x31\x39\x35\x2e\x38\x35\x36\x20\x32\x31\x2e\x30\
\x35\x36\x2d\x37\x30\x2e\x39\x36\x20\x39\x32\x2e\x30\x33\x32\x2d\
\x31\x31\x37\x2e\x33\x39\x32\x20\x31\x36\x34\x2e\x33\x32\x2d\x31\
\x30\x36\x2e\x34\x38\x20\x33\x36\x2e\x30\x34\x38\x20\x35\x2e\x34\
\x34\x20\x36\x37\x2e\x37\x36\x20\x32\x30\x2e\x32\x30\x38\x20\x39\
\x32\x2e\x34\x38\x20\x34\x38\x2e\x33\x36\x38\x20\x33\x37\x2e\x33\
\x39\x32\x20\x34\x32\x2e\x36\x37\x32\x20\x34\x35\x2e\x38\x34\x20\
\x39\x32\x2e\x34\x38\x20\x33\x34\x2e\x34\x31\x36\x20\x31\x34\x37\
\x2e\x39\x33\x36\x6c\x33\x34\x2e\x31\x36\x20\x39\x2e\x32\x36\x34\
\x20\x35\x31\x2e\x32\x31\x36\x20\x31\x33\x2e\x38\x38\x38\x63\x33\
\x36\x2e\x33\x36\x38\x2d\x39\x39\x2e\x37\x34\x34\x2d\x36\x2e\x32\
\x38\x38\x2d\x32\x31\x36\x2e\x32\x38\x38\x2d\x39\x39\x2e\x34\x32\
\x34\x2d\x32\x37\x36\x2e\x31\x32\x38\x2d\x39\x36\x2e\x39\x37\x36\
\x2d\x36\x32\x2e\x32\x38\x38\x2d\x32\x32\x32\x2e\x36\x32\x34\x2d\
\x34\x39\x2e\x31\x33\x36\x2d\x33\x30\x34\x2e\x39\x39\x32\x20\x33\
\x32\x2d\x34\x32\x2e\x39\x39\x32\x20\x34\x32\x2e\x33\x38\x34\x2d\
\x36\x36\x2e\x35\x32\x38\x20\x39\x34\x2e\x30\x38\x2d\x37\x32\x20\
\x31\x35\x33\x2e\x39\x32\x2d\x37\x2e\x37\x32\x38\x20\x38\x34\x2e\
\x36\x34\x20\x32\x37\x2e\x32\x34\x38\x20\x31\x35\x32\x2e\x39\x32\
\x38\x20\x38\x36\x20\x32\x31\x31\x2e\x33\x36\x6c\x2d\x39\x33\x2e\
\x34\x34\x20\x31\x35\x36\x2e\x36\x38\x38\x63\x2d\x33\x2e\x30\x34\
\x20\x30\x2e\x32\x32\x34\x2d\x35\x2e\x36\x38\x20\x30\x2e\x33\x38\
\x34\x2d\x38\x2e\x30\x33\x32\x20\x30\x2e\x35\x32\x38\x2d\x34\x2e\
\x33\x30\x34\x20\x30\x2e\x32\x35\x36\x2d\x37\x2e\x36\x38\x20\x30\
\x2e\x34\x36\x34\x2d\x31\x31\x2e\x30\x30\x38\x20\x30\x2e\x39\x32\
\x38\x2d\x36\x31\x2e\x34\x32\x34\x20\x38\x2e\x37\x30\x34\x2d\x31\
\x30\x34\x2e\x36\x34\x20\x36\x33\x2e\x33\x32\x38\x2d\x39\x34\x2e\
\x33\x32\x20\x31\x31\x39\x2e\x30\x34\x20\x31\x31\x2e\x36\x38\x20\
\x36\x32\x2e\x39\x32\x38\x20\x36\x38\x2e\x39\x34\x34\x20\x31\x30\
\x31\x2e\x35\x36\x38\x20\x31\x32\x37\x2e\x37\x32\x38\x20\x38\x36\
\x2e\x31\x36\x20\x36\x32\x2e\x33\x33\x36\x2d\x31\x36\x2e\x33\x32\
\x20\x39\x35\x2e\x35\x32\x2d\x37\x36\x2e\x34\x38\x20\x37\x32\x2d\
\x31\x33\x38\x2e\x33\x30\x34\x2d\x38\x2e\x35\x31\x32\x2d\x32\x32\
\x2e\x33\x36\x38\x2d\x33\x2e\x32\x34\x38\x2d\x33\x36\x2e\x37\x30\
\x34\x20\x37\x2e\x34\x30\x38\x2d\x35\x34\x2e\x33\x30\x34\x20\x33\
\x30\x2e\x30\x33\x32\x2d\x34\x39\x2e\x36\x31\x36\x20\x35\x39\x2e\
\x36\x33\x32\x2d\x39\x39\x2e\x35\x30\x34\x20\x38\x39\x2e\x37\x36\
\x2d\x31\x35\x30\x2e\x33\x30\x34\x6c\x33\x34\x2e\x38\x34\x38\x2d\
\x35\x38\x2e\x37\x30\x34\x7a\x20\x6d\x32\x31\x31\x2e\x35\x36\x38\
\x20\x37\x34\x2e\x39\x37\x36\x6c\x2d\x39\x30\x2e\x33\x35\x32\x2d\
\x31\x35\x39\x2e\x33\x36\x63\x31\x2e\x34\x38\x38\x2d\x33\x2e\x37\
\x32\x38\x20\x32\x2e\x39\x34\x34\x2d\x37\x2e\x32\x36\x34\x20\x34\
\x2e\x33\x35\x32\x2d\x31\x30\x2e\x36\x34\x76\x2d\x30\x2e\x30\x31\
\x36\x63\x32\x2e\x39\x36\x2d\x37\x2e\x31\x36\x38\x20\x35\x2e\x36\
\x36\x34\x2d\x31\x33\x2e\x37\x32\x38\x20\x37\x2e\x39\x32\x2d\x32\
\x30\x2e\x34\x33\x32\x20\x31\x31\x2e\x39\x35\x32\x2d\x33\x35\x2e\
\x33\x36\x20\x34\x2e\x37\x33\x36\x2d\x36\x37\x2e\x36\x34\x38\x2d\
\x31\x37\x2e\x39\x35\x32\x2d\x39\x36\x2e\x33\x32\x2d\x32\x37\x2e\
\x37\x37\x36\x2d\x33\x35\x2e\x31\x30\x34\x2d\x37\x36\x2e\x32\x32\
\x34\x2d\x34\x37\x2e\x38\x35\x36\x2d\x31\x31\x37\x2e\x35\x32\x2d\
\x33\x32\x2e\x30\x36\x34\x2d\x34\x31\x2e\x36\x38\x20\x31\x35\x2e\
\x39\x35\x32\x2d\x36\x38\x2e\x33\x35\x32\x20\x35\x36\x2e\x38\x36\
\x34\x2d\x36\x36\x2e\x35\x32\x38\x20\x31\x30\x32\x2e\x31\x32\x38\
\x20\x31\x2e\x38\x34\x20\x34\x35\x2e\x37\x36\x20\x33\x32\x2e\x35\
\x34\x34\x20\x38\x36\x2e\x36\x32\x34\x20\x38\x30\x2e\x31\x32\x38\
\x20\x39\x34\x2e\x38\x36\x34\x20\x32\x38\x2e\x34\x38\x20\x34\x2e\
\x39\x32\x38\x20\x34\x32\x2e\x34\x33\x32\x20\x31\x38\x2e\x34\x36\
\x34\x20\x35\x35\x2e\x30\x37\x32\x20\x34\x31\x2e\x37\x36\x20\x32\
\x36\x2e\x38\x38\x20\x34\x39\x2e\x36\x20\x35\x34\x2e\x37\x32\x20\
\x39\x38\x2e\x36\x34\x20\x38\x32\x2e\x35\x39\x32\x20\x31\x34\x37\
\x2e\x37\x32\x38\x76\x30\x2e\x30\x31\x36\x63\x31\x31\x2e\x30\x30\
\x38\x20\x31\x39\x2e\x33\x39\x32\x20\x32\x32\x2e\x30\x31\x36\x20\
\x33\x38\x2e\x37\x38\x34\x20\x33\x32\x2e\x39\x37\x36\x20\x35\x38\
\x2e\x32\x34\x20\x39\x33\x2e\x33\x31\x32\x2d\x36\x32\x2e\x32\x30\
\x38\x20\x31\x37\x30\x2e\x35\x31\x32\x2d\x36\x30\x2e\x32\x32\x34\
\x20\x32\x32\x38\x2e\x31\x36\x20\x34\x2e\x35\x36\x20\x34\x39\x2e\
\x39\x32\x20\x35\x36\x2e\x31\x36\x20\x35\x30\x2e\x39\x37\x36\x20\
\x31\x34\x31\x2e\x36\x36\x34\x20\x32\x2e\x34\x34\x38\x20\x31\x39\
\x39\x2e\x30\x30\x38\x2d\x35\x36\x2e\x39\x31\x32\x20\x36\x37\x2e\
\x32\x31\x36\x2d\x31\x33\x33\x2e\x35\x36\x38\x20\x36\x39\x2e\x38\
\x38\x38\x2d\x32\x32\x31\x2e\x32\x31\x36\x20\x31\x33\x2e\x31\x32\
\x6c\x2d\x36\x39\x2e\x36\x33\x32\x20\x35\x38\x2e\x32\x37\x32\x63\
\x38\x38\x2e\x37\x33\x36\x20\x38\x38\x2e\x35\x37\x36\x20\x32\x31\
\x35\x2e\x34\x30\x38\x20\x31\x30\x30\x2e\x33\x35\x32\x20\x33\x31\
\x35\x2e\x35\x36\x38\x20\x33\x31\x2e\x34\x30\x38\x20\x39\x37\x2e\
\x35\x38\x34\x2d\x36\x37\x2e\x31\x38\x34\x20\x31\x33\x31\x2e\x35\
\x35\x32\x2d\x31\x39\x36\x2e\x31\x32\x38\x20\x38\x31\x2e\x38\x35\
\x36\x2d\x33\x30\x35\x2e\x30\x30\x38\x2d\x34\x31\x2e\x31\x32\x2d\
\x39\x30\x2e\x31\x32\x38\x2d\x31\x35\x35\x2e\x37\x39\x32\x2d\x31\
\x37\x34\x2e\x33\x32\x2d\x33\x30\x37\x2e\x38\x37\x32\x2d\x31\x32\
\x37\x2e\x32\x36\x34\x7a\x20\x6d\x2d\x32\x30\x31\x2e\x39\x36\x38\
\x20\x32\x37\x31\x2e\x38\x34\x48\x36\x38\x34\x2e\x31\x36\x63\x32\
\x2e\x35\x36\x20\x33\x2e\x34\x32\x34\x20\x34\x2e\x39\x34\x34\x20\
\x36\x2e\x37\x38\x34\x20\x37\x2e\x32\x38\x20\x31\x30\x2e\x30\x38\
\x20\x34\x2e\x38\x34\x38\x20\x36\x2e\x38\x34\x38\x20\x39\x2e\x34\
\x37\x32\x20\x31\x33\x2e\x33\x34\x34\x20\x31\x34\x2e\x38\x34\x38\
\x20\x31\x39\x2e\x31\x32\x20\x33\x38\x2e\x37\x38\x34\x20\x34\x31\
\x2e\x34\x37\x32\x20\x31\x30\x34\x2e\x32\x35\x36\x20\x34\x33\x2e\
\x35\x32\x20\x31\x34\x35\x2e\x36\x39\x36\x20\x35\x2e\x30\x34\x20\
\x34\x32\x2e\x39\x36\x2d\x33\x39\x2e\x38\x37\x32\x20\x34\x34\x2e\
\x39\x31\x32\x2d\x31\x30\x36\x2e\x38\x38\x20\x34\x2e\x33\x32\x2d\
\x31\x34\x38\x2e\x34\x39\x36\x2d\x33\x39\x2e\x37\x32\x38\x2d\x34\
\x30\x2e\x37\x35\x32\x2d\x31\x30\x37\x2e\x36\x2d\x34\x34\x2e\x36\
\x34\x2d\x31\x34\x34\x2e\x34\x38\x2d\x31\x2e\x35\x30\x34\x2d\x32\
\x32\x2e\x34\x20\x32\x36\x2e\x32\x32\x34\x2d\x34\x35\x2e\x33\x36\
\x20\x32\x39\x2e\x32\x39\x36\x2d\x37\x35\x2e\x31\x30\x34\x20\x32\
\x38\x2e\x38\x33\x32\x2d\x35\x34\x2e\x33\x35\x32\x2d\x30\x2e\x38\
\x33\x32\x2d\x31\x30\x38\x2e\x37\x32\x2d\x30\x2e\x36\x37\x32\x2d\
\x31\x36\x33\x2e\x30\x38\x38\x2d\x30\x2e\x35\x31\x32\x2d\x32\x31\
\x2e\x38\x30\x38\x20\x30\x2e\x30\x36\x34\x2d\x34\x33\x2e\x36\x31\
\x36\x20\x30\x2e\x31\x32\x38\x2d\x36\x35\x2e\x34\x30\x38\x20\x30\
\x2e\x31\x32\x38\x20\x34\x2e\x39\x34\x34\x20\x31\x30\x37\x2e\x31\
\x32\x2d\x33\x35\x2e\x35\x35\x32\x20\x31\x37\x33\x2e\x38\x37\x32\
\x2d\x31\x31\x35\x2e\x38\x37\x32\x20\x31\x38\x39\x2e\x37\x32\x38\
\x2d\x37\x38\x2e\x36\x35\x36\x20\x31\x35\x2e\x35\x32\x2d\x31\x35\
\x31\x2e\x30\x38\x38\x2d\x32\x34\x2e\x36\x30\x38\x2d\x31\x37\x36\
\x2e\x35\x39\x32\x2d\x39\x37\x2e\x38\x32\x34\x2d\x32\x38\x2e\x39\
\x36\x2d\x38\x33\x2e\x32\x20\x36\x2e\x38\x34\x38\x2d\x31\x34\x39\
\x2e\x37\x34\x34\x20\x31\x31\x30\x2e\x33\x35\x32\x2d\x32\x30\x32\
\x2e\x35\x36\x6c\x2d\x32\x33\x2e\x34\x34\x2d\x38\x35\x2e\x30\x34\
\x43\x38\x39\x2e\x38\x37\x32\x20\x35\x32\x33\x2e\x35\x38\x34\x20\
\x35\x2e\x32\x33\x32\x20\x36\x33\x33\x2e\x30\x34\x20\x31\x33\x2e\
\x39\x35\x32\x20\x37\x35\x36\x2e\x31\x36\x63\x37\x2e\x37\x32\x38\
\x20\x31\x30\x38\x2e\x36\x38\x38\x20\x39\x35\x2e\x34\x30\x38\x20\
\x32\x30\x35\x2e\x32\x33\x32\x20\x32\x30\x32\x2e\x36\x34\x20\x32\
\x32\x32\x2e\x35\x31\x32\x20\x35\x38\x2e\x32\x34\x20\x39\x2e\x34\
\x30\x38\x20\x31\x31\x32\x2e\x39\x36\x2d\x30\x2e\x33\x35\x32\x20\
\x31\x36\x33\x2e\x37\x32\x38\x2d\x32\x39\x2e\x31\x35\x32\x20\x36\
\x35\x2e\x33\x31\x32\x2d\x33\x37\x2e\x30\x35\x36\x20\x31\x30\x33\
\x2e\x32\x31\x36\x2d\x39\x35\x2e\x33\x32\x38\x20\x31\x32\x30\x2e\
\x37\x36\x38\x2d\x31\x36\x37\x2e\x35\x32\x7a\x22\x20\x66\x69\x6c\
\x6c\x3d\x22\x23\x33\x33\x33\x33\x33\x33\x22\x20\x70\x2d\x69\x64\
\x3d\x22\x36\x32\x36\x35\x22\x3e\x3c\x2f\x70\x61\x74\x68\x3e\x3c\
\x2f\x73\x76\x67\x3e\
\x00\x00\x0f\x95\
\x3c\
\x3f\x78\x6d\x6c\x20\x76\x65\x72\x73\x69\x6f\x6e\x3d\x22\x31\x2e\
\x30\x22\x20\x73\x74\x61\x6e\x64\x61\x6c\x6f\x6e\x65\x3d\x22\x6e\
\x6f\x22\x3f\x3e\x3c\x21\x44\x4f\x43\x54\x59\x50\x45\x20\x73\x76\
\x67\x20\x50\x55\x42\x4c\x49\x43\x20\x22\x2d\x2f\x2f\x57\x33\x43\
\x2f\x2f\x44\x54\x44\x20\x53\x56\x47\x20\x31\x2e\x31\x2f\x2f\x45\
\x4e\x22\x20\x22\x68\x74\x74\x70\x3a\x2f\x2f\x77\x77\x77\x2e\x77\
\x33\x2e\x6f\x72\x67\x2f\x47\x72\x61\x70\x68\x69\x63\x73\x2f\x53\
\x56\x47\x2f\x31\x2e\x31\x2f\x44\x54\x44\x2f\x73\x76\x67\x31\x31\
\x2e\x64\x74\x64\x22\x3e\x3c\x73\x76\x67\x20\x74\x3d\x22\x31\x37\
\x37\x36\x39\x35\x37\x36\x32\x38\x39\x34\x33\x22\x20\x63\x6c\x61\
\x73\x73\x3d\x22\x69\x63\x6f\x6e\x22\x20\x76\x69\x65\x77\x42\x6f\
\x78\x3d\x22\x30\x20\x30\x20\x31\x30\x32\x34\x20\x31\x30\x32\x34\
\x22\x20\x76\x65\x72\x73\x69\x6f\x6e\x3d\x22\x31\x2e\x31\x22\x20\
\x78\x6d\x6c\x6e\x73\x3d\x22\x68\x74\x74\x70\x3a\x2f\x2f\x77\x77\
\x77\x2e\x77\x33\x2e\x6f\x72\x67\x2f\x32\x30\x30\x30\x2f\x73\x76\
\x67\x22\x20\x70\x2d\x69\x64\x3d\x22\x35\x33\x32\x32\x22\x20\x78\
\x6d\x6c\x6e\x73\x3a\x78\x6c\x69\x6e\x6b\x3d\x22\x68\x74\x74\x70\
\x3a\x2f\x2f\x77\x77\x77\x2e\x77\x33\x2e\x6f\x72\x67\x2f\x31\x39\
\x39\x39\x2f\x78\x6c\x69\x6e\x6b\x22\x20\x77\x69\x64\x74\x68\x3d\
\x22\x32\x30\x30\x22\x20\x68\x65\x69\x67\x68\x74\x3d\x22\x32\x30\
\x30\x22\x3e\x3c\x70\x61\x74\x68\x20\x64\x3d\x22\x4d\x39\x30\x35\
\x2e\x33\x32\x35\x31\x31\x36\x20\x37\x33\x37\x2e\x31\x30\x34\x30\
\x32\x31\x6c\x2d\x36\x36\x2e\x34\x32\x31\x34\x32\x33\x2d\x35\x31\
\x2e\x36\x34\x39\x38\x36\x33\x63\x2d\x31\x31\x2e\x34\x36\x30\x37\
\x31\x31\x2d\x38\x2e\x39\x30\x34\x32\x33\x32\x2d\x31\x38\x2e\x30\
\x33\x32\x33\x32\x33\x2d\x32\x32\x2e\x33\x34\x35\x39\x33\x33\x2d\
\x31\x38\x2e\x30\x33\x32\x33\x32\x33\x2d\x33\x36\x2e\x38\x38\x32\
\x33\x39\x31\x6c\x30\x2d\x32\x33\x38\x2e\x31\x35\x34\x32\x32\x36\
\x63\x30\x2d\x34\x31\x2e\x36\x37\x35\x34\x30\x35\x2d\x38\x2e\x31\
\x37\x38\x34\x38\x33\x2d\x38\x32\x2e\x31\x32\x34\x31\x39\x31\x2d\
\x32\x34\x2e\x33\x30\x34\x34\x33\x35\x2d\x31\x32\x30\x2e\x32\x32\
\x36\x30\x34\x36\x2d\x31\x35\x2e\x35\x34\x34\x33\x33\x2d\x33\x36\
\x2e\x37\x37\x34\x30\x34\x2d\x33\x37\x2e\x37\x39\x37\x32\x34\x34\
\x2d\x36\x39\x2e\x37\x39\x31\x35\x35\x39\x2d\x36\x36\x2e\x31\x34\
\x30\x33\x32\x33\x2d\x39\x38\x2e\x31\x34\x31\x37\x39\x32\x2d\x32\
\x38\x2e\x33\x31\x30\x33\x36\x38\x2d\x32\x38\x2e\x33\x33\x35\x39\
\x32\x33\x2d\x36\x31\x2e\x33\x33\x32\x39\x39\x38\x2d\x35\x30\x2e\
\x35\x39\x33\x39\x34\x38\x2d\x39\x38\x2e\x31\x35\x32\x30\x31\x34\
\x2d\x36\x36\x2e\x31\x35\x36\x36\x37\x37\x2d\x31\x32\x2e\x38\x38\
\x33\x35\x38\x39\x2d\x35\x2e\x34\x34\x38\x32\x33\x33\x2d\x32\x36\
\x2e\x33\x32\x30\x31\x37\x39\x2d\x31\x30\x2e\x30\x37\x32\x35\x38\
\x37\x2d\x33\x39\x2e\x39\x36\x30\x31\x38\x33\x2d\x31\x33\x2e\x37\
\x34\x39\x33\x37\x38\x6c\x30\x2d\x33\x31\x2e\x39\x30\x31\x32\x39\
\x35\x63\x2d\x30\x2e\x30\x33\x31\x36\x38\x38\x2d\x34\x34\x2e\x32\
\x34\x36\x31\x39\x34\x2d\x33\x36\x2e\x30\x34\x36\x32\x34\x36\x2d\
\x38\x30\x2e\x32\x34\x33\x33\x37\x35\x2d\x38\x30\x2e\x32\x37\x38\
\x31\x32\x39\x2d\x38\x30\x2e\x32\x34\x33\x33\x37\x35\x2d\x34\x34\
\x2e\x32\x36\x32\x35\x34\x39\x20\x30\x2d\x38\x30\x2e\x32\x37\x31\
\x39\x39\x36\x20\x33\x35\x2e\x39\x39\x37\x31\x38\x31\x2d\x38\x30\
\x2e\x32\x37\x31\x39\x39\x36\x20\x38\x30\x2e\x32\x34\x35\x34\x32\
\x6c\x30\x20\x33\x31\x2e\x38\x37\x39\x38\x33\x63\x2d\x31\x33\x2e\
\x35\x32\x34\x34\x39\x37\x20\x33\x2e\x36\x34\x35\x31\x30\x33\x2d\
\x32\x36\x2e\x39\x36\x32\x31\x30\x39\x20\x38\x2e\x32\x36\x39\x34\
\x35\x37\x2d\x33\x39\x2e\x39\x36\x36\x33\x31\x36\x20\x31\x33\x2e\
\x37\x35\x31\x34\x32\x32\x2d\x33\x36\x2e\x37\x34\x31\x33\x33\x20\
\x31\x35\x2e\x35\x32\x37\x39\x37\x35\x2d\x36\x39\x2e\x37\x36\x33\
\x39\x36\x20\x33\x37\x2e\x37\x38\x37\x30\x32\x33\x2d\x39\x38\x2e\
\x31\x34\x36\x39\x30\x33\x20\x36\x36\x2e\x31\x35\x32\x35\x38\x39\
\x2d\x32\x38\x2e\x33\x32\x34\x36\x37\x39\x20\x32\x38\x2e\x32\x39\
\x38\x31\x30\x32\x2d\x35\x30\x2e\x35\x38\x36\x37\x39\x33\x20\x36\
\x31\x2e\x33\x31\x36\x36\x34\x33\x2d\x36\x36\x2e\x31\x36\x38\x39\
\x34\x34\x20\x39\x38\x2e\x31\x34\x31\x37\x39\x32\x2d\x31\x36\x2e\
\x31\x32\x36\x39\x37\x34\x20\x33\x38\x2e\x31\x35\x35\x30\x30\x38\
\x2d\x32\x34\x2e\x33\x30\x35\x34\x35\x37\x20\x37\x38\x2e\x36\x30\
\x31\x37\x35\x2d\x32\x34\x2e\x33\x30\x35\x34\x35\x37\x20\x31\x32\
\x30\x2e\x32\x31\x37\x38\x36\x39\x6c\x30\x20\x32\x33\x38\x2e\x31\
\x33\x30\x37\x31\x36\x63\x30\x20\x31\x34\x2e\x35\x32\x36\x32\x33\
\x36\x2d\x36\x2e\x35\x37\x30\x35\x38\x39\x20\x32\x37\x2e\x39\x36\
\x39\x39\x38\x31\x2d\x31\x38\x2e\x30\x33\x30\x32\x37\x38\x20\x33\
\x36\x2e\x38\x38\x31\x33\x36\x39\x6c\x2d\x36\x36\x2e\x34\x32\x36\
\x35\x33\x34\x20\x35\x31\x2e\x36\x35\x39\x30\x36\x32\x63\x2d\x31\
\x33\x2e\x31\x34\x31\x31\x37\x39\x20\x31\x30\x2e\x32\x32\x33\x38\
\x37\x2d\x32\x32\x2e\x33\x31\x32\x32\x30\x31\x20\x32\x34\x2e\x30\
\x31\x30\x30\x34\x36\x2d\x32\x36\x2e\x35\x32\x33\x35\x39\x33\x20\
\x33\x39\x2e\x38\x36\x35\x31\x32\x2d\x33\x2e\x38\x35\x34\x36\x35\
\x20\x31\x34\x2e\x34\x38\x37\x33\x39\x33\x2d\x33\x2e\x33\x30\x37\
\x37\x38\x33\x20\x32\x39\x2e\x36\x35\x39\x36\x34\x39\x20\x31\x2e\
\x35\x37\x37\x32\x32\x38\x20\x34\x33\x2e\x38\x37\x34\x31\x32\x20\
\x34\x2e\x38\x37\x38\x38\x37\x37\x20\x31\x34\x2e\x32\x35\x32\x32\
\x39\x31\x20\x31\x33\x2e\x37\x35\x37\x35\x35\x35\x20\x32\x36\x2e\
\x35\x37\x30\x36\x31\x33\x20\x32\x35\x2e\x36\x38\x30\x32\x39\x32\
\x20\x33\x35\x2e\x36\x31\x38\x39\x37\x33\x20\x31\x33\x2e\x31\x30\
\x32\x33\x33\x36\x20\x39\x2e\x39\x33\x32\x35\x34\x38\x20\x32\x38\
\x2e\x38\x31\x31\x32\x33\x38\x20\x31\x35\x2e\x31\x38\x33\x35\x20\
\x34\x35\x2e\x34\x32\x35\x37\x39\x33\x20\x31\x35\x2e\x31\x38\x33\
\x35\x6c\x36\x39\x34\x2e\x32\x36\x31\x32\x38\x33\x20\x30\x63\x31\
\x36\x2e\x36\x32\x30\x36\x38\x38\x20\x30\x20\x33\x32\x2e\x33\x32\
\x37\x35\x34\x36\x2d\x35\x2e\x32\x34\x30\x37\x33\x20\x34\x35\x2e\
\x34\x32\x36\x38\x31\x35\x2d\x31\x35\x2e\x31\x35\x34\x38\x37\x39\
\x20\x31\x31\x2e\x39\x30\x36\x33\x38\x32\x2d\x39\x2e\x30\x33\x35\
\x30\x37\x32\x20\x32\x30\x2e\x37\x38\x39\x31\x34\x39\x2d\x32\x31\
\x2e\x33\x35\x32\x33\x37\x31\x20\x32\x35\x2e\x36\x38\x34\x33\x38\
\x31\x2d\x33\x35\x2e\x36\x31\x36\x39\x32\x39\x20\x34\x2e\x38\x39\
\x33\x31\x38\x38\x2d\x31\x34\x2e\x32\x32\x32\x36\x34\x38\x20\x35\
\x2e\x34\x34\x36\x31\x38\x39\x2d\x32\x39\x2e\x33\x39\x35\x39\x32\
\x36\x20\x31\x2e\x35\x39\x38\x36\x39\x34\x2d\x34\x33\x2e\x38\x38\
\x34\x33\x34\x32\x43\x39\x32\x37\x2e\x36\x33\x32\x32\x30\x36\x20\
\x37\x36\x31\x2e\x31\x30\x30\x37\x37\x39\x20\x39\x31\x38\x2e\x34\
\x36\x30\x31\x36\x32\x20\x37\x34\x37\x2e\x33\x32\x33\x38\x30\x32\
\x20\x39\x30\x35\x2e\x33\x32\x35\x31\x31\x36\x20\x37\x33\x37\x2e\
\x31\x30\x34\x30\x32\x31\x7a\x4d\x38\x30\x32\x2e\x37\x32\x30\x34\
\x37\x35\x20\x37\x33\x31\x2e\x39\x34\x37\x31\x31\x6c\x36\x36\x2e\
\x34\x31\x33\x32\x34\x35\x20\x35\x31\x2e\x36\x34\x32\x37\x30\x37\
\x63\x36\x2e\x37\x36\x37\x38\x37\x31\x20\x35\x2e\x32\x38\x37\x37\
\x35\x20\x37\x2e\x32\x32\x38\x38\x37\x35\x20\x31\x32\x2e\x38\x32\
\x33\x32\x38\x20\x35\x2e\x34\x30\x30\x31\x39\x20\x31\x38\x2e\x31\
\x31\x37\x31\x36\x34\x2d\x31\x2e\x38\x31\x36\x34\x31\x38\x20\x35\
\x2e\x33\x30\x36\x31\x35\x2d\x36\x2e\x38\x30\x36\x37\x31\x34\x20\
\x31\x30\x2e\x39\x37\x36\x31\x39\x36\x2d\x31\x35\x2e\x33\x36\x34\
\x34\x32\x36\x20\x31\x30\x2e\x39\x37\x36\x31\x39\x36\x6c\x2d\x36\
\x39\x34\x2e\x32\x38\x38\x38\x38\x32\x20\x30\x63\x2d\x38\x2e\x35\
\x36\x35\x38\x39\x20\x30\x2d\x31\x33\x2e\x35\x34\x36\x39\x38\x35\
\x2d\x35\x2e\x36\x36\x38\x30\x30\x32\x2d\x31\x35\x2e\x33\x35\x33\
\x31\x38\x32\x2d\x31\x30\x2e\x39\x37\x36\x31\x39\x36\x2d\x31\x2e\
\x38\x31\x34\x33\x37\x34\x2d\x35\x2e\x33\x30\x33\x30\x38\x33\x2d\
\x31\x2e\x33\x35\x31\x33\x32\x35\x2d\x31\x32\x2e\x38\x34\x38\x38\
\x33\x35\x20\x35\x2e\x33\x38\x34\x38\x35\x38\x2d\x31\x38\x2e\x31\
\x31\x33\x30\x37\x35\x6c\x36\x36\x2e\x34\x31\x33\x32\x34\x35\x2d\
\x35\x31\x2e\x36\x34\x36\x37\x39\x36\x63\x32\x35\x2e\x39\x32\x35\
\x36\x31\x36\x2d\x32\x30\x2e\x31\x35\x36\x34\x31\x38\x20\x34\x30\
\x2e\x37\x39\x35\x33\x30\x36\x2d\x35\x30\x2e\x35\x35\x32\x30\x33\
\x38\x20\x34\x30\x2e\x37\x39\x35\x33\x30\x36\x2d\x38\x33\x2e\x33\
\x39\x35\x37\x38\x36\x6c\x30\x2d\x32\x33\x38\x2e\x31\x36\x34\x34\
\x34\x38\x63\x30\x2d\x31\x33\x37\x2e\x37\x39\x38\x33\x38\x36\x20\
\x31\x31\x32\x2e\x31\x31\x31\x39\x36\x31\x2d\x32\x34\x39\x2e\x39\
\x30\x33\x31\x39\x32\x20\x32\x34\x39\x2e\x39\x31\x34\x34\x33\x36\
\x2d\x32\x34\x39\x2e\x39\x30\x33\x31\x39\x32\x20\x31\x33\x37\x2e\
\x37\x38\x32\x30\x33\x32\x20\x30\x20\x32\x34\x39\x2e\x38\x37\x32\
\x35\x32\x37\x20\x31\x31\x32\x2e\x31\x30\x35\x38\x32\x38\x20\x32\
\x34\x39\x2e\x38\x37\x32\x35\x32\x37\x20\x32\x34\x39\x2e\x39\x30\
\x33\x31\x39\x32\x6c\x30\x20\x32\x33\x38\x2e\x31\x36\x34\x34\x34\
\x38\x43\x37\x36\x31\x2e\x39\x32\x38\x32\x33\x36\x20\x36\x38\x31\
\x2e\x33\x39\x39\x31\x36\x20\x37\x37\x36\x2e\x38\x30\x36\x31\x30\
\x33\x20\x37\x31\x31\x2e\x37\x39\x35\x38\x30\x33\x20\x38\x30\x32\
\x2e\x37\x32\x30\x34\x37\x35\x20\x37\x33\x31\x2e\x39\x34\x37\x31\
\x31\x7a\x4d\x35\x31\x32\x2e\x30\x33\x35\x32\x36\x35\x20\x35\x38\
\x2e\x39\x33\x34\x39\x35\x38\x63\x31\x31\x2e\x37\x35\x34\x30\x37\
\x37\x20\x30\x20\x32\x31\x2e\x33\x31\x35\x35\x37\x33\x20\x39\x2e\
\x35\x35\x39\x34\x35\x31\x20\x32\x31\x2e\x33\x31\x35\x35\x37\x33\
\x20\x32\x31\x2e\x33\x30\x39\x34\x34\x6c\x30\x20\x31\x38\x2e\x31\
\x34\x37\x38\x32\x39\x2d\x34\x32\x2e\x36\x35\x30\x35\x36\x37\x20\
\x30\x20\x30\x2d\x31\x38\x2e\x31\x34\x37\x38\x32\x39\x43\x34\x39\
\x30\x2e\x37\x30\x30\x32\x37\x31\x20\x36\x38\x2e\x34\x39\x34\x34\
\x30\x39\x20\x35\x30\x30\x2e\x32\x37\x31\x39\x38\x38\x20\x35\x38\
\x2e\x39\x33\x34\x39\x35\x38\x20\x35\x31\x32\x2e\x30\x33\x35\x32\
\x36\x35\x20\x35\x38\x2e\x39\x33\x34\x39\x35\x38\x7a\x22\x20\x70\
\x2d\x69\x64\x3d\x22\x35\x33\x32\x33\x22\x20\x66\x69\x6c\x6c\x3d\
\x22\x23\x33\x33\x33\x33\x33\x33\x22\x3e\x3c\x2f\x70\x61\x74\x68\
\x3e\x3c\x70\x61\x74\x68\x20\x64\x3d\x22\x4d\x34\x30\x36\x2e\x33\
\x36\x36\x31\x32\x31\x20\x39\x31\x38\x2e\x33\x34\x33\x31\x32\x32\
\x63\x30\x20\x35\x38\x2e\x32\x35\x39\x32\x39\x35\x20\x34\x37\x2e\
\x34\x30\x33\x37\x31\x36\x20\x31\x30\x35\x2e\x36\x35\x36\x38\x37\
\x38\x20\x31\x30\x35\x2e\x36\x36\x39\x31\x34\x34\x20\x31\x30\x35\
\x2e\x36\x35\x36\x38\x37\x38\x20\x35\x38\x2e\x32\x35\x35\x32\x30\
\x36\x20\x30\x20\x31\x30\x35\x2e\x36\x34\x38\x37\x30\x31\x2d\x34\
\x37\x2e\x33\x39\x37\x35\x38\x33\x20\x31\x30\x35\x2e\x36\x34\x38\
\x37\x30\x31\x2d\x31\x30\x35\x2e\x36\x35\x36\x38\x37\x38\x6c\x30\
\x2d\x34\x2e\x30\x37\x35\x34\x34\x32\x4c\x34\x30\x36\x2e\x33\x36\
\x36\x31\x32\x31\x20\x39\x31\x34\x2e\x32\x36\x37\x36\x38\x20\x34\
\x30\x36\x2e\x33\x36\x36\x31\x32\x31\x20\x39\x31\x38\x2e\x33\x34\
\x33\x31\x32\x32\x7a\x22\x20\x70\x2d\x69\x64\x3d\x22\x35\x33\x32\
\x34\x22\x20\x66\x69\x6c\x6c\x3d\x22\x23\x33\x33\x33\x33\x33\x33\
\x22\x3e\x3c\x2f\x70\x61\x74\x68\x3e\x3c\x70\x61\x74\x68\x20\x64\
\x3d\x22\x4d\x32\x34\x33\x2e\x31\x39\x38\x31\x38\x36\x20\x31\x32\
\x38\x2e\x35\x35\x39\x39\x63\x36\x2e\x31\x31\x32\x36\x35\x32\x2d\
\x34\x2e\x39\x35\x31\x34\x35\x32\x20\x39\x2e\x39\x33\x38\x36\x38\
\x31\x2d\x31\x31\x2e\x39\x39\x32\x32\x34\x36\x20\x31\x30\x2e\x37\
\x37\x32\x37\x38\x32\x2d\x31\x39\x2e\x38\x32\x37\x32\x37\x35\x20\
\x30\x2e\x38\x33\x38\x31\x39\x2d\x37\x2e\x38\x34\x32\x31\x38\x35\
\x2d\x31\x2e\x34\x33\x32\x30\x37\x38\x2d\x31\x35\x2e\x35\x32\x33\
\x38\x38\x37\x2d\x36\x2e\x33\x39\x34\x37\x37\x34\x2d\x32\x31\x2e\
\x36\x33\x35\x35\x31\x36\x2d\x35\x2e\x36\x33\x34\x32\x37\x2d\x36\
\x2e\x39\x32\x32\x32\x32\x2d\x31\x33\x2e\x39\x39\x32\x36\x35\x37\
\x2d\x31\x30\x2e\x38\x39\x32\x33\x37\x37\x2d\x32\x32\x2e\x39\x33\
\x33\x36\x38\x38\x2d\x31\x30\x2e\x38\x39\x32\x33\x37\x37\x2d\x36\
\x2e\x37\x31\x30\x36\x32\x39\x20\x30\x2d\x31\x33\x2e\x32\x38\x35\
\x33\x30\x37\x20\x32\x2e\x33\x32\x32\x33\x39\x39\x2d\x31\x38\x2e\
\x35\x31\x34\x37\x39\x33\x20\x36\x2e\x35\x34\x35\x30\x33\x35\x2d\
\x34\x38\x2e\x39\x36\x35\x36\x31\x31\x20\x33\x39\x2e\x36\x32\x31\
\x38\x34\x2d\x38\x39\x2e\x32\x38\x34\x35\x38\x20\x38\x37\x2e\x35\
\x38\x39\x38\x30\x31\x2d\x31\x31\x39\x2e\x38\x33\x37\x36\x31\x37\
\x20\x31\x34\x32\x2e\x35\x37\x36\x30\x36\x38\x2d\x33\x31\x2e\x33\
\x33\x35\x30\x30\x36\x20\x35\x36\x2e\x34\x37\x30\x34\x37\x35\x2d\
\x35\x30\x2e\x38\x32\x30\x38\x37\x32\x20\x31\x31\x37\x2e\x36\x34\
\x39\x31\x32\x34\x2d\x35\x37\x2e\x39\x31\x37\x38\x38\x36\x20\x31\
\x38\x31\x2e\x38\x33\x35\x30\x33\x33\x2d\x30\x2e\x38\x37\x30\x39\
\x20\x37\x2e\x38\x30\x38\x34\x35\x33\x20\x31\x2e\x33\x36\x31\x35\
\x34\x37\x20\x31\x35\x2e\x34\x39\x35\x32\x36\x35\x20\x36\x2e\x32\
\x38\x36\x34\x32\x33\x20\x32\x31\x2e\x36\x34\x35\x37\x33\x38\x20\
\x34\x2e\x39\x32\x33\x38\x35\x33\x20\x36\x2e\x31\x34\x37\x34\x30\
\x36\x20\x31\x31\x2e\x39\x34\x30\x31\x31\x34\x20\x31\x30\x2e\x30\
\x31\x32\x32\x37\x38\x20\x31\x39\x2e\x37\x34\x30\x33\x39\x20\x31\
\x30\x2e\x38\x38\x31\x31\x33\x33\x20\x31\x2e\x30\x35\x31\x38\x32\
\x36\x20\x30\x2e\x31\x32\x33\x36\x38\x34\x20\x32\x2e\x31\x35\x33\
\x37\x33\x39\x20\x30\x2e\x31\x38\x37\x30\x35\x39\x20\x33\x2e\x32\
\x37\x32\x30\x30\x36\x20\x30\x2e\x31\x38\x37\x30\x35\x39\x20\x31\
\x35\x2e\x30\x32\x33\x30\x31\x37\x20\x30\x20\x32\x37\x2e\x35\x39\
\x37\x39\x30\x37\x2d\x31\x31\x2e\x32\x37\x31\x36\x30\x37\x20\x32\
\x39\x2e\x32\x34\x37\x37\x31\x2d\x32\x36\x2e\x32\x31\x37\x39\x36\
\x43\x39\x39\x2e\x33\x38\x36\x32\x39\x39\x20\x33\x30\x31\x2e\x32\
\x37\x37\x30\x36\x35\x20\x31\x35\x34\x2e\x38\x38\x36\x37\x32\x33\
\x20\x32\x30\x30\x2e\x30\x32\x38\x38\x36\x31\x20\x32\x34\x33\x2e\
\x31\x39\x38\x31\x38\x36\x20\x31\x32\x38\x2e\x35\x35\x39\x39\x7a\
\x22\x20\x70\x2d\x69\x64\x3d\x22\x35\x33\x32\x35\x22\x20\x66\x69\
\x6c\x6c\x3d\x22\x23\x33\x33\x33\x33\x33\x33\x22\x3e\x3c\x2f\x70\
\x61\x74\x68\x3e\x3c\x70\x61\x74\x68\x20\x64\x3d\x22\x4d\x39\x39\
\x35\x2e\x36\x33\x31\x38\x37\x39\x20\x34\x30\x37\x2e\x31\x33\x37\
\x33\x35\x38\x63\x2d\x37\x2e\x30\x37\x34\x35\x32\x35\x2d\x36\x34\
\x2e\x31\x36\x34\x34\x34\x34\x2d\x32\x36\x2e\x35\x35\x31\x31\x39\
\x32\x2d\x31\x32\x35\x2e\x33\x33\x33\x38\x39\x32\x2d\x35\x37\x2e\
\x38\x39\x34\x33\x37\x36\x2d\x31\x38\x31\x2e\x38\x31\x30\x35\x30\
\x31\x2d\x33\x30\x2e\x35\x32\x33\x33\x39\x33\x2d\x35\x34\x2e\x39\
\x36\x36\x38\x34\x35\x2d\x37\x30\x2e\x38\x34\x34\x34\x30\x37\x2d\
\x31\x30\x32\x2e\x39\x34\x37\x30\x37\x32\x2d\x31\x31\x39\x2e\x38\
\x33\x36\x35\x39\x35\x2d\x31\x34\x32\x2e\x36\x30\x38\x37\x37\x38\
\x2d\x35\x2e\x32\x31\x38\x32\x34\x32\x2d\x34\x2e\x32\x31\x38\x35\
\x34\x37\x2d\x31\x31\x2e\x37\x39\x37\x30\x30\x39\x2d\x36\x2e\x35\
\x34\x30\x39\x34\x36\x2d\x31\x38\x2e\x35\x32\x30\x39\x32\x36\x2d\
\x36\x2e\x35\x34\x30\x39\x34\x36\x2d\x38\x2e\x39\x32\x32\x36\x33\
\x32\x20\x30\x2d\x31\x37\x2e\x32\x38\x31\x30\x31\x38\x20\x33\x2e\
\x39\x38\x30\x33\x37\x39\x2d\x32\x32\x2e\x39\x33\x36\x37\x35\x34\
\x20\x31\x30\x2e\x39\x32\x35\x30\x38\x37\x2d\x34\x2e\x39\x34\x33\
\x32\x37\x35\x20\x36\x2e\x31\x31\x31\x36\x33\x2d\x37\x2e\x32\x31\
\x33\x35\x34\x32\x20\x31\x33\x2e\x37\x39\x30\x32\x36\x35\x2d\x36\
\x2e\x33\x38\x38\x36\x34\x31\x20\x32\x31\x2e\x36\x32\x35\x32\x39\
\x34\x20\x30\x2e\x38\x32\x33\x38\x37\x39\x20\x37\x2e\x38\x33\x36\
\x30\x35\x32\x20\x34\x2e\x36\x34\x31\x37\x33\x31\x20\x31\x34\x2e\
\x38\x36\x39\x36\x39\x20\x31\x30\x2e\x37\x35\x30\x32\x39\x34\x20\
\x31\x39\x2e\x38\x30\x32\x37\x34\x33\x20\x38\x38\x2e\x33\x34\x36\
\x32\x31\x36\x20\x37\x31\x2e\x35\x30\x31\x36\x37\x20\x31\x34\x33\
\x2e\x38\x33\x38\x34\x36\x33\x20\x31\x37\x32\x2e\x37\x34\x38\x38\
\x35\x33\x20\x31\x35\x36\x2e\x32\x35\x36\x39\x35\x39\x20\x32\x38\
\x35\x2e\x30\x39\x34\x38\x39\x33\x20\x31\x2e\x36\x36\x37\x31\x38\
\x20\x31\x34\x2e\x39\x35\x32\x34\x38\x36\x20\x31\x34\x2e\x32\x34\
\x33\x30\x39\x32\x20\x32\x36\x2e\x32\x32\x36\x31\x33\x38\x20\x32\
\x39\x2e\x32\x34\x39\x37\x35\x34\x20\x32\x36\x2e\x32\x32\x36\x31\
\x33\x38\x20\x31\x2e\x31\x33\x31\x35\x35\x36\x20\x30\x20\x32\x2e\
\x32\x33\x35\x35\x31\x33\x2d\x30\x2e\x30\x36\x31\x33\x33\x31\x20\
\x33\x2e\x32\x36\x33\x38\x32\x39\x2d\x30\x2e\x31\x38\x32\x39\x37\
\x31\x20\x37\x2e\x38\x31\x31\x35\x31\x39\x2d\x30\x2e\x38\x35\x36\
\x35\x38\x39\x20\x31\x34\x2e\x38\x33\x35\x39\x35\x38\x2d\x34\x2e\
\x37\x32\x32\x34\x38\x33\x20\x31\x39\x2e\x37\x37\x37\x31\x38\x38\
\x2d\x31\x30\x2e\x38\x38\x34\x32\x43\x39\x39\x34\x2e\x32\x35\x38\
\x30\x36\x35\x20\x34\x32\x32\x2e\x36\x36\x37\x33\x37\x37\x20\x39\
\x39\x36\x2e\x34\x38\x39\x34\x39\x20\x34\x31\x34\x2e\x39\x38\x30\
\x35\x36\x35\x20\x39\x39\x35\x2e\x36\x33\x31\x38\x37\x39\x20\x34\
\x30\x37\x2e\x31\x33\x37\x33\x35\x38\x7a\x22\x20\x70\x2d\x69\x64\
\x3d\x22\x35\x33\x32\x36\x22\x20\x66\x69\x6c\x6c\x3d\x22\x23\x33\
\x33\x33\x33\x33\x33\x22\x3e\x3c\x2f\x70\x61\x74\x68\x3e\x3c\x2f\
\x73\x76\x67\x3e\
\x00\x00\x03\x3c\
\x3c\
\x3f\x78\x6d\x6c\x20\x76\x65\x72\x73\x69\x6f\x6e\x3d\x22\x31\x2e\
\x30\x22\x20\x73\x74\x61\x6e\x64\x61\x6c\x6f\x6e\x65\x3d\x22\x6e\
\x6f\x22\x3f\x3e\x3c\x21\x44\x4f\x43\x54\x59\x50\x45\x20\x73\x76\
\x67\x20\x50\x55\x42\x4c\x49\x43\x20\x22\x2d\x2f\x2f\x57\x33\x43\
\x2f\x2f\x44\x54\x44\x20\x53\x56\x47\x20\x31\x2e\x31\x2f\x2f\x45\
\x4e\x22\x20\x22\x68\x74\x74\x70\x3a\x2f\x2f\x77\x77\x77\x2e\x77\
\x33\x2e\x6f\x72\x67\x2f\x47\x72\x61\x70\x68\x69\x63\x73\x2f\x53\
\x56\x47\x2f\x31\x2e\x31\x2f\x44\x54\x44\x2f\x73\x76\x67\x31\x31\
\x2e\x64\x74\x64\x22\x3e\x3c\x73\x76\x67\x20\x74\x3d\x22\x31\x37\
\x37\x39\x30\x31\x34\x36\x39\x34\x39\x38\x37\x22\x20\x63\x6c\x61\
\x73\x73\x3d\x22\x69\x63\x6f\x6e\x22\x20\x76\x69\x65\x77\x42\x6f\
\x78\x3d\x22\x30\x20\x30\x20\x31\x30\x32\x34\x20\x31\x30\x32\x34\
\x22\x20\x76\x65\x72\x73\x69\x6f\x6e\x3d\x22\x31\x2e\x31\x22\x20\
\x78\x6d\x6c\x6e\x73\x3d\x22\x68\x74\x74\x70\x3a\x2f\x2f\x77\x77\
\x77\x2e\x77\x33\x2e\x6f\x72\x67\x2f\x32\x30\x30\x30\x2f\x73\x76\
\x67\x22\x20\x70\x2d\x69\x64\x3d\x22\x35\x38\x34\x37\x22\x20\x78\
\x6d\x6c\x6e\x73\x3a\x78\x6c\x69\x6e\x6b\x3d\x22\x68\x74\x74\x70\
\x3a\x2f\x2f\x77\x77\x77\x2e\x77\x33\x2e\x6f\x72\x67\x2f\x31\x39\
\x39\x39\x2f\x78\x6c\x69\x6e\x6b\x22\x20\x77\x69\x64\x74\x68\x3d\
\x22\x32\x30\x30\x22\x20\x68\x65\x69\x67\x68\x74\x3d\x22\x32\x30\
\x30\x22\x3e\x3c\x70\x61\x74\x68\x20\x64\x3d\x22\x4d\x35\x37\x32\
\x2e\x31\x33\x31\x35\x35\x36\x20\x31\x34\x33\x2e\x38\x37\x32\x6c\
\x33\x35\x30\x2e\x34\x33\x35\x35\x35\x35\x20\x32\x39\x35\x2e\x30\
\x32\x35\x37\x37\x38\x2d\x35\x35\x2e\x30\x31\x31\x35\x35\x35\x20\
\x36\x35\x2e\x33\x30\x38\x34\x34\x34\x2d\x33\x36\x2e\x35\x32\x32\
\x36\x36\x37\x2d\x33\x30\x2e\x37\x37\x36\x38\x38\x39\x76\x33\x33\
\x39\x2e\x34\x35\x36\x61\x31\x32\x38\x20\x31\x32\x38\x20\x30\x20\
\x30\x20\x31\x2d\x31\x32\x38\x20\x31\x32\x38\x68\x2d\x34\x32\x36\
\x2e\x36\x36\x36\x36\x36\x37\x61\x31\x32\x38\x20\x31\x32\x38\x20\
\x30\x20\x30\x20\x31\x2d\x31\x32\x38\x2d\x31\x32\x38\x56\x34\x37\
\x33\x2e\x33\x31\x35\x35\x35\x36\x6c\x2d\x33\x36\x2e\x35\x32\x32\
\x36\x36\x36\x20\x33\x30\x2e\x38\x33\x33\x37\x37\x37\x4c\x35\x36\
\x2e\x38\x38\x38\x38\x38\x39\x20\x34\x33\x38\x2e\x38\x39\x37\x37\
\x37\x38\x6c\x33\x35\x30\x2e\x33\x37\x38\x36\x36\x37\x2d\x32\x39\
\x35\x2e\x30\x32\x35\x37\x37\x38\x61\x31\x32\x38\x20\x31\x32\x38\
\x20\x30\x20\x30\x20\x31\x20\x31\x36\x34\x2e\x38\x36\x34\x20\x30\
\x7a\x20\x6d\x2d\x36\x31\x2e\x30\x39\x38\x36\x36\x37\x20\x33\x37\
\x30\x2e\x33\x34\x36\x36\x36\x37\x68\x2d\x34\x32\x2e\x36\x36\x36\
\x36\x36\x37\x61\x31\x32\x38\x20\x31\x32\x38\x20\x30\x20\x30\x20\
\x30\x2d\x31\x32\x38\x20\x31\x32\x38\x76\x31\x37\x30\x2e\x36\x36\
\x36\x36\x36\x36\x63\x30\x20\x32\x33\x2e\x35\x35\x32\x20\x31\x39\
\x2e\x31\x31\x34\x36\x36\x37\x20\x34\x32\x2e\x36\x36\x36\x36\x36\
\x37\x20\x34\x32\x2e\x36\x36\x36\x36\x36\x37\x20\x34\x32\x2e\x36\
\x36\x36\x36\x36\x37\x68\x32\x31\x33\x2e\x33\x33\x33\x33\x33\x33\
\x61\x34\x32\x2e\x36\x36\x36\x36\x36\x37\x20\x34\x32\x2e\x36\x36\
\x36\x36\x36\x37\x20\x30\x20\x30\x20\x30\x20\x34\x32\x2e\x36\x36\
\x36\x36\x36\x37\x2d\x34\x32\x2e\x36\x36\x36\x36\x36\x37\x76\x2d\
\x31\x37\x30\x2e\x36\x36\x36\x36\x36\x36\x61\x31\x32\x38\x20\x31\
\x32\x38\x20\x30\x20\x30\x20\x30\x2d\x31\x32\x38\x2d\x31\x32\x38\
\x7a\x22\x20\x70\x2d\x69\x64\x3d\x22\x35\x38\x34\x38\x22\x20\x66\
\x69\x6c\x6c\x3d\x22\x23\x33\x33\x33\x33\x33\x33\x22\x3e\x3c\x2f\
\x70\x61\x74\x68\x3e\x3c\x2f\x73\x76\x67\x3e\
\x00\x00\x03\x96\
\x3c\
\x3f\x78\x6d\x6c\x20\x76\x65\x72\x73\x69\x6f\x6e\x3d\x22\x31\x2e\
\x30\x22\x20\x73\x74\x61\x6e\x64\x61\x6c\x6f\x6e\x65\x3d\x22\x6e\
\x6f\x22\x3f\x3e\x3c\x21\x44\x4f\x43\x54\x59\x50\x45\x20\x73\x76\
\x67\x20\x50\x55\x42\x4c\x49\x43\x20\x22\x2d\x2f\x2f\x57\x33\x43\
\x2f\x2f\x44\x54\x44\x20\x53\x56\x47\x20\x31\x2e\x31\x2f\x2f\x45\
\x4e\x22\x20\x22\x68\x74\x74\x70\x3a\x2f\x2f\x77\x77\x77\x2e\x77\
\x33\x2e\x6f\x72\x67\x2f\x47\x72\x61\x70\x68\x69\x63\x73\x2f\x53\
\x56\x47\x2f\x31\x2e\x31\x2f\x44\x54\x44\x2f\x73\x76\x67\x31\x31\
\x2e\x64\x74\x64\x22\x3e\x3c\x73\x76\x67\x20\x74\x3d\x22\x31\x37\
\x37\x37\x36\x31\x36\x39\x36\x36\x36\x34\x31\x22\x20\x63\x6c\x61\
\x73\x73\x3d\x22\x69\x63\x6f\x6e\x22\x20\x76\x69\x65\x77\x42\x6f\
\x78\x3d\x22\x30\x20\x30\x20\x31\x30\x32\x34\x20\x31\x30\x32\x34\
\x22\x20\x76\x65\x72\x73\x69\x6f\x6e\x3d\x22\x31\x2e\x31\x22\x20\
\x78\x6d\x6c\x6e\x73\x3d\x22\x68\x74\x74\x70\x3a\x2f\x2f\x77\x77\
\x77\x2e\x77\x33\x2e\x6f\x72\x67\x2f\x32\x30\x30\x30\x2f\x73\x76\
\x67\x22\x20\x70\x2d\x69\x64\x3d\x22\x35\x36\x31\x39\x22\x20\x78\
\x6d\x6c\x6e\x73\x3a\x78\x6c\x69\x6e\x6b\x3d\x22\x68\x74\x74\x70\
\x3a\x2f\x2f\x77\x77\x77\x2e\x77\x33\x2e\x6f\x72\x67\x2f\x31\x39\
\x39\x39\x2f\x78\x6c\x69\x6e\x6b\x22\x20\x77\x69\x64\x74\x68\x3d\
\x22\x32\x30\x30\x22\x20\x68\x65\x69\x67\x68\x74\x3d\x22\x32\x30\
\x30\x22\x3e\x3c\x70\x61\x74\x68\x20\x64\x3d\x22\x4d\x31\x39\x30\
\x2e\x35\x20\x37\x36\x34\x2e\x39\x71\x30\x20\x32\x36\x2e\x36\x20\
\x31\x38\x2e\x39\x20\x34\x35\x2e\x31\x74\x34\x35\x2e\x36\x20\x31\
\x38\x2e\x34\x68\x32\x35\x35\x76\x31\x32\x38\x48\x31\x39\x30\x2e\
\x35\x71\x2d\x32\x36\x2e\x36\x20\x30\x2d\x34\x39\x2e\x37\x2d\x31\
\x30\x2e\x32\x74\x2d\x34\x30\x2e\x34\x2d\x32\x37\x2e\x36\x2d\x32\
\x37\x2e\x36\x2d\x34\x30\x2e\x34\x2d\x31\x30\x2e\x32\x2d\x34\x39\
\x2e\x37\x76\x2d\x36\x34\x30\x71\x30\x2d\x32\x36\x2e\x36\x20\x31\
\x30\x2e\x32\x2d\x34\x39\x2e\x37\x74\x32\x37\x2e\x36\x2d\x34\x30\
\x2e\x34\x20\x34\x30\x2e\x34\x2d\x32\x37\x2e\x36\x20\x34\x39\x2e\
\x37\x2d\x31\x30\x2e\x32\x48\x38\x39\x35\x71\x32\x36\x2e\x36\x20\
\x30\x20\x34\x39\x2e\x37\x20\x31\x30\x2e\x32\x74\x34\x30\x2e\x34\
\x20\x32\x37\x2e\x36\x20\x32\x37\x2e\x36\x20\x34\x30\x2e\x34\x20\
\x31\x30\x2e\x32\x20\x34\x39\x2e\x37\x76\x32\x35\x34\x6c\x2d\x31\
\x32\x38\x20\x33\x2e\x31\x76\x2d\x36\x34\x2e\x35\x71\x30\x2d\x32\
\x36\x2e\x36\x2d\x31\x38\x2e\x39\x2d\x34\x35\x2e\x36\x74\x2d\x34\
\x35\x2e\x36\x2d\x31\x38\x2e\x39\x48\x32\x35\x34\x2e\x39\x71\x2d\
\x32\x36\x2e\x36\x20\x30\x2d\x34\x35\x2e\x36\x20\x31\x38\x2e\x39\
\x74\x2d\x31\x38\x2e\x39\x20\x34\x35\x2e\x36\x76\x33\x38\x34\x7a\
\x20\x6d\x36\x30\x39\x2e\x32\x2d\x32\x35\x37\x71\x34\x36\x2e\x31\
\x20\x30\x20\x38\x37\x20\x31\x37\x2e\x34\x74\x37\x31\x2e\x37\x20\
\x34\x38\x2e\x31\x20\x34\x38\x2e\x36\x20\x37\x31\x2e\x37\x20\x31\
\x37\x2e\x39\x20\x38\x38\x2e\x31\x2d\x31\x37\x2e\x39\x20\x38\x38\
\x2e\x31\x2d\x34\x38\x2e\x36\x20\x37\x31\x2e\x37\x2d\x37\x31\x2e\
\x37\x20\x34\x38\x2e\x31\x2d\x38\x37\x20\x31\x37\x2e\x34\x71\x2d\
\x34\x37\x2e\x31\x20\x30\x2d\x38\x38\x2e\x31\x2d\x31\x37\x2e\x34\
\x54\x36\x33\x39\x2e\x39\x20\x38\x39\x33\x74\x2d\x34\x38\x2e\x36\
\x2d\x37\x31\x2e\x37\x2d\x31\x37\x2e\x39\x2d\x38\x38\x2e\x31\x20\
\x31\x37\x2e\x39\x2d\x38\x38\x2e\x31\x20\x34\x38\x2e\x36\x2d\x37\
\x31\x2e\x37\x20\x37\x31\x2e\x37\x2d\x34\x38\x2e\x31\x20\x38\x38\
\x2e\x31\x2d\x31\x37\x2e\x34\x7a\x20\x6d\x31\x35\x38\x2e\x38\x20\
\x32\x35\x37\x76\x2d\x36\x34\x2e\x35\x68\x2d\x31\x32\x38\x76\x2d\
\x31\x32\x38\x48\x37\x36\x37\x76\x31\x32\x38\x48\x36\x33\x39\x76\
\x36\x34\x2e\x35\x68\x31\x32\x38\x76\x31\x32\x38\x68\x36\x33\x2e\
\x35\x76\x2d\x31\x32\x38\x68\x31\x32\x38\x7a\x22\x20\x70\x2d\x69\
\x64\x3d\x22\x35\x36\x32\x30\x22\x20\x66\x69\x6c\x6c\x3d\x22\x23\
\x33\x33\x33\x33\x33\x33\x22\x3e\x3c\x2f\x70\x61\x74\x68\x3e\x3c\
\x2f\x73\x76\x67\x3e\
\x00\x00\x0b\x06\
\x3c\
\x3f\x78\x6d\x6c\x20\x76\x65\x72\x73\x69\x6f\x6e\x3d\x22\x31\x2e\
\x30\x22\x20\x73\x74\x61\x6e\x64\x61\x6c\x6f\x6e\x65\x3d\x22\x6e\
\x6f\x22\x3f\x3e\x3c\x21\x44\x4f\x43\x54\x59\x50\x45\x20\x73\x76\
\x67\x20\x50\x55\x42\x4c\x49\x43\x20\x22\x2d\x2f\x2f\x57\x33\x43\
\x2f\x2f\x44\x54\x44\x20\x53\x56\x47\x20\x31\x2e\x31\x2f\x2f\x45\
\x4e\x22\x20\x22\x68\x74\x74\x70\x3a\x2f\x2f\x77\x77\x77\x2e\x77\
\x33\x2e\x6f\x72\x67\x2f\x47\x72\x61\x70\x68\x69\x63\x73\x2f\x53\
\x56\x47\x2f\x31\x2e\x31\x2f\x44\x54\x44\x2f\x73\x76\x67\x31\x31\
\x2e\x64\x74\x64\x22\x3e\x3c\x73\x76\x67\x20\x74\x3d\x22\x31\x37\
\x37\x32\x31\x36\x34\x35\x39\x32\x31\x33\x31\x22\x20\x63\x6c\x61\
\x73\x73\x3d\x22\x69\x63\x6f\x6e\x22\x20\x76\x69\x65\x77\x42\x6f\
\x78\x3d\x22\x30\x20\x30\x20\x31\x30\x32\x34\x20\x31\x30\x32\x34\
\x22\x20\x76\x65\x72\x73\x69\x6f\x6e\x3d\x22\x31\x2e\x31\x22\x20\
\x78\x6d\x6c\x6e\x73\x3d\x22\x68\x74\x74\x70\x3a\x2f\x2f\x77\x77\
\x77\x2e\x77\x33\x2e\x6f\x72\x67\x2f\x32\x30\x30\x30\x2f\x73\x76\
\x67\x22\x20\x70\x2d\x69\x64\x3d\x22\x38\x30\x36\x36\x22\x20\x78\
\x6d\x6c\x6e\x73\x3a\x78\x6c\x69\x6e\x6b\x3d\x22\x68\x74\x74\x70\
\x3a\x2f\x2f\x77\x77\x77\x2e\x77\x33\x2e\x6f\x72\x67\x2f\x31\x39\
\x39\x39\x2f\x78\x6c\x69\x6e\x6b\x22\x20\x77\x69\x64\x74\x68\x3d\
\x22\x32\x30\x30\x22\x20\x68\x65\x69\x67\x68\x74\x3d\x22\x32\x30\
\x30\x22\x3e\x3c\x70\x61\x74\x68\x20\x64\x3d\x22\x4d\x35\x31\x37\
\x2e\x36\x38\x33\x32\x20\x35\x32\x31\x2e\x33\x35\x39\x33\x36\x6c\
\x2d\x39\x2e\x30\x34\x31\x39\x32\x20\x36\x2e\x30\x32\x36\x32\x34\
\x2d\x39\x2e\x30\x33\x31\x36\x38\x2d\x36\x2e\x30\x32\x36\x32\x34\
\x63\x2d\x31\x35\x2e\x30\x35\x37\x39\x32\x2d\x31\x32\x2e\x30\x34\
\x37\x33\x36\x2d\x33\x36\x2e\x31\x34\x32\x30\x38\x20\x31\x32\x2e\
\x30\x34\x37\x33\x36\x2d\x32\x34\x2e\x30\x39\x34\x37\x32\x20\x32\
\x34\x2e\x30\x39\x34\x37\x32\x6c\x31\x35\x2e\x30\x35\x37\x39\x32\
\x20\x39\x2e\x30\x33\x36\x38\x76\x32\x34\x2e\x30\x39\x34\x37\x32\
\x61\x31\x36\x2e\x36\x32\x39\x37\x36\x20\x31\x36\x2e\x36\x32\x39\
\x37\x36\x20\x30\x20\x30\x20\x30\x20\x33\x33\x2e\x31\x32\x36\x34\
\x20\x30\x76\x2d\x32\x34\x2e\x30\x39\x34\x37\x32\x6c\x31\x35\x2e\
\x30\x36\x33\x30\x34\x2d\x39\x2e\x30\x33\x36\x38\x63\x31\x38\x2e\
\x30\x37\x33\x36\x2d\x31\x35\x2e\x30\x35\x37\x39\x32\x2d\x33\x2e\
\x30\x31\x30\x35\x36\x2d\x33\x36\x2e\x31\x34\x32\x30\x38\x2d\x32\
\x31\x2e\x30\x38\x34\x31\x36\x2d\x32\x34\x2e\x30\x39\x34\x37\x32\
\x7a\x20\x6d\x33\x34\x33\x2e\x33\x33\x36\x39\x36\x20\x34\x35\x2e\
\x31\x37\x38\x38\x38\x63\x34\x32\x2e\x31\x36\x33\x32\x2d\x34\x38\
\x2e\x31\x38\x39\x34\x34\x20\x36\x33\x2e\x32\x34\x32\x32\x34\x2d\
\x32\x30\x37\x2e\x38\x31\x35\x36\x38\x2d\x34\x38\x2e\x31\x38\x39\
\x34\x34\x2d\x32\x39\x35\x2e\x31\x35\x32\x36\x34\x20\x33\x30\x2e\
\x31\x31\x35\x38\x34\x2d\x33\x35\x32\x2e\x33\x37\x38\x38\x38\x2d\
\x31\x37\x34\x2e\x36\x37\x39\x30\x34\x2d\x33\x30\x31\x2e\x31\x37\
\x38\x38\x38\x2d\x31\x38\x39\x2e\x37\x34\x32\x30\x38\x2d\x31\x30\
\x32\x2e\x34\x2d\x37\x35\x2e\x32\x38\x39\x36\x2d\x34\x35\x2e\x31\
\x37\x38\x38\x38\x2d\x31\x35\x36\x2e\x36\x31\x30\x35\x36\x2d\x33\
\x33\x2e\x31\x33\x31\x35\x32\x2d\x32\x31\x39\x2e\x38\x35\x32\x38\
\x20\x30\x2d\x31\x38\x2e\x30\x37\x33\x36\x2d\x32\x30\x34\x2e\x38\
\x2d\x32\x31\x39\x2e\x38\x36\x33\x30\x34\x2d\x32\x34\x33\x2e\x39\
\x35\x37\x37\x36\x2d\x31\x38\x39\x2e\x37\x34\x37\x32\x20\x31\x30\
\x32\x2e\x34\x2d\x31\x30\x35\x2e\x34\x31\x30\x35\x36\x20\x37\x35\
\x2e\x32\x38\x39\x36\x2d\x39\x39\x2e\x33\x38\x34\x33\x32\x20\x32\
\x32\x35\x2e\x38\x37\x39\x30\x34\x2d\x35\x31\x2e\x32\x20\x32\x39\
\x35\x2e\x31\x35\x32\x36\x34\x2d\x31\x32\x2e\x30\x34\x32\x32\x34\
\x20\x33\x30\x2e\x31\x31\x35\x38\x34\x2d\x36\x33\x2e\x32\x34\x32\
\x32\x34\x20\x31\x35\x30\x2e\x35\x37\x39\x32\x20\x36\x2e\x30\x32\
\x36\x32\x34\x20\x32\x35\x39\x2e\x30\x31\x30\x35\x36\x2d\x32\x34\
\x2e\x30\x39\x34\x37\x32\x20\x35\x31\x2e\x32\x2d\x33\x30\x2e\x31\
\x31\x35\x38\x34\x20\x31\x30\x35\x2e\x34\x31\x30\x35\x36\x2d\x32\
\x34\x2e\x30\x39\x34\x37\x32\x20\x31\x35\x39\x2e\x36\x32\x31\x31\
\x32\x20\x39\x2e\x30\x33\x36\x38\x20\x33\x36\x2e\x31\x34\x32\x30\
\x38\x20\x36\x36\x2e\x32\x35\x37\x39\x32\x20\x32\x34\x2e\x30\x39\
\x34\x37\x32\x20\x36\x30\x2e\x32\x33\x36\x38\x2d\x31\x35\x2e\x30\
\x35\x37\x39\x32\x2d\x39\x2e\x30\x33\x36\x38\x2d\x33\x33\x2e\x31\
\x32\x36\x34\x2d\x33\x2e\x30\x31\x35\x36\x38\x2d\x38\x31\x2e\x33\
\x31\x35\x38\x34\x20\x32\x34\x2e\x30\x39\x34\x37\x32\x2d\x31\x33\
\x35\x2e\x35\x32\x36\x34\x20\x33\x2e\x30\x31\x30\x35\x36\x2d\x31\
\x32\x2e\x30\x34\x37\x33\x36\x20\x33\x2e\x30\x31\x30\x35\x36\x2d\
\x32\x34\x2e\x30\x39\x34\x37\x32\x2d\x36\x2e\x30\x32\x36\x32\x34\
\x2d\x33\x33\x2e\x31\x33\x31\x35\x32\x2d\x36\x36\x2e\x32\x35\x37\
\x39\x32\x2d\x38\x34\x2e\x33\x33\x31\x35\x32\x2d\x32\x31\x2e\x30\
\x38\x34\x31\x36\x2d\x31\x39\x35\x2e\x37\x36\x33\x32\x2d\x33\x2e\
\x30\x31\x30\x35\x36\x2d\x32\x32\x32\x2e\x38\x37\x33\x36\x20\x36\
\x2e\x30\x32\x31\x31\x32\x2d\x31\x32\x2e\x30\x34\x32\x32\x34\x20\
\x36\x2e\x30\x32\x31\x31\x32\x2d\x32\x37\x2e\x31\x30\x35\x32\x38\
\x2d\x36\x2e\x30\x32\x36\x32\x34\x2d\x33\x36\x2e\x31\x33\x36\x39\
\x36\x2d\x31\x35\x2e\x30\x35\x32\x38\x2d\x31\x35\x2e\x30\x35\x37\
\x39\x32\x2d\x34\x32\x2e\x31\x36\x33\x32\x2d\x37\x35\x2e\x32\x39\
\x34\x37\x32\x2d\x32\x34\x2e\x30\x38\x39\x36\x2d\x31\x34\x31\x2e\
\x35\x35\x32\x36\x34\x20\x32\x34\x2e\x30\x38\x39\x36\x2d\x38\x37\
\x2e\x33\x34\x37\x32\x20\x31\x30\x35\x2e\x34\x31\x30\x35\x36\x2d\
\x31\x30\x32\x2e\x34\x20\x31\x35\x39\x2e\x36\x32\x31\x31\x32\x2d\
\x31\x30\x32\x2e\x34\x20\x31\x32\x2e\x30\x34\x37\x33\x36\x20\x30\
\x20\x32\x34\x2e\x30\x39\x34\x37\x32\x2d\x36\x2e\x30\x32\x36\x32\
\x34\x20\x32\x37\x2e\x31\x30\x35\x32\x38\x2d\x31\x38\x2e\x30\x37\
\x33\x36\x20\x33\x30\x2e\x31\x31\x35\x38\x34\x2d\x38\x34\x2e\x33\
\x32\x36\x34\x20\x32\x30\x34\x2e\x38\x2d\x31\x32\x33\x2e\x34\x37\
\x39\x30\x34\x20\x32\x36\x32\x2e\x30\x32\x36\x32\x34\x20\x33\x2e\
\x30\x31\x30\x35\x36\x20\x36\x2e\x30\x32\x31\x31\x32\x20\x31\x32\
\x2e\x30\x34\x37\x33\x36\x20\x31\x35\x2e\x30\x35\x32\x38\x20\x31\
\x38\x2e\x30\x37\x33\x36\x20\x33\x30\x2e\x31\x31\x35\x38\x34\x20\
\x31\x38\x2e\x30\x37\x33\x36\x20\x34\x35\x2e\x31\x37\x33\x37\x36\
\x2d\x33\x2e\x30\x31\x30\x35\x36\x20\x31\x32\x39\x2e\x35\x30\x35\
\x32\x38\x20\x36\x2e\x30\x32\x31\x31\x32\x20\x31\x35\x36\x2e\x36\
\x31\x30\x35\x36\x20\x31\x30\x32\x2e\x34\x20\x32\x31\x2e\x30\x37\
\x39\x30\x34\x20\x37\x32\x2e\x32\x38\x34\x31\x36\x2d\x33\x2e\x30\
\x31\x35\x36\x38\x20\x31\x32\x39\x2e\x35\x30\x35\x32\x38\x2d\x32\
\x34\x2e\x30\x39\x34\x37\x32\x20\x31\x34\x31\x2e\x35\x35\x32\x36\
\x34\x2d\x31\x35\x2e\x30\x35\x32\x38\x20\x39\x2e\x30\x33\x36\x38\
\x2d\x31\x38\x2e\x30\x37\x33\x36\x20\x32\x37\x2e\x31\x30\x35\x32\
\x38\x2d\x39\x2e\x30\x33\x36\x38\x20\x33\x39\x2e\x31\x35\x32\x36\
\x34\x20\x36\x36\x2e\x32\x35\x37\x39\x32\x20\x31\x30\x35\x2e\x34\
\x31\x30\x35\x36\x20\x32\x34\x2e\x30\x39\x34\x37\x32\x20\x31\x39\
\x32\x2e\x37\x35\x32\x36\x34\x20\x30\x20\x32\x32\x35\x2e\x38\x38\
\x34\x31\x36\x2d\x36\x2e\x30\x32\x31\x31\x32\x20\x36\x2e\x30\x32\
\x31\x31\x32\x2d\x36\x2e\x30\x32\x31\x31\x32\x20\x32\x31\x2e\x30\
\x37\x39\x30\x34\x2d\x33\x2e\x30\x31\x30\x35\x36\x20\x33\x30\x2e\
\x31\x31\x35\x38\x34\x20\x32\x34\x2e\x30\x39\x34\x37\x32\x20\x34\
\x38\x2e\x31\x38\x39\x34\x34\x20\x33\x30\x2e\x31\x31\x35\x38\x34\
\x20\x39\x33\x2e\x33\x36\x33\x32\x20\x32\x34\x2e\x30\x39\x34\x37\
\x32\x20\x31\x33\x38\x2e\x35\x34\x32\x30\x38\x2d\x33\x2e\x30\x31\
\x30\x35\x36\x20\x33\x36\x2e\x31\x34\x32\x30\x38\x20\x35\x31\x2e\
\x32\x20\x34\x35\x2e\x31\x37\x33\x37\x36\x20\x36\x30\x2e\x32\x33\
\x31\x36\x38\x20\x39\x2e\x30\x33\x36\x38\x20\x39\x2e\x30\x33\x36\
\x38\x2d\x35\x34\x2e\x32\x32\x30\x38\x20\x30\x2d\x31\x30\x38\x2e\
\x34\x32\x36\x32\x34\x2d\x32\x31\x2e\x30\x37\x39\x30\x34\x2d\x31\
\x35\x39\x2e\x36\x32\x36\x32\x34\x20\x34\x35\x2e\x31\x37\x33\x37\
\x36\x2d\x38\x31\x2e\x33\x31\x35\x38\x34\x20\x35\x37\x2e\x32\x32\
\x31\x31\x32\x2d\x31\x37\x31\x2e\x36\x37\x33\x36\x20\x39\x2e\x30\
\x33\x36\x38\x2d\x32\x36\x32\x2e\x30\x32\x31\x31\x32\x7a\x4d\x33\
\x33\x33\x2e\x39\x36\x32\x32\x34\x20\x32\x33\x32\x2e\x32\x32\x37\
\x38\x34\x63\x2d\x32\x34\x2e\x30\x39\x34\x37\x32\x20\x33\x2e\x30\
\x31\x35\x36\x38\x2d\x34\x32\x2e\x31\x36\x33\x32\x20\x33\x2e\x30\
\x31\x35\x36\x38\x2d\x36\x33\x2e\x32\x34\x37\x33\x36\x20\x31\x32\
\x2e\x30\x34\x37\x33\x36\x2d\x33\x2e\x30\x31\x30\x35\x36\x2d\x31\
\x38\x2e\x30\x36\x38\x34\x38\x2d\x31\x32\x2e\x30\x34\x37\x33\x36\
\x2d\x31\x35\x33\x2e\x36\x20\x33\x33\x2e\x31\x32\x36\x34\x2d\x31\
\x37\x34\x2e\x36\x37\x39\x30\x34\x20\x33\x30\x2e\x31\x32\x30\x39\
\x36\x20\x31\x38\x2e\x30\x37\x33\x36\x20\x35\x31\x2e\x32\x20\x31\
\x32\x30\x2e\x34\x37\x33\x36\x20\x33\x30\x2e\x31\x32\x30\x39\x36\
\x20\x31\x36\x32\x2e\x36\x33\x31\x36\x38\x7a\x20\x6d\x34\x31\x38\
\x2e\x36\x33\x31\x36\x38\x20\x31\x32\x2e\x30\x34\x37\x33\x36\x63\
\x2d\x32\x34\x2e\x30\x39\x34\x37\x32\x2d\x36\x2e\x30\x32\x31\x31\
\x32\x2d\x34\x35\x2e\x31\x37\x33\x37\x36\x2d\x39\x2e\x30\x33\x31\
\x36\x38\x2d\x36\x36\x2e\x32\x35\x32\x38\x2d\x39\x2e\x30\x33\x31\
\x36\x38\x2d\x32\x34\x2e\x30\x39\x39\x38\x34\x2d\x33\x36\x2e\x31\
\x34\x37\x32\x20\x36\x2e\x30\x31\x36\x2d\x31\x35\x36\x2e\x36\x31\
\x35\x36\x38\x20\x33\x33\x2e\x31\x32\x36\x34\x2d\x31\x36\x35\x2e\
\x36\x34\x37\x33\x36\x20\x34\x35\x2e\x31\x37\x33\x37\x36\x20\x31\
\x38\x2e\x30\x37\x33\x36\x20\x33\x33\x2e\x31\x32\x36\x34\x20\x31\
\x35\x33\x2e\x36\x20\x33\x33\x2e\x31\x32\x36\x34\x20\x31\x37\x34\
\x2e\x36\x37\x39\x30\x34\x7a\x4d\x32\x37\x30\x2e\x37\x31\x34\x38\
\x38\x20\x34\x37\x33\x2e\x31\x36\x39\x39\x32\x63\x30\x20\x35\x34\
\x2e\x32\x31\x35\x36\x38\x20\x38\x31\x2e\x33\x31\x35\x38\x34\x20\
\x35\x34\x2e\x32\x31\x35\x36\x38\x20\x38\x31\x2e\x33\x31\x35\x38\
\x34\x20\x30\x20\x30\x2d\x35\x34\x2e\x32\x31\x30\x35\x36\x2d\x38\
\x31\x2e\x33\x31\x35\x38\x34\x2d\x35\x34\x2e\x32\x31\x30\x35\x36\
\x2d\x38\x31\x2e\x33\x31\x35\x38\x34\x20\x30\x7a\x20\x6d\x33\x39\
\x34\x2e\x35\x33\x36\x39\x36\x20\x30\x63\x30\x20\x35\x34\x2e\x32\
\x31\x35\x36\x38\x20\x38\x31\x2e\x33\x32\x30\x39\x36\x20\x35\x34\
\x2e\x32\x31\x35\x36\x38\x20\x38\x31\x2e\x33\x32\x30\x39\x36\x20\
\x30\x20\x30\x2d\x35\x34\x2e\x32\x31\x30\x35\x36\x2d\x38\x31\x2e\
\x33\x32\x30\x39\x36\x2d\x35\x34\x2e\x32\x31\x30\x35\x36\x2d\x38\
\x31\x2e\x33\x32\x30\x39\x36\x20\x30\x7a\x20\x6d\x2d\x31\x35\x36\
\x2e\x36\x31\x30\x35\x36\x2d\x34\x35\x2e\x31\x37\x33\x37\x36\x63\
\x2d\x38\x37\x2e\x33\x33\x36\x39\x36\x20\x30\x2d\x31\x35\x39\x2e\
\x36\x32\x31\x31\x32\x20\x36\x33\x2e\x32\x34\x37\x33\x36\x2d\x31\
\x35\x39\x2e\x36\x32\x31\x31\x32\x20\x31\x32\x36\x2e\x34\x39\x34\
\x37\x32\x20\x30\x20\x31\x35\x30\x2e\x35\x37\x39\x32\x20\x33\x31\
\x39\x2e\x32\x34\x37\x33\x36\x20\x31\x35\x36\x2e\x36\x31\x30\x35\
\x36\x20\x33\x31\x39\x2e\x32\x34\x37\x33\x36\x20\x30\x20\x30\x2d\
\x36\x33\x2e\x32\x34\x37\x33\x36\x2d\x36\x39\x2e\x32\x37\x33\x36\
\x2d\x31\x32\x36\x2e\x34\x39\x34\x37\x32\x2d\x31\x35\x39\x2e\x36\
\x32\x36\x32\x34\x2d\x31\x32\x36\x2e\x34\x39\x34\x37\x32\x7a\x20\
\x6d\x2d\x31\x31\x37\x2e\x34\x35\x32\x38\x20\x31\x32\x36\x2e\x34\
\x39\x34\x37\x32\x63\x30\x2d\x33\x39\x2e\x31\x35\x32\x36\x34\x20\
\x35\x34\x2e\x32\x31\x30\x35\x36\x2d\x38\x34\x2e\x33\x33\x31\x35\
\x32\x20\x31\x32\x30\x2e\x34\x36\x38\x34\x38\x2d\x38\x34\x2e\x33\
\x33\x31\x35\x32\x20\x36\x36\x2e\x32\x35\x32\x38\x20\x30\x20\x31\
\x31\x34\x2e\x34\x34\x37\x33\x36\x20\x34\x35\x2e\x31\x37\x38\x38\
\x38\x20\x31\x31\x34\x2e\x34\x34\x37\x33\x36\x20\x38\x34\x2e\x33\
\x32\x36\x34\x20\x30\x20\x31\x30\x32\x2e\x34\x2d\x32\x33\x34\x2e\
\x39\x32\x30\x39\x36\x20\x39\x39\x2e\x33\x38\x39\x34\x34\x2d\x32\
\x33\x34\x2e\x39\x32\x30\x39\x36\x20\x30\x7a\x22\x20\x66\x69\x6c\
\x6c\x3d\x22\x23\x33\x33\x33\x33\x33\x33\x22\x20\x70\x2d\x69\x64\
\x3d\x22\x38\x30\x36\x37\x22\x3e\x3c\x2f\x70\x61\x74\x68\x3e\x3c\
\x2f\x73\x76\x67\x3e\
\x00\x00\x02\x28\
\x3c\
\x3f\x78\x6d\x6c\x20\x76\x65\x72\x73\x69\x6f\x6e\x3d\x22\x31\x2e\
\x30\x22\x20\x73\x74\x61\x6e\x64\x61\x6c\x6f\x6e\x65\x3d\x22\x6e\
\x6f\x22\x3f\x3e\x3c\x21\x44\x4f\x43\x54\x59\x50\x45\x20\x73\x76\
\x67\x20\x50\x55\x42\x4c\x49\x43\x20\x22\x2d\x2f\x2f\x57\x33\x43\
\x2f\x2f\x44\x54\x44\x20\x53\x56\x47\x20\x31\x2e\x31\x2f\x2f\x45\
\x4e\x22\x20\x22\x68\x74\x74\x70\x3a\x2f\x2f\x77\x77\x77\x2e\x77\
\x33\x2e\x6f\x72\x67\x2f\x47\x72\x61\x70\x68\x69\x63\x73\x2f\x53\
\x56\x47\x2f\x31\x2e\x31\x2f\x44\x54\x44\x2f\x73\x76\x67\x31\x31\
\x2e\x64\x74\x64\x22\x3e\x3c\x73\x76\x67\x20\x74\x3d\x22\x31\x37\
\x36\x31\x33\x36\x35\x38\x30\x35\x37\x30\x35\x22\x20\x63\x6c\x61\
\x73\x73\x3d\x22\x69\x63\x6f\x6e\x22\x20\x76\x69\x65\x77\x42\x6f\
\x78\x3d\x22\x30\x20\x30\x20\x31\x30\x32\x34\x20\x31\x30\x32\x34\
\x22\x20\x76\x65\x72\x73\x69\x6f\x6e\x3d\x22\x31\x2e\x31\x22\x20\
\x78\x6d\x6c\x6e\x73\x3d\x22\x68\x74\x74\x70\x3a\x2f\x2f\x77\x77\
\x77\x2e\x77\x33\x2e\x6f\x72\x67\x2f\x32\x30\x30\x30\x2f\x73\x76\
\x67\x22\x20\x70\x2d\x69\x64\x3d\x22\x35\x38\x30\x34\x22\x20\x78\
\x6d\x6c\x6e\x73\x3a\x78\x6c\x69\x6e\x6b\x3d\x22\x68\x74\x74\x70\
\x3a\x2f\x2f\x77\x77\x77\x2e\x77\x33\x2e\x6f\x72\x67\x2f\x31\x39\
\x39\x39\x2f\x78\x6c\x69\x6e\x6b\x22\x20\x77\x69\x64\x74\x68\x3d\
\x22\x32\x30\x30\x22\x20\x68\x65\x69\x67\x68\x74\x3d\x22\x32\x30\
\x30\x22\x3e\x3c\x70\x61\x74\x68\x20\x64\x3d\x22\x4d\x38\x39\x36\
\x20\x36\x34\x30\x61\x31\x32\x38\x20\x31\x32\x38\x20\x30\x20\x31\
\x20\x31\x2d\x30\x2e\x30\x36\x34\x2d\x32\x35\x35\x2e\x39\x33\x36\
\x41\x31\x32\x38\x20\x31\x32\x38\x20\x30\x20\x30\x20\x31\x20\x38\
\x39\x36\x20\x36\x34\x30\x7a\x20\x6d\x2d\x33\x38\x34\x20\x30\x61\
\x31\x32\x38\x20\x31\x32\x38\x20\x30\x20\x31\x20\x31\x2d\x30\x2e\
\x30\x36\x34\x2d\x32\x35\x35\x2e\x39\x33\x36\x41\x31\x32\x38\x20\
\x31\x32\x38\x20\x30\x20\x30\x20\x31\x20\x35\x31\x32\x20\x36\x34\
\x30\x7a\x20\x6d\x2d\x33\x38\x34\x20\x30\x61\x31\x32\x38\x20\x31\
\x32\x38\x20\x30\x20\x31\x20\x31\x2d\x30\x2e\x30\x36\x34\x2d\x32\
\x35\x35\x2e\x39\x33\x36\x41\x31\x32\x38\x20\x31\x32\x38\x20\x30\
\x20\x30\x20\x31\x20\x31\x32\x38\x20\x36\x34\x30\x7a\x22\x20\x66\
\x69\x6c\x6c\x3d\x22\x23\x33\x33\x33\x33\x33\x33\x22\x20\x70\x2d\
\x69\x64\x3d\x22\x35\x38\x30\x35\x22\x3e\x3c\x2f\x70\x61\x74\x68\
\x3e\x3c\x2f\x73\x76\x67\x3e\
\x00\x00\x0a\x3b\
\x3c\
\x3f\x78\x6d\x6c\x20\x76\x65\x72\x73\x69\x6f\x6e\x3d\x22\x31\x2e\
\x30\x22\x20\x73\x74\x61\x6e\x64\x61\x6c\x6f\x6e\x65\x3d\x22\x6e\
\x6f\x22\x3f\x3e\x3c\x21\x44\x4f\x43\x54\x59\x50\x45\x20\x73\x76\
\x67\x20\x50\x55\x42\x4c\x49\x43\x20\x22\x2d\x2f\x2f\x57\x33\x43\
\x2f\x2f\x44\x54\x44\x20\x53\x56\x47\x20\x31\x2e\x31\x2f\x2f\x45\
\x4e\x22\x20\x22\x68\x74\x74\x70\x3a\x2f\x2f\x77\x77\x77\x2e\x77\
\x33\x2e\x6f\x72\x67\x2f\x47\x72\x61\x70\x68\x69\x63\x73\x2f\x53\
\x56\x47\x2f\x31\x2e\x31\x2f\x44\x54\x44\x2f\x73\x76\x67\x31\x31\
\x2e\x64\x74\x64\x22\x3e\x3c\x73\x76\x67\x20\x74\x3d\x22\x31\x37\
\x37\x39\x36\x32\x38\x34\x37\x39\x31\x34\x30\x22\x20\x63\x6c\x61\
\x73\x73\x3d\x22\x69\x63\x6f\x6e\x22\x20\x76\x69\x65\x77\x42\x6f\
\x78\x3d\x22\x30\x20\x30\x20\x31\x30\x32\x34\x20\x31\x30\x32\x34\
\x22\x20\x76\x65\x72\x73\x69\x6f\x6e\x3d\x22\x31\x2e\x31\x22\x20\
\x78\x6d\x6c\x6e\x73\x3d\x22\x68\x74\x74\x70\x3a\x2f\x2f\x77\x77\
\x77\x2e\x77\x33\x2e\x6f\x72\x67\x2f\x32\x30\x30\x30\x2f\x73\x76\
\x67\x22\x20\x70\x2d\x69\x64\x3d\x22\x31\x34\x38\x31\x38\x22\x20\
\x78\x6d\x6c\x6e\x73\x3a\x78\x6c\x69\x6e\x6b\x3d\x22\x68\x74\x74\
\x70\x3a\x2f\x2f\x77\x77\x77\x2e\x77\x33\x2e\x6f\x72\x67\x2f\x31\
\x39\x39\x39\x2f\x78\x6c\x69\x6e\x6b\x22\x20\x77\x69\x64\x74\x68\
\x3d\x22\x32\x30\x30\x22\x20\x68\x65\x69\x67\x68\x74\x3d\x22\x32\
\x30\x30\x22\x3e\x3c\x70\x61\x74\x68\x20\x64\x3d\x22\x4d\x32\x35\
\x34\x2e\x33\x39\x38\x35\x32\x36\x20\x38\x30\x34\x2e\x37\x30\x32\
\x34\x31\x32\x6c\x2d\x30\x2e\x30\x33\x30\x36\x39\x39\x2d\x34\x2e\
\x37\x38\x37\x30\x32\x36\x43\x32\x35\x34\x2e\x33\x36\x37\x38\x32\
\x37\x20\x38\x30\x31\x2e\x35\x34\x36\x35\x33\x35\x20\x32\x35\x34\
\x2e\x33\x38\x30\x31\x30\x36\x20\x38\x30\x33\x2e\x31\x33\x35\x37\
\x33\x20\x32\x35\x34\x2e\x33\x39\x38\x35\x32\x36\x20\x38\x30\x34\
\x2e\x37\x30\x32\x34\x31\x32\x7a\x4d\x36\x31\x34\x2e\x31\x39\x30\
\x39\x33\x39\x20\x32\x35\x39\x2e\x30\x33\x36\x36\x36\x31\x63\x2d\
\x32\x32\x2e\x31\x31\x36\x37\x31\x37\x20\x30\x2d\x34\x30\x2e\x30\
\x34\x37\x30\x38\x38\x20\x31\x37\x2e\x39\x31\x30\x39\x32\x38\x2d\
\x34\x30\x2e\x30\x34\x37\x30\x38\x38\x20\x34\x30\x2e\x30\x34\x37\
\x30\x38\x38\x6c\x30\x2e\x33\x37\x31\x34\x36\x20\x35\x30\x32\x2e\
\x31\x36\x30\x39\x31\x31\x63\x30\x20\x32\x32\x2e\x30\x39\x37\x32\
\x37\x34\x20\x31\x37\x2e\x39\x33\x30\x33\x37\x31\x20\x34\x30\x2e\
\x30\x34\x38\x31\x31\x31\x20\x34\x30\x2e\x30\x34\x37\x30\x38\x38\
\x20\x34\x30\x2e\x30\x34\x38\x31\x31\x31\x73\x34\x30\x2e\x30\x34\
\x38\x31\x31\x31\x2d\x31\x37\x2e\x39\x35\x30\x38\x33\x37\x20\x34\
\x30\x2e\x30\x34\x38\x31\x31\x31\x2d\x34\x30\x2e\x30\x34\x38\x31\
\x31\x31\x6c\x2d\x30\x2e\x33\x35\x30\x39\x39\x34\x2d\x35\x30\x32\
\x2e\x31\x36\x30\x39\x31\x31\x43\x36\x35\x34\x2e\x32\x35\x39\x35\
\x31\x36\x20\x32\x37\x36\x2e\x39\x34\x38\x36\x31\x33\x20\x36\x33\
\x36\x2e\x33\x32\x38\x31\x32\x32\x20\x32\x35\x39\x2e\x30\x33\x36\
\x36\x36\x31\x20\x36\x31\x34\x2e\x31\x39\x30\x39\x33\x39\x20\x32\
\x35\x39\x2e\x30\x33\x36\x36\x36\x31\x7a\x4d\x38\x39\x33\x2e\x32\
\x33\x34\x32\x35\x39\x20\x31\x34\x30\x2e\x31\x30\x35\x39\x36\x38\
\x6c\x2d\x33\x31\x38\x2e\x38\x39\x31\x38\x38\x37\x20\x30\x2e\x31\
\x34\x38\x33\x37\x39\x2d\x30\x2e\x31\x37\x38\x30\x35\x35\x2d\x34\
\x31\x2e\x34\x30\x37\x30\x36\x32\x63\x30\x2d\x32\x32\x2e\x31\x33\
\x36\x31\x36\x2d\x31\x37\x2e\x39\x33\x33\x34\x34\x31\x2d\x34\x30\
\x2e\x30\x34\x38\x31\x31\x31\x2d\x34\x30\x2e\x30\x36\x37\x35\x35\
\x34\x2d\x34\x30\x2e\x30\x34\x38\x31\x31\x31\x2d\x37\x2e\x32\x39\
\x34\x31\x32\x37\x20\x30\x2d\x31\x34\x2e\x31\x32\x36\x37\x34\x32\
\x20\x31\x2e\x39\x35\x38\x36\x30\x38\x2d\x32\x30\x2e\x30\x31\x37\
\x39\x31\x36\x20\x35\x2e\x33\x36\x34\x31\x37\x31\x2d\x35\x2e\x38\
\x39\x34\x32\x34\x34\x2d\x33\x2e\x34\x30\x35\x35\x36\x33\x2d\x31\
\x32\x2e\x37\x32\x39\x39\x32\x39\x2d\x35\x2e\x33\x36\x34\x31\x37\
\x31\x2d\x32\x30\x2e\x30\x33\x31\x32\x31\x39\x2d\x35\x2e\x33\x36\
\x34\x31\x37\x31\x2d\x32\x32\x2e\x31\x31\x35\x36\x39\x34\x20\x30\
\x2d\x34\x30\x2e\x30\x34\x37\x30\x38\x38\x20\x31\x37\x2e\x39\x31\
\x31\x39\x35\x32\x2d\x34\x30\x2e\x30\x34\x37\x30\x38\x38\x20\x34\
\x30\x2e\x30\x34\x38\x31\x31\x31\x6c\x30\x2e\x31\x38\x38\x32\x38\
\x38\x20\x34\x31\x2e\x34\x36\x33\x33\x34\x34\x2d\x32\x33\x30\x2e\
\x31\x31\x35\x39\x38\x31\x20\x30\x2e\x31\x30\x36\x34\x32\x34\x63\
\x2d\x33\x2e\x32\x32\x38\x35\x33\x31\x2d\x30\x2e\x38\x33\x39\x31\
\x31\x31\x2d\x36\x2e\x36\x31\x33\x36\x32\x38\x2d\x31\x2e\x32\x38\
\x37\x33\x31\x39\x2d\x31\x30\x2e\x31\x30\x34\x31\x32\x35\x2d\x31\
\x2e\x32\x38\x37\x33\x31\x39\x2d\x33\x2e\x35\x30\x32\x37\x37\x37\
\x20\x30\x2d\x36\x2e\x38\x39\x39\x31\x33\x20\x30\x2e\x34\x35\x32\
\x33\x30\x31\x2d\x31\x30\x2e\x31\x33\x36\x38\x37\x31\x20\x31\x2e\
\x32\x39\x36\x35\x32\x39\x6c\x2d\x37\x33\x2e\x30\x36\x37\x31\x33\
\x32\x20\x30\x2e\x30\x33\x33\x37\x36\x39\x63\x2d\x32\x32\x2e\x31\
\x31\x35\x36\x39\x34\x20\x30\x2d\x34\x30\x2e\x30\x34\x38\x31\x31\
\x31\x20\x31\x37\x2e\x39\x35\x30\x38\x33\x37\x2d\x34\x30\x2e\x30\
\x34\x38\x31\x31\x31\x20\x34\x30\x2e\x30\x34\x37\x30\x38\x38\x20\
\x30\x20\x32\x32\x2e\x31\x33\x36\x31\x36\x20\x31\x37\x2e\x39\x33\
\x31\x33\x39\x35\x20\x34\x30\x2e\x30\x34\x38\x31\x31\x31\x20\x34\
\x30\x2e\x30\x34\x38\x31\x31\x31\x20\x34\x30\x2e\x30\x34\x38\x31\
\x31\x31\x6c\x34\x33\x2e\x31\x37\x36\x33\x35\x38\x2d\x30\x2e\x30\
\x32\x30\x34\x36\x36\x20\x30\x2e\x32\x39\x32\x36\x36\x36\x20\x36\
\x31\x37\x2e\x39\x30\x32\x39\x38\x32\x20\x30\x2e\x30\x35\x39\x33\
\x35\x32\x20\x30\x20\x30\x20\x34\x32\x2e\x35\x35\x31\x31\x31\x38\
\x63\x30\x20\x34\x34\x2e\x32\x33\x33\x34\x33\x34\x20\x33\x35\x2e\
\x38\x36\x32\x37\x38\x39\x20\x38\x30\x2e\x30\x39\x35\x31\x39\x39\
\x20\x38\x30\x2e\x30\x39\x35\x31\x39\x39\x20\x38\x30\x2e\x30\x39\
\x35\x31\x39\x39\x6c\x34\x30\x2e\x30\x34\x38\x31\x31\x31\x20\x30\
\x20\x30\x20\x30\x2e\x33\x30\x32\x38\x39\x39\x20\x34\x34\x30\x2e\
\x35\x32\x33\x30\x38\x35\x2d\x30\x2e\x32\x35\x36\x38\x35\x20\x30\
\x2d\x30\x2e\x30\x34\x36\x30\x34\x39\x20\x34\x30\x2e\x30\x34\x38\
\x31\x31\x31\x20\x30\x63\x34\x33\x2e\x36\x36\x33\x34\x35\x32\x20\
\x30\x20\x37\x39\x2e\x31\x34\x36\x35\x39\x35\x2d\x33\x34\x2e\x39\
\x35\x20\x38\x30\x2e\x30\x35\x34\x32\x36\x37\x2d\x37\x38\x2e\x33\
\x39\x35\x34\x38\x38\x6c\x2d\x30\x2e\x33\x32\x39\x35\x30\x35\x2d\
\x35\x38\x33\x2e\x33\x36\x39\x34\x36\x38\x63\x30\x2d\x32\x32\x2e\
\x31\x33\x35\x31\x33\x36\x2d\x31\x37\x2e\x39\x33\x30\x33\x37\x31\
\x2d\x34\x30\x2e\x30\x34\x37\x30\x38\x38\x2d\x34\x30\x2e\x30\x34\
\x38\x31\x31\x31\x2d\x34\x30\x2e\x30\x34\x37\x30\x38\x38\x2d\x32\
\x32\x2e\x31\x31\x35\x36\x39\x34\x20\x30\x2d\x34\x30\x2e\x30\x34\
\x37\x30\x38\x38\x20\x31\x37\x2e\x39\x31\x31\x39\x35\x32\x2d\x34\
\x30\x2e\x30\x34\x37\x30\x38\x38\x20\x34\x30\x2e\x30\x34\x37\x30\
\x38\x38\x6c\x30\x2e\x32\x38\x37\x35\x34\x39\x20\x35\x30\x39\x2e\
\x33\x32\x34\x30\x35\x34\x63\x2d\x31\x2e\x34\x30\x37\x30\x34\x36\
\x20\x36\x30\x2e\x33\x31\x34\x36\x39\x31\x2d\x31\x38\x2e\x35\x39\
\x34\x34\x39\x37\x20\x37\x31\x2e\x33\x36\x37\x34\x32\x31\x2d\x37\
\x39\x2e\x39\x39\x33\x38\x39\x32\x20\x37\x31\x2e\x33\x36\x37\x34\
\x32\x31\x6c\x34\x31\x2e\x35\x37\x35\x39\x30\x38\x20\x31\x2e\x30\
\x32\x32\x32\x38\x33\x2d\x34\x35\x34\x2e\x34\x34\x32\x30\x39\x36\
\x20\x30\x2e\x32\x36\x36\x30\x36\x20\x35\x32\x2e\x33\x39\x38\x33\
\x39\x34\x2d\x31\x2e\x32\x38\x38\x33\x34\x33\x63\x2d\x36\x32\x2e\
\x37\x31\x35\x33\x36\x37\x20\x30\x2d\x37\x39\x2e\x33\x30\x35\x32\
\x30\x37\x2d\x31\x31\x2e\x35\x32\x32\x34\x32\x38\x2d\x38\x30\x2e\
\x30\x36\x34\x35\x2d\x37\x35\x2e\x33\x30\x38\x31\x37\x33\x6c\x30\
\x2e\x34\x39\x33\x32\x33\x34\x20\x37\x36\x2e\x36\x31\x31\x38\x36\
\x35\x2d\x30\x2e\x35\x34\x33\x33\x37\x36\x20\x30\x2d\x30\x2e\x33\
\x31\x33\x31\x33\x32\x2d\x36\x36\x30\x2e\x38\x31\x38\x33\x39\x37\
\x20\x32\x33\x36\x2e\x38\x32\x32\x37\x33\x2d\x30\x2e\x31\x30\x39\
\x34\x39\x34\x63\x31\x2e\x31\x37\x33\x37\x33\x32\x20\x30\x2e\x31\
\x30\x33\x33\x35\x34\x20\x32\x2e\x33\x36\x30\x37\x36\x37\x20\x30\
\x2e\x31\x36\x36\x37\x39\x39\x20\x33\x2e\x35\x36\x31\x31\x30\x36\
\x20\x30\x2e\x31\x36\x36\x37\x39\x39\x20\x31\x2e\x32\x31\x35\x36\
\x38\x38\x20\x30\x20\x32\x2e\x34\x31\x36\x30\x32\x36\x2d\x30\x2e\
\x30\x36\x33\x34\x34\x35\x20\x33\x2e\x36\x30\x34\x30\x38\x34\x2d\
\x30\x2e\x31\x36\x39\x38\x36\x39\x6c\x33\x32\x2e\x36\x33\x39\x33\
\x37\x35\x2d\x30\x2e\x30\x31\x35\x33\x35\x63\x31\x2e\x32\x35\x33\
\x35\x35\x20\x30\x2e\x31\x31\x38\x37\x30\x34\x20\x32\x2e\x35\x32\
\x31\x34\x32\x36\x20\x30\x2e\x31\x38\x35\x32\x31\x38\x20\x33\x2e\
\x38\x30\x35\x36\x37\x36\x20\x30\x2e\x31\x38\x35\x32\x31\x38\x20\
\x31\x2e\x32\x39\x39\x35\x39\x39\x20\x30\x20\x32\x2e\x35\x38\x32\
\x38\x32\x35\x2d\x30\x2e\x30\x36\x37\x35\x33\x38\x20\x33\x2e\x38\
\x35\x31\x37\x32\x35\x2d\x30\x2e\x31\x38\x38\x32\x38\x38\x6c\x33\
\x35\x34\x2e\x39\x31\x33\x32\x38\x39\x2d\x30\x2e\x31\x36\x33\x37\
\x32\x39\x63\x32\x32\x2e\x31\x31\x35\x36\x39\x34\x20\x30\x20\x34\
\x30\x2e\x30\x35\x30\x31\x35\x38\x2d\x31\x37\x2e\x39\x31\x31\x39\
\x35\x32\x20\x34\x30\x2e\x30\x35\x30\x31\x35\x38\x2d\x34\x30\x2e\
\x30\x34\x37\x30\x38\x38\x43\x39\x33\x33\x2e\x32\x38\x33\x33\x39\
\x34\x20\x31\x35\x38\x2e\x30\x31\x37\x39\x32\x20\x39\x31\x35\x2e\
\x33\x34\x39\x39\x35\x33\x20\x31\x34\x30\x2e\x31\x30\x35\x39\x36\
\x38\x20\x38\x39\x33\x2e\x32\x33\x34\x32\x35\x39\x20\x31\x34\x30\
\x2e\x31\x30\x35\x39\x36\x38\x7a\x4d\x37\x37\x34\x2e\x39\x32\x38\
\x38\x30\x36\x20\x38\x31\x35\x2e\x32\x39\x34\x36\x35\x34\x6c\x30\
\x2e\x30\x33\x36\x38\x33\x39\x20\x36\x35\x2e\x37\x31\x35\x37\x30\
\x31\x2d\x30\x2e\x34\x35\x39\x34\x36\x34\x20\x30\x4c\x37\x37\x34\
\x2e\x39\x32\x38\x38\x30\x36\x20\x38\x31\x35\x2e\x32\x39\x34\x36\
\x35\x34\x7a\x4d\x34\x31\x33\x2e\x39\x35\x33\x34\x35\x32\x20\x32\
\x35\x39\x2e\x30\x33\x36\x36\x36\x31\x63\x2d\x32\x32\x2e\x31\x31\
\x36\x37\x31\x37\x20\x30\x2d\x34\x30\x2e\x30\x34\x38\x31\x31\x31\
\x20\x31\x37\x2e\x39\x31\x30\x39\x32\x38\x2d\x34\x30\x2e\x30\x34\
\x38\x31\x31\x31\x20\x34\x30\x2e\x30\x34\x37\x30\x38\x38\x6c\x30\
\x2e\x33\x37\x31\x34\x36\x20\x35\x30\x32\x2e\x31\x36\x30\x39\x31\
\x31\x63\x30\x20\x32\x32\x2e\x30\x39\x37\x32\x37\x34\x20\x31\x37\
\x2e\x39\x33\x31\x33\x39\x35\x20\x34\x30\x2e\x30\x34\x38\x31\x31\
\x31\x20\x34\x30\x2e\x30\x34\x39\x31\x33\x35\x20\x34\x30\x2e\x30\
\x34\x38\x31\x31\x31\x20\x32\x32\x2e\x31\x31\x35\x36\x39\x34\x20\
\x30\x20\x34\x30\x2e\x30\x34\x37\x30\x38\x38\x2d\x31\x37\x2e\x39\
\x35\x30\x38\x33\x37\x20\x34\x30\x2e\x30\x34\x37\x30\x38\x38\x2d\
\x34\x30\x2e\x30\x34\x38\x31\x31\x31\x6c\x2d\x30\x2e\x33\x37\x31\
\x34\x36\x2d\x35\x30\x32\x2e\x31\x36\x30\x39\x31\x31\x43\x34\x35\
\x34\x2e\x30\x30\x30\x35\x34\x20\x32\x37\x36\x2e\x39\x34\x38\x36\
\x31\x33\x20\x34\x33\x36\x2e\x30\x36\x39\x31\x34\x35\x20\x32\x35\
\x39\x2e\x30\x33\x36\x36\x36\x31\x20\x34\x31\x33\x2e\x39\x35\x33\
\x34\x35\x32\x20\x32\x35\x39\x2e\x30\x33\x36\x36\x36\x31\x7a\x22\
\x20\x66\x69\x6c\x6c\x3d\x22\x23\x33\x33\x33\x33\x33\x33\x22\x20\
\x70\x2d\x69\x64\x3d\x22\x31\x34\x38\x31\x39\x22\x3e\x3c\x2f\x70\
\x61\x74\x68\x3e\x3c\x2f\x73\x76\x67\x3e\
\x00\x00\x04\x60\
\x3c\
\x3f\x78\x6d\x6c\x20\x76\x65\x72\x73\x69\x6f\x6e\x3d\x22\x31\x2e\
\x30\x22\x20\x73\x74\x61\x6e\x64\x61\x6c\x6f\x6e\x65\x3d\x22\x6e\
\x6f\x22\x3f\x3e\x3c\x21\x44\x4f\x43\x54\x59\x50\x45\x20\x73\x76\
\x67\x20\x50\x55\x42\x4c\x49\x43\x20\x22\x2d\x2f\x2f\x57\x33\x43\
\x2f\x2f\x44\x54\x44\x20\x53\x56\x47\x20\x31\x2e\x31\x2f\x2f\x45\
\x4e\x22\x20\x22\x68\x74\x74\x70\x3a\x2f\x2f\x77\x77\x77\x2e\x77\
\x33\x2e\x6f\x72\x67\x2f\x47\x72\x61\x70\x68\x69\x63\x73\x2f\x53\
\x56\x47\x2f\x31\x2e\x31\x2f\x44\x54\x44\x2f\x73\x76\x67\x31\x31\
\x2e\x64\x74\x64\x22\x3e\x3c\x73\x76\x67\x20\x74\x3d\x22\x31\x37\
\x38\x34\x36\x33\x39\x39\x31\x37\x36\x36\x30\x22\x20\x63\x6c\x61\
\x73\x73\x3d\x22\x69\x63\x6f\x6e\x22\x20\x76\x69\x65\x77\x42\x6f\
\x78\x3d\x22\x30\x20\x30\x20\x31\x30\x32\x35\x20\x31\x30\x32\x34\
\x22\x20\x76\x65\x72\x73\x69\x6f\x6e\x3d\x22\x31\x2e\x31\x22\x20\
\x78\x6d\x6c\x6e\x73\x3d\x22\x68\x74\x74\x70\x3a\x2f\x2f\x77\x77\
\x77\x2e\x77\x33\x2e\x6f\x72\x67\x2f\x32\x30\x30\x30\x2f\x73\x76\
\x67\x22\x20\x70\x2d\x69\x64\x3d\x22\x31\x30\x33\x31\x30\x22\x20\
\x78\x6d\x6c\x6e\x73\x3a\x78\x6c\x69\x6e\x6b\x3d\x22\x68\x74\x74\
\x70\x3a\x2f\x2f\x77\x77\x77\x2e\x77\x33\x2e\x6f\x72\x67\x2f\x31\
\x39\x39\x39\x2f\x78\x6c\x69\x6e\x6b\x22\x20\x77\x69\x64\x74\x68\
\x3d\x22\x32\x30\x30\x2e\x31\x39\x35\x33\x31\x32\x35\x22\x20\x68\
\x65\x69\x67\x68\x74\x3d\x22\x32\x30\x30\x22\x3e\x3c\x70\x61\x74\
\x68\x20\x64\x3d\x22\x4d\x31\x30\x30\x38\x2e\x38\x33\x39\x31\x33\
\x37\x20\x39\x33\x35\x2e\x39\x36\x35\x37\x31\x4c\x37\x39\x32\x2e\
\x33\x36\x34\x39\x30\x33\x20\x37\x31\x39\x2e\x34\x39\x31\x34\x37\
\x36\x61\x35\x36\x2e\x37\x38\x33\x34\x38\x38\x20\x35\x36\x2e\x37\
\x38\x33\x34\x38\x38\x20\x30\x20\x30\x20\x30\x2d\x38\x30\x2e\x31\
\x35\x32\x38\x36\x36\x20\x30\x20\x33\x35\x38\x2e\x35\x33\x35\x34\
\x35\x20\x33\x35\x38\x2e\x35\x33\x35\x34\x35\x20\x30\x20\x31\x20\
\x31\x20\x31\x30\x30\x2e\x38\x35\x37\x33\x31\x34\x2d\x33\x33\x35\
\x2e\x31\x36\x36\x30\x37\x33\x20\x33\x36\x32\x2e\x38\x34\x30\x33\
\x33\x35\x20\x33\x36\x32\x2e\x38\x34\x30\x33\x33\x35\x20\x30\x20\
\x30\x20\x31\x2d\x33\x2e\x36\x38\x39\x39\x30\x32\x20\x31\x37\x30\
\x2e\x31\x34\x35\x34\x36\x38\x20\x35\x31\x2e\x32\x34\x38\x36\x33\
\x35\x20\x35\x31\x2e\x32\x34\x38\x36\x33\x35\x20\x30\x20\x31\x20\
\x30\x20\x39\x39\x2e\x32\x31\x37\x33\x35\x38\x20\x32\x36\x2e\x34\
\x34\x34\x32\x39\x36\x20\x34\x36\x32\x2e\x30\x35\x37\x36\x39\x33\
\x20\x34\x36\x32\x2e\x30\x35\x37\x36\x39\x33\x20\x30\x20\x31\x20\
\x30\x2d\x31\x35\x38\x2e\x32\x35\x35\x37\x38\x35\x20\x32\x34\x32\
\x2e\x33\x30\x33\x35\x34\x36\x6c\x31\x38\x35\x2e\x39\x33\x30\x30\
\x34\x37\x20\x31\x38\x35\x2e\x37\x32\x35\x30\x35\x33\x61\x35\x31\
\x2e\x32\x34\x38\x36\x33\x35\x20\x35\x31\x2e\x32\x34\x38\x36\x33\
\x35\x20\x30\x20\x30\x20\x30\x20\x37\x32\x2e\x35\x36\x38\x30\x36\
\x38\x20\x30\x20\x35\x31\x2e\x32\x34\x38\x36\x33\x35\x20\x35\x31\
\x2e\x32\x34\x38\x36\x33\x35\x20\x30\x20\x30\x20\x30\x20\x30\x2d\
\x37\x32\x2e\x39\x37\x38\x30\x35\x36\x7a\x22\x20\x66\x69\x6c\x6c\
\x3d\x22\x23\x33\x33\x33\x33\x33\x33\x22\x20\x70\x2d\x69\x64\x3d\
\x22\x31\x30\x33\x31\x31\x22\x3e\x3c\x2f\x70\x61\x74\x68\x3e\x3c\
\x70\x61\x74\x68\x20\x64\x3d\x22\x4d\x36\x31\x36\x2e\x34\x37\x39\
\x35\x38\x37\x20\x36\x31\x35\x2e\x39\x36\x39\x32\x33\x33\x61\x35\
\x30\x2e\x34\x32\x38\x36\x35\x37\x20\x35\x30\x2e\x34\x32\x38\x36\
\x35\x37\x20\x30\x20\x30\x20\x30\x2d\x36\x31\x2e\x34\x39\x38\x33\
\x36\x32\x2d\x35\x2e\x35\x33\x34\x38\x35\x32\x20\x31\x37\x34\x2e\
\x36\x35\x35\x33\x34\x38\x20\x31\x37\x34\x2e\x36\x35\x35\x33\x34\
\x38\x20\x30\x20\x30\x20\x31\x2d\x31\x37\x37\x2e\x35\x32\x35\x32\
\x37\x31\x20\x33\x2e\x34\x38\x34\x39\x30\x37\x20\x34\x39\x2e\x34\
\x30\x33\x36\x38\x34\x20\x34\x39\x2e\x34\x30\x33\x36\x38\x34\x20\
\x30\x20\x30\x20\x30\x2d\x35\x38\x2e\x38\x33\x33\x34\x33\x33\x20\
\x36\x2e\x37\x36\x34\x38\x32\x6c\x2d\x33\x2e\x30\x37\x34\x39\x31\
\x38\x20\x32\x2e\x38\x36\x39\x39\x32\x33\x61\x34\x39\x2e\x34\x30\
\x33\x36\x38\x34\x20\x34\x39\x2e\x34\x30\x33\x36\x38\x34\x20\x30\
\x20\x30\x20\x30\x20\x38\x2e\x36\x30\x39\x37\x37\x31\x20\x37\x38\
\x2e\x31\x30\x32\x39\x32\x20\x32\x37\x37\x2e\x37\x36\x37\x36\x30\
\x31\x20\x32\x37\x37\x2e\x37\x36\x37\x36\x30\x31\x20\x30\x20\x30\
\x20\x30\x20\x32\x38\x36\x2e\x39\x39\x32\x33\x35\x35\x2d\x35\x2e\
\x37\x33\x39\x38\x34\x37\x20\x34\x39\x2e\x34\x30\x33\x36\x38\x34\
\x20\x34\x39\x2e\x34\x30\x33\x36\x38\x34\x20\x30\x20\x30\x20\x30\
\x20\x38\x2e\x34\x30\x34\x37\x37\x36\x2d\x37\x36\x2e\x36\x36\x37\
\x39\x35\x38\x7a\x22\x20\x66\x69\x6c\x6c\x3d\x22\x23\x33\x33\x33\
\x33\x33\x33\x22\x20\x70\x2d\x69\x64\x3d\x22\x31\x30\x33\x31\x32\
\x22\x3e\x3c\x2f\x70\x61\x74\x68\x3e\x3c\x2f\x73\x76\x67\x3e\
\x00\x00\x09\x4d\
\x3c\
\x3f\x78\x6d\x6c\x20\x76\x65\x72\x73\x69\x6f\x6e\x3d\x22\x31\x2e\
\x30\x22\x20\x73\x74\x61\x6e\x64\x61\x6c\x6f\x6e\x65\x3d\x22\x6e\
\x6f\x22\x3f\x3e\x3c\x21\x44\x4f\x43\x54\x59\x50\x45\x20\x73\x76\
\x67\x20\x50\x55\x42\x4c\x49\x43\x20\x22\x2d\x2f\x2f\x57\x33\x43\
\x2f\x2f\x44\x54\x44\x20\x53\x56\x47\x20\x31\x2e\x31\x2f\x2f\x45\
\x4e\x22\x20\x22\x68\x74\x74\x70\x3a\x2f\x2f\x77\x77\x77\x2e\x77\
\x33\x2e\x6f\x72\x67\x2f\x47\x72\x61\x70\x68\x69\x63\x73\x2f\x53\
\x56\x47\x2f\x31\x2e\x31\x2f\x44\x54\x44\x2f\x73\x76\x67\x31\x31\
\x2e\x64\x74\x64\x22\x3e\x3c\x73\x76\x67\x20\x74\x3d\x22\x31\x37\
\x36\x39\x32\x33\x32\x36\x32\x31\x33\x38\x33\x22\x20\x63\x6c\x61\
\x73\x73\x3d\x22\x69\x63\x6f\x6e\x22\x20\x76\x69\x65\x77\x42\x6f\
\x78\x3d\x22\x30\x20\x30\x20\x31\x30\x32\x34\x20\x31\x30\x32\x34\
\x22\x20\x76\x65\x72\x73\x69\x6f\x6e\x3d\x22\x31\x2e\x31\x22\x20\
\x78\x6d\x6c\x6e\x73\x3d\x22\x68\x74\x74\x70\x3a\x2f\x2f\x77\x77\
\x77\x2e\x77\x33\x2e\x6f\x72\x67\x2f\x32\x30\x30\x30\x2f\x73\x76\
\x67\x22\x20\x70\x2d\x69\x64\x3d\x22\x34\x38\x32\x34\x22\x20\x78\
\x6d\x6c\x6e\x73\x3a\x78\x6c\x69\x6e\x6b\x3d\x22\x68\x74\x74\x70\
\x3a\x2f\x2f\x77\x77\x77\x2e\x77\x33\x2e\x6f\x72\x67\x2f\x31\x39\
\x39\x39\x2f\x78\x6c\x69\x6e\x6b\x22\x20\x77\x69\x64\x74\x68\x3d\
\x22\x32\x30\x30\x22\x20\x68\x65\x69\x67\x68\x74\x3d\x22\x32\x30\
\x30\x22\x3e\x3c\x70\x61\x74\x68\x20\x64\x3d\x22\x4d\x38\x34\x31\
\x2e\x34\x39\x35\x38\x39\x33\x33\x33\x20\x32\x33\x30\x2e\x31\x39\
\x31\x37\x38\x36\x36\x37\x63\x2d\x32\x30\x2e\x30\x39\x39\x39\x38\
\x32\x32\x32\x20\x30\x2d\x33\x36\x2e\x33\x38\x36\x31\x33\x33\x33\
\x33\x20\x31\x36\x2e\x32\x39\x37\x35\x32\x38\x38\x39\x2d\x33\x36\
\x2e\x33\x38\x36\x31\x33\x33\x33\x33\x20\x33\x36\x2e\x33\x38\x36\
\x31\x33\x33\x33\x33\x20\x30\x20\x32\x30\x2e\x30\x38\x36\x33\x32\
\x38\x38\x39\x20\x31\x36\x2e\x32\x38\x36\x31\x35\x31\x31\x31\x20\
\x33\x36\x2e\x33\x38\x34\x39\x39\x35\x35\x35\x20\x33\x36\x2e\x33\
\x38\x36\x31\x33\x33\x33\x33\x20\x33\x36\x2e\x33\x38\x34\x39\x39\
\x35\x35\x35\x20\x33\x33\x2e\x34\x33\x35\x38\x37\x35\x35\x35\x20\
\x30\x20\x36\x30\x2e\x36\x34\x32\x34\x31\x37\x37\x38\x20\x32\x37\
\x2e\x31\x39\x34\x30\x32\x36\x36\x37\x20\x36\x30\x2e\x36\x34\x32\
\x34\x31\x37\x37\x38\x20\x36\x30\x2e\x36\x34\x32\x34\x31\x37\x37\
\x38\x76\x32\x37\x30\x2e\x38\x37\x38\x37\x32\x63\x30\x20\x33\x33\
\x2e\x34\x34\x37\x32\x35\x33\x33\x33\x2d\x32\x37\x2e\x32\x30\x36\
\x35\x34\x32\x32\x32\x20\x36\x30\x2e\x36\x34\x32\x34\x31\x37\x37\
\x38\x2d\x36\x30\x2e\x36\x34\x33\x35\x35\x35\x35\x36\x20\x36\x30\
\x2e\x36\x34\x32\x34\x31\x37\x37\x38\x2d\x32\x30\x2e\x30\x39\x38\
\x38\x34\x34\x34\x35\x20\x30\x2d\x33\x36\x2e\x33\x38\x34\x39\x39\
\x35\x35\x35\x20\x31\x36\x2e\x32\x39\x37\x35\x32\x38\x38\x39\x2d\
\x33\x36\x2e\x33\x38\x34\x39\x39\x35\x35\x35\x20\x33\x36\x2e\x33\
\x38\x36\x31\x33\x33\x33\x34\x73\x31\x36\x2e\x32\x38\x36\x31\x35\
\x31\x31\x31\x20\x33\x36\x2e\x33\x38\x33\x38\x35\x37\x37\x38\x20\
\x33\x36\x2e\x33\x38\x36\x31\x33\x33\x33\x33\x20\x33\x36\x2e\x33\
\x38\x33\x38\x35\x37\x37\x37\x63\x37\x33\x2e\x35\x36\x34\x31\x36\
\x20\x30\x20\x31\x33\x33\x2e\x34\x31\x33\x35\x34\x36\x36\x37\x2d\
\x35\x39\x2e\x38\x36\x30\x37\x36\x34\x34\x35\x20\x31\x33\x33\x2e\
\x34\x31\x33\x35\x34\x36\x36\x37\x2d\x31\x33\x33\x2e\x34\x31\x33\
\x35\x34\x36\x36\x37\x56\x33\x36\x33\x2e\x36\x30\x36\x34\x37\x31\
\x31\x31\x63\x30\x2d\x37\x33\x2e\x35\x35\x33\x39\x32\x2d\x35\x39\
\x2e\x38\x34\x39\x33\x38\x36\x36\x37\x2d\x31\x33\x33\x2e\x34\x31\
\x35\x38\x32\x32\x32\x32\x2d\x31\x33\x33\x2e\x34\x31\x33\x35\x34\
\x36\x36\x37\x2d\x31\x33\x33\x2e\x34\x31\x35\x38\x32\x32\x32\x32\
\x7a\x4d\x35\x39\x34\x2e\x38\x38\x37\x31\x31\x31\x31\x31\x20\x37\
\x33\x31\x2e\x35\x31\x32\x36\x30\x34\x34\x35\x63\x30\x2d\x32\x30\
\x2e\x30\x38\x37\x34\x36\x36\x36\x37\x2d\x31\x36\x2e\x32\x38\x37\
\x32\x38\x38\x38\x39\x2d\x33\x36\x2e\x33\x38\x36\x31\x33\x33\x33\
\x33\x2d\x33\x36\x2e\x33\x38\x36\x31\x33\x33\x33\x33\x2d\x33\x36\
\x2e\x33\x38\x36\x31\x33\x33\x33\x34\x48\x31\x38\x32\x2e\x35\x30\
\x32\x39\x36\x38\x38\x39\x63\x2d\x33\x33\x2e\x34\x33\x35\x38\x37\
\x35\x35\x35\x20\x30\x2d\x36\x30\x2e\x36\x34\x32\x34\x31\x37\x37\
\x38\x2d\x32\x37\x2e\x31\x39\x32\x38\x38\x38\x38\x39\x2d\x36\x30\
\x2e\x36\x34\x32\x34\x31\x37\x37\x38\x2d\x36\x30\x2e\x36\x34\x31\
\x32\x38\x56\x33\x36\x33\x2e\x36\x30\x36\x34\x37\x31\x31\x31\x63\
\x30\x2d\x33\x33\x2e\x34\x34\x38\x33\x39\x31\x31\x31\x20\x32\x37\
\x2e\x32\x30\x36\x35\x34\x32\x32\x32\x2d\x36\x30\x2e\x36\x34\x33\
\x35\x35\x35\x35\x35\x20\x36\x30\x2e\x36\x34\x33\x35\x35\x35\x35\
\x36\x2d\x36\x30\x2e\x36\x34\x33\x35\x35\x35\x35\x36\x68\x33\x37\
\x38\x2e\x30\x30\x39\x36\x63\x32\x30\x2e\x30\x39\x38\x38\x34\x34\
\x34\x35\x20\x30\x20\x33\x36\x2e\x33\x38\x36\x31\x33\x33\x33\x33\
\x2d\x31\x36\x2e\x32\x39\x37\x35\x32\x38\x38\x39\x20\x33\x36\x2e\
\x33\x38\x36\x31\x33\x33\x33\x33\x2d\x33\x36\x2e\x33\x38\x34\x39\
\x39\x35\x35\x35\x73\x2d\x31\x36\x2e\x32\x38\x37\x32\x38\x38\x38\
\x39\x2d\x33\x36\x2e\x33\x38\x36\x31\x33\x33\x33\x33\x2d\x33\x36\
\x2e\x33\x38\x36\x31\x33\x33\x33\x33\x2d\x33\x36\x2e\x33\x38\x36\
\x31\x33\x33\x33\x33\x48\x31\x38\x32\x2e\x35\x30\x32\x39\x36\x38\
\x38\x39\x63\x2d\x37\x33\x2e\x35\x36\x34\x31\x36\x20\x30\x2d\x31\
\x33\x33\x2e\x34\x31\x33\x35\x34\x36\x36\x37\x20\x35\x39\x2e\x38\
\x36\x31\x39\x30\x32\x32\x32\x2d\x31\x33\x33\x2e\x34\x31\x33\x35\
\x34\x36\x36\x37\x20\x31\x33\x33\x2e\x34\x31\x35\x38\x32\x32\x32\
\x32\x76\x32\x37\x30\x2e\x38\x37\x38\x37\x32\x63\x30\x20\x37\x33\
\x2e\x35\x35\x32\x37\x38\x32\x32\x32\x20\x35\x39\x2e\x38\x34\x39\
\x33\x38\x36\x36\x37\x20\x31\x33\x33\x2e\x34\x31\x33\x35\x34\x36\
\x36\x37\x20\x31\x33\x33\x2e\x34\x31\x33\x35\x34\x36\x36\x37\x20\
\x31\x33\x33\x2e\x34\x31\x33\x35\x34\x36\x36\x36\x48\x35\x35\x38\
\x2e\x35\x30\x30\x39\x37\x37\x37\x38\x63\x32\x30\x2e\x30\x39\x38\
\x38\x34\x34\x34\x35\x2d\x30\x2e\x30\x30\x32\x32\x37\x35\x35\x35\
\x20\x33\x36\x2e\x33\x38\x36\x31\x33\x33\x33\x33\x2d\x31\x36\x2e\
\x32\x39\x38\x36\x36\x36\x36\x37\x20\x33\x36\x2e\x33\x38\x36\x31\
\x33\x33\x33\x33\x2d\x33\x36\x2e\x33\x38\x36\x31\x33\x33\x33\x33\
\x7a\x22\x20\x66\x69\x6c\x6c\x3d\x22\x23\x33\x33\x33\x33\x33\x33\
\x22\x20\x70\x2d\x69\x64\x3d\x22\x34\x38\x32\x35\x22\x3e\x3c\x2f\
\x70\x61\x74\x68\x3e\x3c\x70\x61\x74\x68\x20\x64\x3d\x22\x4d\x38\
\x35\x31\x2e\x35\x39\x39\x33\x36\x20\x39\x33\x36\x2e\x34\x39\x39\
\x32\x48\x37\x34\x32\x2e\x37\x31\x38\x35\x37\x37\x37\x38\x76\x2d\
\x38\x34\x38\x2e\x39\x39\x38\x34\x68\x31\x33\x33\x2e\x31\x33\x35\
\x39\x32\x38\x38\x39\x63\x32\x30\x2e\x30\x39\x39\x39\x38\x32\x32\
\x32\x20\x30\x20\x33\x36\x2e\x33\x38\x36\x31\x33\x33\x33\x33\x2d\
\x31\x36\x2e\x32\x39\x38\x36\x36\x36\x36\x37\x20\x33\x36\x2e\x33\
\x38\x36\x31\x33\x33\x33\x33\x2d\x33\x36\x2e\x33\x38\x36\x31\x33\
\x33\x33\x33\x73\x2d\x31\x36\x2e\x32\x38\x36\x31\x35\x31\x31\x31\
\x2d\x33\x36\x2e\x33\x38\x36\x31\x33\x33\x33\x33\x2d\x33\x36\x2e\
\x33\x38\x36\x31\x33\x33\x33\x33\x2d\x33\x36\x2e\x33\x38\x36\x31\
\x33\x33\x33\x34\x48\x35\x36\x30\x2e\x35\x31\x34\x38\x34\x34\x34\
\x35\x63\x2d\x32\x30\x2e\x30\x39\x38\x38\x34\x34\x34\x35\x20\x30\
\x2d\x33\x36\x2e\x33\x38\x36\x31\x33\x33\x33\x33\x20\x31\x36\x2e\
\x32\x39\x38\x36\x36\x36\x36\x37\x2d\x33\x36\x2e\x33\x38\x36\x31\
\x33\x33\x33\x34\x20\x33\x36\x2e\x33\x38\x36\x31\x33\x33\x33\x34\
\x73\x31\x36\x2e\x32\x38\x37\x32\x38\x38\x38\x39\x20\x33\x36\x2e\
\x33\x38\x36\x31\x33\x33\x33\x33\x20\x33\x36\x2e\x33\x38\x36\x31\
\x33\x33\x33\x34\x20\x33\x36\x2e\x33\x38\x36\x31\x33\x33\x33\x33\
\x68\x31\x30\x39\x2e\x34\x33\x36\x30\x31\x37\x37\x37\x76\x38\x34\
\x38\x2e\x39\x39\x38\x34\x48\x35\x33\x36\x2e\x32\x35\x37\x34\x32\
\x32\x32\x32\x63\x2d\x32\x30\x2e\x30\x39\x39\x39\x38\x32\x32\x32\
\x20\x30\x2d\x33\x36\x2e\x33\x38\x36\x31\x33\x33\x33\x33\x20\x31\
\x36\x2e\x32\x39\x37\x35\x32\x38\x38\x39\x2d\x33\x36\x2e\x33\x38\
\x36\x31\x33\x33\x33\x33\x20\x33\x36\x2e\x33\x38\x34\x39\x39\x35\
\x35\x35\x73\x31\x36\x2e\x32\x38\x36\x31\x35\x31\x31\x31\x20\x33\
\x36\x2e\x33\x38\x36\x31\x33\x33\x33\x33\x20\x33\x36\x2e\x33\x38\
\x36\x31\x33\x33\x33\x33\x20\x33\x36\x2e\x33\x38\x36\x31\x33\x33\
\x33\x34\x68\x33\x31\x35\x2e\x33\x34\x31\x39\x33\x37\x37\x38\x63\
\x32\x30\x2e\x30\x39\x38\x38\x34\x34\x34\x35\x20\x30\x20\x33\x36\
\x2e\x33\x38\x36\x31\x33\x33\x33\x33\x2d\x31\x36\x2e\x32\x39\x38\
\x36\x36\x36\x36\x37\x20\x33\x36\x2e\x33\x38\x36\x31\x33\x33\x33\
\x33\x2d\x33\x36\x2e\x33\x38\x36\x31\x33\x33\x33\x34\x73\x2d\x31\
\x36\x2e\x32\x38\x37\x32\x38\x38\x38\x39\x2d\x33\x36\x2e\x33\x38\
\x34\x39\x39\x35\x35\x35\x2d\x33\x36\x2e\x33\x38\x36\x31\x33\x33\
\x33\x33\x2d\x33\x36\x2e\x33\x38\x34\x39\x39\x35\x35\x35\x7a\x4d\
\x32\x32\x30\x2e\x39\x31\x34\x33\x34\x36\x36\x37\x20\x34\x37\x35\
\x2e\x36\x31\x33\x38\x36\x36\x36\x37\x63\x2d\x32\x30\x2e\x30\x39\
\x38\x38\x34\x34\x34\x35\x20\x30\x2d\x33\x36\x2e\x33\x38\x36\x31\
\x33\x33\x33\x33\x20\x31\x36\x2e\x32\x39\x38\x36\x36\x36\x36\x37\
\x2d\x33\x36\x2e\x33\x38\x36\x31\x33\x33\x33\x34\x20\x33\x36\x2e\
\x33\x38\x36\x31\x33\x33\x33\x33\x73\x31\x36\x2e\x32\x38\x37\x32\
\x38\x38\x38\x39\x20\x33\x36\x2e\x33\x38\x36\x31\x33\x33\x33\x33\
\x20\x33\x36\x2e\x33\x38\x36\x31\x33\x33\x33\x34\x20\x33\x36\x2e\
\x33\x38\x36\x31\x33\x33\x33\x33\x68\x32\x34\x32\x2e\x35\x37\x31\
\x39\x34\x36\x36\x36\x63\x32\x30\x2e\x30\x39\x38\x38\x34\x34\x34\
\x35\x20\x30\x20\x33\x36\x2e\x33\x38\x36\x31\x33\x33\x33\x33\x2d\
\x31\x36\x2e\x32\x39\x38\x36\x36\x36\x36\x37\x20\x33\x36\x2e\x33\
\x38\x36\x31\x33\x33\x33\x34\x2d\x33\x36\x2e\x33\x38\x36\x31\x33\
\x33\x33\x33\x73\x2d\x31\x36\x2e\x32\x38\x37\x32\x38\x38\x38\x39\
\x2d\x33\x36\x2e\x33\x38\x36\x31\x33\x33\x33\x33\x2d\x33\x36\x2e\
\x33\x38\x36\x31\x33\x33\x33\x34\x2d\x33\x36\x2e\x33\x38\x36\x31\
\x33\x33\x33\x33\x48\x32\x32\x30\x2e\x39\x31\x34\x33\x34\x36\x36\
\x37\x7a\x22\x20\x66\x69\x6c\x6c\x3d\x22\x23\x33\x33\x33\x33\x33\
\x33\x22\x20\x70\x2d\x69\x64\x3d\x22\x34\x38\x32\x36\x22\x3e\x3c\
\x2f\x70\x61\x74\x68\x3e\x3c\x2f\x73\x76\x67\x3e\
\x00\x00\x04\x46\
\x3c\
\x3f\x78\x6d\x6c\x20\x76\x65\x72\x73\x69\x6f\x6e\x3d\x22\x31\x2e\
\x30\x22\x20\x73\x74\x61\x6e\x64\x61\x6c\x6f\x6e\x65\x3d\x22\x6e\
\x6f\x22\x3f\x3e\x3c\x21\x44\x4f\x43\x54\x59\x50\x45\x20\x73\x76\
\x67\x20\x50\x55\x42\x4c\x49\x43\x20\x22\x2d\x2f\x2f\x57\x33\x43\
\x2f\x2f\x44\x54\x44\x20\x53\x56\x47\x20\x31\x2e\x31\x2f\x2f\x45\
\x4e\x22\x20\x22\x68\x74\x74\x70\x3a\x2f\x2f\x77\x77\x77\x2e\x77\
\x33\x2e\x6f\x72\x67\x2f\x47\x72\x61\x70\x68\x69\x63\x73\x2f\x53\
\x56\x47\x2f\x31\x2e\x31\x2f\x44\x54\x44\x2f\x73\x76\x67\x31\x31\
\x2e\x64\x74\x64\x22\x3e\x3c\x73\x76\x67\x20\x74\x3d\x22\x31\x37\
\x38\x34\x36\x34\x30\x34\x30\x38\x30\x38\x37\x22\x20\x63\x6c\x61\
\x73\x73\x3d\x22\x69\x63\x6f\x6e\x22\x20\x76\x69\x65\x77\x42\x6f\
\x78\x3d\x22\x30\x20\x30\x20\x31\x30\x32\x34\x20\x31\x30\x32\x34\
\x22\x20\x76\x65\x72\x73\x69\x6f\x6e\x3d\x22\x31\x2e\x31\x22\x20\
\x78\x6d\x6c\x6e\x73\x3d\x22\x68\x74\x74\x70\x3a\x2f\x2f\x77\x77\
\x77\x2e\x77\x33\x2e\x6f\x72\x67\x2f\x32\x30\x30\x30\x2f\x73\x76\
\x67\x22\x20\x70\x2d\x69\x64\x3d\x22\x32\x36\x35\x32\x39\x22\x20\
\x78\x6d\x6c\x6e\x73\x3a\x78\x6c\x69\x6e\x6b\x3d\x22\x68\x74\x74\
\x70\x3a\x2f\x2f\x77\x77\x77\x2e\x77\x33\x2e\x6f\x72\x67\x2f\x31\
\x39\x39\x39\x2f\x78\x6c\x69\x6e\x6b\x22\x20\x77\x69\x64\x74\x68\
\x3d\x22\x32\x30\x30\x22\x20\x68\x65\x69\x67\x68\x74\x3d\x22\x32\
\x30\x30\x22\x3e\x3c\x70\x61\x74\x68\x20\x64\x3d\x22\x4d\x33\x34\
\x34\x2e\x33\x32\x20\x37\x38\x30\x2e\x38\x6c\x33\x30\x30\x2e\x38\
\x2d\x33\x36\x33\x2e\x35\x32\x61\x31\x38\x37\x2e\x35\x32\x20\x31\
\x38\x37\x2e\x35\x32\x20\x30\x20\x30\x20\x30\x20\x31\x38\x37\x2e\
\x35\x32\x2d\x36\x34\x41\x31\x37\x30\x2e\x38\x38\x20\x31\x37\x30\
\x2e\x38\x38\x20\x30\x20\x30\x20\x30\x20\x38\x36\x35\x2e\x32\x38\
\x20\x31\x39\x32\x4c\x37\x38\x37\x2e\x32\x20\x32\x38\x39\x2e\x32\
\x38\x20\x36\x37\x34\x2e\x35\x36\x20\x32\x35\x36\x6c\x2d\x35\x31\
\x2e\x38\x34\x2d\x39\x31\x2e\x35\x32\x4c\x37\x30\x34\x20\x36\x34\
\x61\x31\x39\x35\x2e\x38\x34\x20\x31\x39\x35\x2e\x38\x34\x20\x30\
\x20\x30\x20\x30\x2d\x31\x36\x30\x20\x36\x34\x20\x31\x36\x38\x2e\
\x39\x36\x20\x31\x36\x38\x2e\x39\x36\x20\x30\x20\x30\x20\x30\x2d\
\x32\x30\x2e\x34\x38\x20\x31\x39\x32\x6c\x2d\x33\x30\x32\x2e\x30\
\x38\x20\x33\x36\x34\x2e\x31\x36\x22\x20\x70\x2d\x69\x64\x3d\x22\
\x32\x36\x35\x33\x30\x22\x20\x66\x69\x6c\x6c\x3d\x22\x23\x33\x33\
\x33\x33\x33\x33\x22\x3e\x3c\x2f\x70\x61\x74\x68\x3e\x3c\x70\x61\
\x74\x68\x20\x64\x3d\x22\x4d\x36\x38\x37\x2e\x33\x36\x20\x35\x38\
\x38\x2e\x31\x36\x6c\x2d\x35\x30\x2e\x35\x36\x2d\x34\x30\x2e\x39\
\x36\x2d\x34\x38\x20\x35\x34\x2e\x34\x2d\x32\x39\x30\x2e\x35\x36\
\x2d\x32\x33\x37\x2e\x34\x34\x2d\x34\x39\x2e\x32\x38\x2d\x38\x30\
\x2e\x36\x34\x2d\x31\x31\x32\x2e\x36\x34\x2d\x36\x34\x2d\x35\x32\
\x2e\x34\x38\x20\x35\x38\x2e\x38\x38\x20\x38\x36\x2e\x34\x20\x39\
\x33\x2e\x34\x34\x20\x39\x30\x2e\x32\x34\x20\x33\x33\x2e\x32\x38\
\x4c\x35\x35\x31\x2e\x30\x34\x20\x36\x34\x30\x6c\x2d\x34\x38\x20\
\x35\x34\x2e\x34\x20\x35\x30\x2e\x35\x36\x20\x34\x30\x2e\x39\x36\
\x61\x37\x30\x2e\x34\x20\x37\x30\x2e\x34\x20\x30\x20\x30\x20\x31\
\x20\x37\x34\x2e\x32\x34\x20\x35\x2e\x37\x36\x20\x36\x34\x20\x36\
\x34\x20\x30\x20\x30\x20\x31\x20\x31\x38\x2e\x35\x36\x20\x36\x39\
\x2e\x31\x32\x6c\x31\x35\x38\x2e\x30\x38\x20\x31\x32\x38\x61\x36\
\x34\x20\x36\x34\x20\x30\x20\x30\x20\x30\x20\x38\x34\x2e\x34\x38\
\x2d\x34\x2e\x34\x38\x6c\x35\x35\x2e\x30\x34\x2d\x36\x34\x61\x35\
\x36\x2e\x33\x32\x20\x35\x36\x2e\x33\x32\x20\x30\x20\x30\x20\x30\
\x20\x30\x2d\x37\x39\x2e\x33\x36\x6c\x2d\x31\x35\x39\x2e\x33\x36\
\x2d\x31\x32\x38\x61\x37\x30\x2e\x34\x20\x37\x30\x2e\x34\x20\x30\
\x20\x30\x20\x31\x2d\x38\x30\x2e\x36\x34\x2d\x37\x2e\x30\x34\x20\
\x36\x34\x20\x36\x34\x20\x30\x20\x30\x20\x31\x2d\x31\x36\x2e\x36\
\x34\x2d\x36\x37\x2e\x32\x7a\x4d\x32\x31\x32\x2e\x34\x38\x20\x36\
\x36\x34\x2e\x33\x32\x61\x31\x34\x37\x2e\x32\x20\x31\x34\x37\x2e\
\x32\x20\x30\x20\x31\x20\x30\x20\x31\x34\x37\x2e\x32\x20\x31\x34\
\x37\x2e\x32\x20\x31\x34\x37\x2e\x32\x20\x31\x34\x37\x2e\x32\x20\
\x30\x20\x30\x20\x30\x2d\x31\x34\x37\x2e\x32\x2d\x31\x34\x37\x2e\
\x32\x7a\x20\x6d\x30\x20\x32\x35\x32\x2e\x31\x36\x41\x31\x30\x35\
\x2e\x36\x20\x31\x30\x35\x2e\x36\x20\x30\x20\x31\x20\x31\x20\x33\
\x32\x30\x20\x38\x31\x31\x2e\x35\x32\x61\x31\x30\x35\x2e\x36\x20\
\x31\x30\x35\x2e\x36\x20\x30\x20\x30\x20\x31\x2d\x31\x30\x37\x2e\
\x35\x32\x20\x31\x30\x34\x2e\x39\x36\x7a\x22\x20\x70\x2d\x69\x64\
\x3d\x22\x32\x36\x35\x33\x31\x22\x20\x66\x69\x6c\x6c\x3d\x22\x23\
\x33\x33\x33\x33\x33\x33\x22\x3e\x3c\x2f\x70\x61\x74\x68\x3e\x3c\
\x2f\x73\x76\x67\x3e\
\x00\x00\x05\x3a\
\x3c\
\x3f\x78\x6d\x6c\x20\x76\x65\x72\x73\x69\x6f\x6e\x3d\x22\x31\x2e\
\x30\x22\x20\x73\x74\x61\x6e\x64\x61\x6c\x6f\x6e\x65\x3d\x22\x6e\
\x6f\x22\x3f\x3e\x3c\x21\x44\x4f\x43\x54\x59\x50\x45\x20\x73\x76\
\x67\x20\x50\x55\x42\x4c\x49\x43\x20\x22\x2d\x2f\x2f\x57\x33\x43\
\x2f\x2f\x44\x54\x44\x20\x53\x56\x47\x20\x31\x2e\x31\x2f\x2f\x45\
\x4e\x22\x20\x22\x68\x74\x74\x70\x3a\x2f\x2f\x77\x77\x77\x2e\x77\
\x33\x2e\x6f\x72\x67\x2f\x47\x72\x61\x70\x68\x69\x63\x73\x2f\x53\
\x56\x47\x2f\x31\x2e\x31\x2f\x44\x54\x44\x2f\x73\x76\x67\x31\x31\
\x2e\x64\x74\x64\x22\x3e\x3c\x73\x76\x67\x20\x74\x3d\x22\x31\x37\
\x37\x39\x31\x37\x35\x32\x36\x37\x34\x32\x32\x22\x20\x63\x6c\x61\
\x73\x73\x3d\x22\x69\x63\x6f\x6e\x22\x20\x76\x69\x65\x77\x42\x6f\
\x78\x3d\x22\x30\x20\x30\x20\x31\x30\x32\x34\x20\x31\x30\x32\x34\
\x22\x20\x76\x65\x72\x73\x69\x6f\x6e\x3d\x22\x31\x2e\x31\x22\x20\
\x78\x6d\x6c\x6e\x73\x3d\x22\x68\x74\x74\x70\x3a\x2f\x2f\x77\x77\
\x77\x2e\x77\x33\x2e\x6f\x72\x67\x2f\x32\x30\x30\x30\x2f\x73\x76\
\x67\x22\x20\x70\x2d\x69\x64\x3d\x22\x34\x37\x32\x36\x22\x20\x78\
\x6d\x6c\x6e\x73\x3a\x78\x6c\x69\x6e\x6b\x3d\x22\x68\x74\x74\x70\
\x3a\x2f\x2f\x77\x77\x77\x2e\x77\x33\x2e\x6f\x72\x67\x2f\x31\x39\
\x39\x39\x2f\x78\x6c\x69\x6e\x6b\x22\x20\x77\x69\x64\x74\x68\x3d\
\x22\x32\x30\x30\x22\x20\x68\x65\x69\x67\x68\x74\x3d\x22\x32\x30\
\x30\x22\x3e\x3c\x70\x61\x74\x68\x20\x64\x3d\x22\x4d\x35\x33\x33\
\x2e\x36\x20\x39\x36\x30\x41\x34\x33\x35\x2e\x35\x32\x20\x34\x33\
\x35\x2e\x35\x32\x20\x30\x20\x30\x20\x31\x20\x31\x31\x32\x20\x34\
\x31\x39\x2e\x33\x36\x20\x34\x33\x36\x2e\x39\x36\x20\x34\x33\x36\
\x2e\x39\x36\x20\x30\x20\x30\x20\x31\x20\x34\x31\x34\x2e\x35\x36\
\x20\x31\x30\x36\x2e\x38\x38\x61\x32\x32\x2e\x34\x20\x32\x32\x2e\
\x34\x20\x30\x20\x31\x20\x31\x20\x31\x31\x2e\x38\x34\x20\x34\x33\
\x2e\x32\x20\x33\x39\x32\x20\x33\x39\x32\x20\x30\x20\x30\x20\x30\
\x2d\x32\x37\x32\x20\x32\x37\x39\x2e\x36\x38\x41\x33\x39\x30\x2e\
\x32\x34\x20\x33\x39\x30\x2e\x32\x34\x20\x30\x20\x31\x20\x30\x20\
\x36\x32\x38\x2e\x38\x20\x31\x34\x37\x2e\x30\x34\x20\x32\x32\x2e\
\x32\x34\x20\x32\x32\x2e\x32\x34\x20\x30\x20\x31\x20\x31\x20\x36\
\x34\x30\x20\x31\x30\x34\x20\x34\x33\x34\x2e\x37\x32\x20\x34\x33\
\x34\x2e\x37\x32\x20\x30\x20\x30\x20\x31\x20\x35\x33\x33\x2e\x36\
\x20\x39\x36\x30\x7a\x20\x6d\x30\x20\x30\x22\x20\x66\x69\x6c\x6c\
\x3d\x22\x23\x33\x33\x33\x33\x33\x33\x22\x20\x70\x2d\x69\x64\x3d\
\x22\x34\x37\x32\x37\x22\x3e\x3c\x2f\x70\x61\x74\x68\x3e\x3c\x70\
\x61\x74\x68\x20\x64\x3d\x22\x4d\x35\x33\x32\x2e\x38\x20\x35\x34\
\x38\x2e\x31\x36\x61\x32\x31\x2e\x39\x32\x20\x32\x31\x2e\x39\x32\
\x20\x30\x20\x30\x20\x31\x2d\x32\x32\x2e\x32\x34\x2d\x32\x32\x2e\
\x32\x34\x56\x33\x32\x30\x61\x32\x32\x2e\x32\x34\x20\x32\x32\x2e\
\x32\x34\x20\x30\x20\x31\x20\x31\x20\x34\x34\x2e\x36\x34\x20\x30\
\x76\x32\x30\x35\x2e\x37\x36\x61\x32\x31\x2e\x39\x32\x20\x32\x31\
\x2e\x39\x32\x20\x30\x20\x30\x20\x31\x2d\x32\x32\x2e\x32\x34\x20\
\x32\x32\x2e\x32\x34\x7a\x20\x6d\x30\x20\x30\x22\x20\x66\x69\x6c\
\x6c\x3d\x22\x23\x33\x33\x33\x33\x33\x33\x22\x20\x70\x2d\x69\x64\
\x3d\x22\x34\x37\x32\x38\x22\x3e\x3c\x2f\x70\x61\x74\x68\x3e\x3c\
\x70\x61\x74\x68\x20\x64\x3d\x22\x4d\x35\x33\x34\x2e\x37\x32\x20\
\x37\x35\x34\x2e\x32\x34\x61\x32\x32\x38\x2e\x33\x32\x20\x32\x32\
\x38\x2e\x33\x32\x20\x30\x20\x30\x20\x31\x2d\x31\x32\x33\x2e\x35\
\x32\x2d\x34\x32\x30\x2e\x34\x38\x20\x32\x32\x2e\x30\x38\x20\x32\
\x32\x2e\x30\x38\x20\x30\x20\x30\x20\x31\x20\x32\x33\x2e\x38\x34\
\x20\x33\x37\x2e\x32\x38\x20\x31\x38\x33\x2e\x38\x34\x20\x31\x38\
\x33\x2e\x38\x34\x20\x30\x20\x31\x20\x30\x20\x32\x38\x33\x2e\x35\
\x32\x20\x31\x35\x34\x2e\x37\x32\x20\x31\x38\x35\x2e\x37\x36\x20\
\x31\x38\x35\x2e\x37\x36\x20\x30\x20\x30\x20\x30\x2d\x38\x34\x2d\
\x31\x35\x34\x2e\x37\x32\x20\x32\x32\x2e\x35\x36\x20\x32\x32\x2e\
\x35\x36\x20\x30\x20\x30\x20\x31\x20\x32\x34\x2e\x34\x38\x2d\x33\
\x37\x2e\x39\x32\x20\x32\x32\x38\x2e\x38\x20\x32\x32\x38\x2e\x38\
\x20\x30\x20\x30\x20\x31\x2d\x31\x32\x34\x2e\x33\x32\x20\x34\x32\
\x31\x2e\x31\x32\x7a\x20\x6d\x2d\x31\x34\x38\x2e\x38\x2d\x34\x35\
\x36\x2e\x31\x36\x61\x31\x32\x2e\x36\x34\x20\x31\x32\x2e\x36\x34\
\x20\x30\x20\x30\x20\x31\x2d\x35\x2e\x32\x38\x20\x30\x20\x32\x32\
\x2e\x32\x34\x20\x32\x32\x2e\x32\x34\x20\x30\x20\x30\x20\x31\x2d\
\x31\x36\x2d\x32\x36\x2e\x37\x32\x6c\x33\x36\x2e\x39\x36\x2d\x31\
\x34\x37\x2e\x33\x36\x61\x32\x32\x2e\x32\x34\x20\x32\x32\x2e\x32\
\x34\x20\x30\x20\x31\x20\x31\x20\x34\x33\x2e\x32\x20\x31\x30\x2e\
\x34\x6c\x2d\x33\x37\x2e\x31\x32\x20\x31\x34\x36\x2e\x35\x36\x61\
\x32\x32\x2e\x32\x34\x20\x32\x32\x2e\x32\x34\x20\x30\x20\x30\x20\
\x31\x2d\x32\x31\x2e\x36\x20\x31\x37\x2e\x31\x32\x7a\x20\x6d\x30\
\x20\x30\x22\x20\x66\x69\x6c\x6c\x3d\x22\x23\x33\x33\x33\x33\x33\
\x33\x22\x20\x70\x2d\x69\x64\x3d\x22\x34\x37\x32\x39\x22\x3e\x3c\
\x2f\x70\x61\x74\x68\x3e\x3c\x70\x61\x74\x68\x20\x64\x3d\x22\x4d\
\x34\x32\x30\x2e\x34\x38\x20\x31\x35\x31\x2e\x35\x32\x61\x31\x32\
\x2e\x36\x34\x20\x31\x32\x2e\x36\x34\x20\x30\x20\x30\x20\x31\x2d\
\x35\x2e\x32\x38\x20\x30\x4c\x32\x36\x38\x2e\x36\x34\x20\x31\x31\
\x33\x2e\x36\x61\x32\x32\x2e\x32\x34\x20\x32\x32\x2e\x32\x34\x20\
\x30\x20\x31\x20\x31\x20\x31\x30\x2e\x34\x2d\x34\x33\x2e\x32\x6c\
\x31\x34\x36\x2e\x35\x36\x20\x33\x37\x2e\x32\x38\x61\x32\x32\x2e\
\x32\x34\x20\x32\x32\x2e\x32\x34\x20\x30\x20\x30\x20\x31\x2d\x35\
\x2e\x32\x38\x20\x34\x33\x2e\x38\x34\x7a\x20\x6d\x30\x20\x30\x22\
\x20\x66\x69\x6c\x6c\x3d\x22\x23\x33\x33\x33\x33\x33\x33\x22\x20\
\x70\x2d\x69\x64\x3d\x22\x34\x37\x33\x30\x22\x3e\x3c\x2f\x70\x61\
\x74\x68\x3e\x3c\x2f\x73\x76\x67\x3e\
\x00\x00\x04\x23\
\x3c\
\x3f\x78\x6d\x6c\x20\x76\x65\x72\x73\x69\x6f\x6e\x3d\x22\x31\x2e\
\x30\x22\x20\x73\x74\x61\x6e\x64\x61\x6c\x6f\x6e\x65\x3d\x22\x6e\
\x6f\x22\x3f\x3e\x3c\x21\x44\x4f\x43\x54\x59\x50\x45\x20\x73\x76\
\x67\x20\x50\x55\x42\x4c\x49\x43\x20\x22\x2d\x2f\x2f\x57\x33\x43\
\x2f\x2f\x44\x54\x44\x20\x53\x56\x47\x20\x31\x2e\x31\x2f\x2f\x45\
\x4e\x22\x20\x22\x68\x74\x74\x70\x3a\x2f\x2f\x77\x77\x77\x2e\x77\
\x33\x2e\x6f\x72\x67\x2f\x47\x72\x61\x70\x68\x69\x63\x73\x2f\x53\
\x56\x47\x2f\x31\x2e\x31\x2f\x44\x54\x44\x2f\x73\x76\x67\x31\x31\
\x2e\x64\x74\x64\x22\x3e\x3c\x73\x76\x67\x20\x74\x3d\x22\x31\x37\
\x36\x31\x35\x37\x31\x37\x38\x31\x34\x32\x32\x22\x20\x63\x6c\x61\
\x73\x73\x3d\x22\x69\x63\x6f\x6e\x22\x20\x76\x69\x65\x77\x42\x6f\
\x78\x3d\x22\x30\x20\x30\x20\x31\x30\x32\x34\x20\x31\x30\x32\x34\
\x22\x20\x76\x65\x72\x73\x69\x6f\x6e\x3d\x22\x31\x2e\x31\x22\x20\
\x78\x6d\x6c\x6e\x73\x3d\x22\x68\x74\x74\x70\x3a\x2f\x2f\x77\x77\
\x77\x2e\x77\x33\x2e\x6f\x72\x67\x2f\x32\x30\x30\x30\x2f\x73\x76\
\x67\x22\x20\x70\x2d\x69\x64\x3d\x22\x39\x37\x36\x38\x22\x20\x78\
\x6d\x6c\x6e\x73\x3a\x78\x6c\x69\x6e\x6b\x3d\x22\x68\x74\x74\x70\
\x3a\x2f\x2f\x77\x77\x77\x2e\x77\x33\x2e\x6f\x72\x67\x2f\x31\x39\
\x39\x39\x2f\x78\x6c\x69\x6e\x6b\x22\x20\x77\x69\x64\x74\x68\x3d\
\x22\x32\x30\x30\x22\x20\x68\x65\x69\x67\x68\x74\x3d\x22\x32\x30\
\x30\x22\x3e\x3c\x70\x61\x74\x68\x20\x64\x3d\x22\x4d\x35\x34\x39\
\x2e\x39\x38\x20\x36\x32\x63\x31\x32\x31\x2e\x38\x31\x35\x20\x30\
\x20\x32\x32\x31\x2e\x34\x39\x20\x34\x30\x2e\x30\x35\x20\x32\x38\
\x38\x2e\x31\x38\x20\x31\x31\x35\x2e\x38\x37\x35\x20\x35\x38\x2e\
\x39\x35\x20\x36\x37\x2e\x30\x35\x20\x39\x30\x2e\x31\x38\x20\x31\
\x35\x38\x2e\x30\x34\x20\x39\x30\x2e\x31\x38\x20\x32\x36\x33\x2e\
\x32\x35\x61\x33\x37\x37\x2e\x31\x20\x33\x37\x37\x2e\x31\x20\x30\
\x20\x30\x20\x31\x2d\x36\x36\x2e\x35\x31\x20\x32\x31\x34\x2e\x33\
\x33\x35\x63\x2d\x33\x34\x2e\x36\x35\x20\x35\x30\x2e\x35\x33\x35\
\x2d\x35\x34\x2e\x32\x37\x20\x31\x30\x37\x2e\x32\x33\x35\x2d\x35\
\x37\x2e\x30\x36\x20\x31\x36\x34\x2e\x36\x35\x35\x6c\x2d\x30\x2e\
\x33\x36\x20\x31\x34\x2e\x34\x56\x39\x36\x32\x48\x33\x36\x36\x2e\
\x33\x33\x35\x76\x2d\x39\x32\x2e\x35\x32\x6c\x2d\x32\x38\x2e\x36\
\x32\x20\x32\x2e\x32\x30\x35\x61\x31\x35\x30\x2e\x32\x35\x35\x20\
\x31\x35\x30\x2e\x32\x35\x35\x20\x30\x20\x30\x20\x31\x2d\x31\x31\
\x35\x2e\x36\x35\x2d\x33\x39\x2e\x33\x33\x20\x31\x35\x35\x2e\x39\
\x37\x20\x31\x35\x35\x2e\x39\x37\x20\x30\x20\x30\x20\x31\x2d\x35\
\x30\x2e\x30\x34\x2d\x31\x30\x34\x2e\x37\x31\x35\x6c\x2d\x30\x2e\
\x33\x31\x35\x2d\x31\x30\x2e\x30\x38\x76\x2d\x38\x30\x2e\x35\x35\
\x6c\x2d\x35\x36\x2e\x32\x35\x2d\x32\x38\x2e\x32\x31\x35\x2d\x31\
\x2e\x37\x35\x35\x2d\x30\x2e\x32\x37\x2d\x31\x2e\x33\x35\x2d\x31\
\x2e\x33\x35\x61\x35\x36\x2e\x37\x39\x20\x35\x36\x2e\x37\x39\x20\
\x30\x20\x30\x20\x31\x2d\x32\x34\x2e\x30\x33\x2d\x36\x39\x2e\x33\
\x39\x6c\x32\x2e\x36\x35\x35\x2d\x35\x2e\x38\x35\x20\x38\x32\x2e\
\x30\x33\x35\x2d\x31\x34\x32\x2e\x39\x36\x35\x63\x31\x32\x2e\x33\
\x33\x2d\x39\x35\x2e\x32\x36\x35\x20\x34\x34\x2e\x38\x32\x2d\x31\
\x37\x31\x20\x39\x36\x2e\x37\x35\x2d\x32\x32\x35\x2e\x31\x38\x43\
\x33\x33\x34\x2e\x36\x31\x20\x39\x36\x2e\x32\x39\x20\x34\x32\x38\
\x2e\x38\x38\x35\x20\x36\x32\x20\x35\x34\x39\x2e\x39\x38\x20\x36\
\x32\x68\x30\x2e\x30\x34\x35\x7a\x20\x6d\x32\x2e\x34\x37\x35\x20\
\x31\x32\x38\x2e\x30\x37\x61\x37\x34\x2e\x34\x33\x20\x37\x34\x2e\
\x34\x33\x20\x30\x20\x30\x20\x30\x2d\x37\x30\x2e\x35\x36\x20\x39\
\x38\x2e\x31\x4c\x33\x39\x34\x2e\x33\x37\x20\x33\x36\x32\x2e\x35\
\x31\x61\x39\x39\x2e\x32\x37\x20\x39\x39\x2e\x32\x37\x20\x30\x20\
\x31\x20\x30\x20\x35\x32\x2e\x32\x39\x20\x31\x32\x30\x2e\x31\x35\
\x6c\x31\x37\x36\x2e\x34\x39\x20\x32\x34\x2e\x37\x30\x35\x61\x38\
\x36\x2e\x38\x35\x20\x38\x36\x2e\x38\x35\x20\x30\x20\x31\x20\x30\
\x20\x34\x2e\x35\x39\x2d\x34\x39\x2e\x35\x6c\x2d\x31\x37\x38\x2e\
\x32\x34\x35\x2d\x32\x34\x2e\x39\x37\x35\x61\x39\x38\x2e\x37\x37\
\x35\x20\x39\x38\x2e\x37\x37\x35\x20\x30\x20\x30\x20\x30\x2d\x31\
\x36\x2e\x34\x32\x35\x2d\x33\x38\x2e\x30\x37\x6c\x37\x39\x2e\x34\
\x32\x35\x2d\x36\x37\x2e\x35\x61\x37\x34\x2e\x34\x33\x20\x37\x34\
\x2e\x34\x33\x20\x30\x20\x31\x20\x30\x20\x33\x39\x2e\x39\x36\x2d\
\x31\x33\x37\x2e\x32\x39\x35\x7a\x22\x20\x66\x69\x6c\x6c\x3d\x22\
\x23\x33\x33\x33\x33\x33\x33\x22\x20\x70\x2d\x69\x64\x3d\x22\x39\
\x37\x36\x39\x22\x3e\x3c\x2f\x70\x61\x74\x68\x3e\x3c\x2f\x73\x76\
\x67\x3e\
\x00\x00\x03\xf1\
\x3c\
\x3f\x78\x6d\x6c\x20\x76\x65\x72\x73\x69\x6f\x6e\x3d\x22\x31\x2e\
\x30\x22\x20\x73\x74\x61\x6e\x64\x61\x6c\x6f\x6e\x65\x3d\x22\x6e\
\x6f\x22\x3f\x3e\x3c\x21\x44\x4f\x43\x54\x59\x50\x45\x20\x73\x76\
\x67\x20\x50\x55\x42\x4c\x49\x43\x20\x22\x2d\x2f\x2f\x57\x33\x43\
\x2f\x2f\x44\x54\x44\x20\x53\x56\x47\x20\x31\x2e\x31\x2f\x2f\x45\
\x4e\x22\x20\x22\x68\x74\x74\x70\x3a\x2f\x2f\x77\x77\x77\x2e\x77\
\x33\x2e\x6f\x72\x67\x2f\x47\x72\x61\x70\x68\x69\x63\x73\x2f\x53\
\x56\x47\x2f\x31\x2e\x31\x2f\x44\x54\x44\x2f\x73\x76\x67\x31\x31\
\x2e\x64\x74\x64\x22\x3e\x3c\x73\x76\x67\x20\x74\x3d\x22\x31\x37\
\x37\x32\x31\x36\x34\x39\x30\x30\x32\x35\x37\x22\x20\x63\x6c\x61\
\x73\x73\x3d\x22\x69\x63\x6f\x6e\x22\x20\x76\x69\x65\x77\x42\x6f\
\x78\x3d\x22\x30\x20\x30\x20\x31\x30\x32\x34\x20\x31\x30\x32\x34\
\x22\x20\x76\x65\x72\x73\x69\x6f\x6e\x3d\x22\x31\x2e\x31\x22\x20\
\x78\x6d\x6c\x6e\x73\x3d\x22\x68\x74\x74\x70\x3a\x2f\x2f\x77\x77\
\x77\x2e\x77\x33\x2e\x6f\x72\x67\x2f\x32\x30\x30\x30\x2f\x73\x76\
\x67\x22\x20\x70\x2d\x69\x64\x3d\x22\x31\x35\x36\x37\x37\x22\x20\
\x78\x6d\x6c\x6e\x73\x3a\x78\x6c\x69\x6e\x6b\x3d\x22\x68\x74\x74\
\x70\x3a\x2f\x2f\x77\x77\x77\x2e\x77\x33\x2e\x6f\x72\x67\x2f\x31\
\x39\x39\x39\x2f\x78\x6c\x69\x6e\x6b\x22\x20\x77\x69\x64\x74\x68\
\x3d\x22\x32\x30\x30\x22\x20\x68\x65\x69\x67\x68\x74\x3d\x22\x32\
\x30\x30\x22\x3e\x3c\x70\x61\x74\x68\x20\x64\x3d\x22\x4d\x30\x20\
\x30\x6d\x35\x31\x32\x20\x30\x6c\x30\x20\x30\x71\x35\x31\x32\x20\
\x30\x20\x35\x31\x32\x20\x35\x31\x32\x6c\x30\x20\x30\x71\x30\x20\
\x35\x31\x32\x2d\x35\x31\x32\x20\x35\x31\x32\x6c\x30\x20\x30\x71\
\x2d\x35\x31\x32\x20\x30\x2d\x35\x31\x32\x2d\x35\x31\x32\x6c\x30\
\x20\x30\x71\x30\x2d\x35\x31\x32\x20\x35\x31\x32\x2d\x35\x31\x32\
\x5a\x22\x20\x66\x69\x6c\x6c\x3d\x22\x23\x46\x35\x35\x30\x33\x36\
\x22\x20\x70\x2d\x69\x64\x3d\x22\x31\x35\x36\x37\x38\x22\x3e\x3c\
\x2f\x70\x61\x74\x68\x3e\x3c\x70\x61\x74\x68\x20\x64\x3d\x22\x4d\
\x35\x31\x38\x2e\x32\x32\x39\x33\x33\x33\x20\x32\x35\x36\x61\x31\
\x37\x35\x2e\x33\x31\x37\x33\x33\x33\x20\x31\x37\x35\x2e\x33\x31\
\x37\x33\x33\x33\x20\x30\x20\x30\x20\x30\x2d\x33\x2e\x32\x20\x33\
\x35\x30\x2e\x35\x39\x32\x48\x35\x37\x36\x56\x35\x34\x31\x2e\x30\
\x31\x33\x33\x33\x33\x68\x2d\x35\x37\x2e\x37\x32\x38\x61\x31\x30\
\x39\x2e\x35\x32\x35\x33\x33\x33\x20\x31\x30\x39\x2e\x35\x32\x35\
\x33\x33\x33\x20\x30\x20\x30\x20\x31\x2d\x31\x31\x30\x2e\x38\x30\
\x35\x33\x33\x33\x2d\x31\x30\x38\x2e\x33\x37\x33\x33\x33\x33\x20\
\x31\x30\x39\x2e\x35\x32\x35\x33\x33\x33\x20\x31\x30\x39\x2e\x35\
\x32\x35\x33\x33\x33\x20\x30\x20\x30\x20\x31\x20\x31\x30\x38\x2e\
\x33\x37\x33\x33\x33\x33\x2d\x31\x31\x30\x2e\x38\x30\x35\x33\x33\
\x33\x68\x32\x2e\x34\x33\x32\x61\x31\x30\x39\x2e\x38\x36\x36\x36\
\x36\x37\x20\x31\x30\x39\x2e\x38\x36\x36\x36\x36\x37\x20\x30\x20\
\x30\x20\x31\x20\x31\x30\x39\x2e\x38\x32\x34\x20\x31\x30\x39\x2e\
\x35\x36\x38\x76\x31\x36\x31\x2e\x34\x35\x30\x36\x36\x36\x61\x31\
\x31\x30\x2e\x31\x36\x35\x33\x33\x33\x20\x31\x31\x30\x2e\x31\x36\
\x35\x33\x33\x33\x20\x30\x20\x30\x20\x31\x2d\x31\x30\x38\x2e\x38\
\x34\x32\x36\x36\x37\x20\x31\x30\x39\x2e\x35\x36\x38\x20\x31\x30\
\x37\x2e\x30\x39\x33\x33\x33\x33\x20\x31\x30\x37\x2e\x30\x39\x33\
\x33\x33\x33\x20\x30\x20\x30\x20\x31\x2d\x37\x36\x2e\x31\x36\x2d\
\x33\x32\x2e\x32\x31\x33\x33\x33\x33\x6c\x2d\x34\x36\x2e\x34\x32\
\x31\x33\x33\x33\x20\x34\x36\x2e\x34\x36\x34\x41\x31\x37\x33\x2e\
\x39\x39\x34\x36\x36\x37\x20\x31\x37\x33\x2e\x39\x39\x34\x36\x36\
\x37\x20\x30\x20\x30\x20\x30\x20\x35\x31\x38\x2e\x32\x32\x39\x33\
\x33\x33\x20\x37\x36\x38\x68\x32\x2e\x34\x37\x34\x36\x36\x37\x61\
\x31\x37\x35\x2e\x34\x34\x35\x33\x33\x33\x20\x31\x37\x35\x2e\x34\
\x34\x35\x33\x33\x33\x20\x30\x20\x30\x20\x30\x20\x31\x37\x32\x2e\
\x39\x32\x38\x2d\x31\x37\x34\x2e\x34\x32\x31\x33\x33\x33\x76\x2d\
\x31\x36\x36\x2e\x35\x37\x30\x36\x36\x37\x41\x31\x37\x35\x2e\x33\
\x36\x20\x31\x37\x35\x2e\x33\x36\x20\x30\x20\x30\x20\x30\x20\x35\
\x31\x38\x2e\x34\x38\x35\x33\x33\x33\x20\x32\x35\x36\x68\x2d\x30\
\x2e\x32\x35\x36\x7a\x22\x20\x66\x69\x6c\x6c\x3d\x22\x23\x33\x33\
\x33\x33\x33\x33\x22\x20\x70\x2d\x69\x64\x3d\x22\x31\x35\x36\x37\
\x39\x22\x3e\x3c\x2f\x70\x61\x74\x68\x3e\x3c\x2f\x73\x76\x67\x3e\
\
\x00\x00\x08\x45\
\x3c\
\x3f\x78\x6d\x6c\x20\x76\x65\x72\x73\x69\x6f\x6e\x3d\x22\x31\x2e\
\x30\x22\x20\x73\x74\x61\x6e\x64\x61\x6c\x6f\x6e\x65\x3d\x22\x6e\
\x6f\x22\x3f\x3e\x3c\x21\x44\x4f\x43\x54\x59\x50\x45\x20\x73\x76\
\x67\x20\x50\x55\x42\x4c\x49\x43\x20\x22\x2d\x2f\x2f\x57\x33\x43\
\x2f\x2f\x44\x54\x44\x20\x53\x56\x47\x20\x31\x2e\x31\x2f\x2f\x45\
\x4e\x22\x20\x22\x68\x74\x74\x70\x3a\x2f\x2f\x77\x77\x77\x2e\x77\
\x33\x2e\x6f\x72\x67\x2f\x47\x72\x61\x70\x68\x69\x63\x73\x2f\x53\
\x56\x47\x2f\x31\x2e\x31\x2f\x44\x54\x44\x2f\x73\x76\x67\x31\x31\
\x2e\x64\x74\x64\x22\x3e\x3c\x73\x76\x67\x20\x74\x3d\x22\x31\x37\
\x38\x34\x36\x34\x37\x31\x35\x39\x35\x38\x36\x22\x20\x63\x6c\x61\
\x73\x73\x3d\x22\x69\x63\x6f\x6e\x22\x20\x76\x69\x65\x77\x42\x6f\
\x78\x3d\x22\x30\x20\x30\x20\x31\x30\x32\x34\x20\x31\x30\x32\x34\
\x22\x20\x76\x65\x72\x73\x69\x6f\x6e\x3d\x22\x31\x2e\x31\x22\x20\
\x78\x6d\x6c\x6e\x73\x3d\x22\x68\x74\x74\x70\x3a\x2f\x2f\x77\x77\
\x77\x2e\x77\x33\x2e\x6f\x72\x67\x2f\x32\x30\x30\x30\x2f\x73\x76\
\x67\x22\x20\x70\x2d\x69\x64\x3d\x22\x34\x33\x32\x35\x35\x22\x20\
\x78\x6d\x6c\x6e\x73\x3a\x78\x6c\x69\x6e\x6b\x3d\x22\x68\x74\x74\
\x70\x3a\x2f\x2f\x77\x77\x77\x2e\x77\x33\x2e\x6f\x72\x67\x2f\x31\
\x39\x39\x39\x2f\x78\x6c\x69\x6e\x6b\x22\x20\x77\x69\x64\x74\x68\
\x3d\x22\x32\x30\x30\x22\x20\x68\x65\x69\x67\x68\x74\x3d\x22\x32\
\x30\x30\x22\x3e\x3c\x70\x61\x74\x68\x20\x64\x3d\x22\x4d\x33\x37\
\x39\x2e\x39\x30\x34\x20\x34\x35\x35\x2e\x33\x36\x63\x31\x38\x2e\
\x35\x39\x32\x20\x30\x20\x33\x33\x2e\x37\x32\x38\x20\x31\x35\x2e\
\x33\x39\x32\x20\x33\x33\x2e\x37\x32\x38\x20\x33\x34\x2e\x33\x36\
\x38\x20\x30\x20\x31\x39\x2e\x30\x30\x38\x2d\x31\x35\x2e\x31\x33\
\x36\x20\x33\x34\x2e\x34\x2d\x33\x33\x2e\x37\x32\x38\x20\x33\x34\
\x2e\x34\x48\x33\x31\x32\x2e\x34\x34\x38\x63\x2d\x31\x38\x2e\x36\
\x32\x34\x20\x30\x2d\x33\x33\x2e\x37\x32\x38\x2d\x31\x35\x2e\x33\
\x36\x2d\x33\x33\x2e\x37\x32\x38\x2d\x33\x34\x2e\x34\x20\x30\x2d\
\x31\x38\x2e\x39\x37\x36\x20\x31\x35\x2e\x31\x30\x34\x2d\x33\x34\
\x2e\x34\x20\x33\x33\x2e\x37\x32\x38\x2d\x33\x34\x2e\x34\x68\x36\
\x37\x2e\x34\x35\x36\x7a\x22\x20\x70\x2d\x69\x64\x3d\x22\x34\x33\
\x32\x35\x36\x22\x20\x66\x69\x6c\x6c\x3d\x22\x23\x33\x33\x33\x33\
\x33\x33\x22\x3e\x3c\x2f\x70\x61\x74\x68\x3e\x3c\x70\x61\x74\x68\
\x20\x64\x3d\x22\x4d\x35\x34\x38\x2e\x34\x38\x20\x33\x31\x37\x2e\
\x37\x36\x63\x30\x20\x31\x39\x2e\x30\x30\x38\x2d\x31\x35\x2e\x30\
\x37\x32\x20\x33\x34\x2e\x34\x2d\x33\x33\x2e\x37\x32\x38\x20\x33\
\x34\x2e\x34\x48\x33\x31\x32\x2e\x34\x34\x38\x63\x2d\x31\x38\x2e\
\x36\x32\x34\x20\x30\x2d\x33\x33\x2e\x37\x32\x38\x2d\x31\x35\x2e\
\x33\x36\x2d\x33\x33\x2e\x37\x32\x38\x2d\x33\x34\x2e\x34\x20\x30\
\x2d\x31\x38\x2e\x39\x37\x36\x20\x31\x35\x2e\x31\x30\x34\x2d\x33\
\x34\x2e\x33\x33\x36\x20\x33\x33\x2e\x37\x32\x38\x2d\x33\x34\x2e\
\x33\x33\x36\x68\x32\x30\x32\x2e\x33\x30\x34\x41\x33\x34\x2e\x30\
\x31\x36\x20\x33\x34\x2e\x30\x31\x36\x20\x30\x20\x30\x20\x31\x20\
\x35\x34\x38\x2e\x34\x38\x20\x33\x31\x37\x2e\x37\x36\x7a\x22\x20\
\x70\x2d\x69\x64\x3d\x22\x34\x33\x32\x35\x37\x22\x20\x66\x69\x6c\
\x6c\x3d\x22\x23\x33\x33\x33\x33\x33\x33\x22\x3e\x3c\x2f\x70\x61\
\x74\x68\x3e\x3c\x70\x61\x74\x68\x20\x64\x3d\x22\x4d\x34\x35\x39\
\x2e\x32\x20\x36\x34\x63\x32\x31\x38\x2e\x32\x34\x20\x30\x20\x33\
\x39\x35\x2e\x31\x36\x38\x20\x31\x36\x31\x2e\x33\x34\x34\x20\x33\
\x39\x35\x2e\x31\x36\x38\x20\x33\x36\x30\x2e\x34\x31\x36\x6c\x2d\
\x30\x2e\x31\x39\x32\x20\x31\x30\x2e\x39\x34\x34\x41\x33\x30\x38\
\x2e\x38\x20\x33\x30\x38\x2e\x38\x20\x30\x20\x30\x20\x30\x20\x37\
\x39\x30\x2e\x34\x20\x34\x30\x36\x2e\x34\x63\x2d\x31\x30\x2e\x33\
\x30\x34\x2d\x31\x35\x32\x2e\x36\x37\x32\x2d\x31\x35\x33\x2e\x30\
\x35\x36\x2d\x32\x37\x36\x2e\x38\x36\x34\x2d\x33\x33\x31\x2e\x32\
\x2d\x32\x37\x36\x2e\x38\x36\x34\x2d\x31\x38\x34\x2e\x39\x39\x32\
\x20\x30\x2d\x33\x33\x31\x2e\x39\x33\x36\x20\x31\x33\x34\x2e\x30\
\x31\x36\x2d\x33\x33\x31\x2e\x39\x33\x36\x20\x32\x39\x34\x2e\x38\
\x38\x20\x30\x20\x36\x39\x2e\x36\x20\x32\x37\x2e\x33\x32\x38\x20\
\x31\x33\x35\x2e\x37\x31\x32\x20\x37\x36\x2e\x39\x36\x20\x31\x38\
\x38\x2e\x36\x30\x38\x20\x32\x38\x2e\x34\x34\x38\x20\x33\x30\x2e\
\x32\x37\x32\x20\x34\x32\x2e\x39\x37\x36\x20\x37\x37\x2e\x39\x38\
\x34\x20\x34\x37\x2e\x39\x30\x34\x20\x31\x34\x36\x2e\x35\x32\x38\
\x6c\x30\x2e\x31\x39\x32\x20\x33\x2e\x35\x32\x20\x39\x2e\x38\x32\
\x34\x2d\x32\x2e\x37\x38\x34\x61\x31\x38\x30\x34\x2e\x38\x20\x31\
\x38\x30\x34\x2e\x38\x20\x30\x20\x30\x20\x31\x20\x31\x30\x33\x2e\
\x39\x33\x36\x2d\x32\x37\x2e\x34\x32\x34\x6c\x31\x34\x2e\x33\x36\
\x38\x2d\x33\x2e\x31\x33\x36\x20\x30\x2e\x33\x32\x20\x38\x2e\x39\
\x36\x63\x31\x2e\x30\x35\x36\x20\x31\x39\x2e\x32\x20\x33\x2e\x37\
\x37\x36\x20\x33\x38\x2e\x30\x34\x38\x20\x37\x2e\x38\x37\x32\x20\
\x35\x36\x2e\x32\x35\x36\x2d\x34\x38\x2e\x30\x33\x32\x20\x31\x30\
\x2e\x33\x33\x36\x2d\x31\x31\x34\x2e\x31\x31\x32\x20\x32\x38\x2e\
\x38\x2d\x31\x39\x38\x2e\x31\x34\x34\x20\x35\x35\x2e\x34\x32\x34\
\x20\x32\x2e\x35\x32\x38\x2d\x31\x30\x32\x2e\x36\x38\x38\x2d\x38\
\x2e\x30\x33\x32\x2d\x31\x36\x36\x2e\x35\x36\x2d\x33\x31\x2e\x36\
\x31\x36\x2d\x31\x39\x31\x2e\x36\x31\x36\x43\x39\x39\x2e\x37\x37\
\x36\x20\x35\x39\x35\x2e\x37\x31\x32\x20\x36\x34\x20\x35\x31\x33\
\x2e\x39\x35\x32\x20\x36\x34\x20\x34\x32\x34\x2e\x34\x31\x36\x20\
\x36\x34\x20\x32\x32\x35\x2e\x33\x34\x34\x20\x32\x34\x30\x2e\x39\
\x32\x38\x20\x36\x34\x20\x34\x35\x39\x2e\x32\x20\x36\x34\x7a\x22\
\x20\x70\x2d\x69\x64\x3d\x22\x34\x33\x32\x35\x38\x22\x20\x66\x69\
\x6c\x6c\x3d\x22\x23\x33\x33\x33\x33\x33\x33\x22\x3e\x3c\x2f\x70\
\x61\x74\x68\x3e\x3c\x70\x61\x74\x68\x20\x64\x3d\x22\x4d\x37\x31\
\x36\x2e\x31\x32\x38\x20\x34\x34\x39\x2e\x37\x32\x38\x61\x34\x32\
\x2e\x30\x34\x38\x20\x34\x32\x2e\x30\x34\x38\x20\x30\x20\x30\x20\
\x31\x20\x32\x36\x2e\x37\x32\x20\x32\x33\x2e\x37\x31\x32\x6c\x31\
\x2e\x35\x36\x38\x20\x34\x2e\x33\x38\x34\x20\x34\x32\x2e\x31\x37\
\x36\x20\x31\x34\x34\x2e\x37\x33\x36\x20\x31\x34\x33\x2e\x34\x38\
\x38\x20\x34\x32\x2e\x31\x37\x36\x63\x31\x36\x2e\x35\x31\x32\x20\
\x34\x2e\x38\x20\x32\x38\x2e\x30\x33\x32\x20\x31\x38\x2e\x39\x31\
\x32\x20\x32\x39\x2e\x37\x32\x38\x20\x33\x35\x2e\x32\x6c\x30\x2e\
\x31\x39\x32\x20\x34\x2e\x31\x36\x63\x30\x20\x31\x37\x2e\x39\x38\
\x34\x2d\x31\x32\x20\x33\x34\x2e\x31\x31\x32\x2d\x32\x39\x2e\x38\
\x38\x38\x20\x33\x39\x2e\x33\x36\x6c\x2d\x31\x34\x33\x2e\x34\x38\
\x38\x20\x34\x32\x2e\x31\x34\x34\x2d\x34\x32\x2e\x31\x37\x36\x20\
\x31\x34\x34\x2e\x35\x34\x34\x63\x2d\x34\x2e\x36\x34\x20\x31\x36\
\x2e\x31\x32\x38\x2d\x31\x38\x2e\x39\x31\x32\x20\x32\x37\x2e\x38\
\x34\x2d\x33\x36\x2e\x30\x39\x36\x20\x32\x39\x2e\x36\x33\x32\x6c\
\x2d\x34\x2e\x32\x38\x38\x20\x30\x2e\x32\x32\x34\x61\x34\x31\x2e\
\x38\x32\x34\x20\x34\x31\x2e\x38\x32\x34\x20\x30\x20\x30\x20\x31\
\x2d\x34\x30\x2e\x33\x38\x34\x2d\x32\x39\x2e\x38\x35\x36\x6c\x2d\
\x34\x32\x2e\x31\x31\x32\x2d\x31\x34\x34\x2e\x35\x34\x34\x2d\x31\
\x34\x33\x2e\x36\x31\x36\x2d\x34\x32\x2e\x31\x34\x34\x61\x34\x31\
\x2e\x33\x31\x32\x20\x34\x31\x2e\x33\x31\x32\x20\x30\x20\x30\x20\
\x31\x2d\x32\x39\x2e\x37\x36\x2d\x33\x35\x2e\x32\x36\x34\x4c\x34\
\x34\x38\x20\x37\x30\x34\x2e\x30\x36\x34\x63\x30\x2d\x31\x38\x2e\
\x30\x31\x36\x20\x31\x32\x2e\x30\x33\x32\x2d\x33\x34\x2e\x31\x34\
\x34\x20\x32\x39\x2e\x39\x35\x32\x2d\x33\x39\x2e\x33\x36\x6c\x31\
\x34\x33\x2e\x36\x31\x36\x2d\x34\x32\x2e\x31\x34\x34\x20\x34\x32\
\x2e\x31\x31\x32\x2d\x31\x34\x34\x2e\x37\x30\x34\x61\x34\x30\x2e\
\x39\x36\x20\x34\x30\x2e\x39\x36\x20\x30\x20\x30\x20\x31\x20\x31\
\x35\x2e\x38\x30\x38\x2d\x32\x32\x2e\x30\x38\x6c\x33\x2e\x39\x36\
\x38\x2d\x32\x2e\x34\x39\x36\x63\x39\x2e\x39\x32\x2d\x35\x2e\x34\
\x34\x20\x32\x31\x2e\x37\x36\x2d\x36\x2e\x37\x35\x32\x20\x33\x32\
\x2e\x36\x34\x2d\x33\x2e\x35\x35\x32\x7a\x20\x6d\x2d\x31\x32\x2e\
\x30\x36\x34\x20\x31\x31\x38\x2e\x34\x6c\x2d\x32\x31\x2e\x30\x32\
\x34\x20\x37\x32\x2e\x33\x32\x2d\x39\x2e\x37\x39\x32\x20\x33\x33\
\x2e\x36\x36\x34\x2d\x33\x33\x2e\x36\x36\x34\x20\x39\x2e\x38\x38\
\x38\x2d\x36\x38\x2e\x35\x37\x36\x20\x32\x30\x2e\x30\x36\x34\x20\
\x36\x38\x2e\x35\x37\x36\x20\x32\x30\x2e\x31\x36\x20\x33\x33\x2e\
\x36\x33\x32\x20\x39\x2e\x38\x35\x36\x20\x39\x2e\x37\x39\x32\x20\
\x33\x33\x2e\x36\x33\x32\x20\x32\x31\x2e\x30\x35\x36\x20\x37\x32\
\x2e\x32\x32\x34\x20\x32\x31\x2e\x31\x32\x2d\x37\x32\x2e\x32\x35\
\x36\x20\x39\x2e\x37\x39\x32\x2d\x33\x33\x2e\x36\x20\x33\x33\x2e\
\x36\x2d\x39\x2e\x38\x35\x36\x20\x36\x38\x2e\x34\x31\x36\x2d\x32\
\x30\x2e\x31\x36\x2d\x36\x38\x2e\x34\x34\x38\x2d\x32\x30\x2e\x30\
\x39\x36\x2d\x33\x33\x2e\x36\x2d\x39\x2e\x38\x35\x36\x2d\x39\x2e\
\x38\x32\x34\x2d\x33\x33\x2e\x36\x33\x32\x2d\x32\x31\x2e\x30\x35\
\x36\x2d\x37\x32\x2e\x33\x35\x32\x7a\x22\x20\x70\x2d\x69\x64\x3d\
\x22\x34\x33\x32\x35\x39\x22\x20\x66\x69\x6c\x6c\x3d\x22\x23\x33\
\x33\x33\x33\x33\x33\x22\x3e\x3c\x2f\x70\x61\x74\x68\x3e\x3c\x2f\
\x73\x76\x67\x3e\
\x00\x00\x0d\x5f\
\x3c\
\x3f\x78\x6d\x6c\x20\x76\x65\x72\x73\x69\x6f\x6e\x3d\x22\x31\x2e\
\x30\x22\x20\x73\x74\x61\x6e\x64\x61\x6c\x6f\x6e\x65\x3d\x22\x6e\
\x6f\x22\x3f\x3e\x3c\x21\x44\x4f\x43\x54\x59\x50\x45\x20\x73\x76\
\x67\x20\x50\x55\x42\x4c\x49\x43\x20\x22\x2d\x2f\x2f\x57\x33\x43\
\x2f\x2f\x44\x54\x44\x20\x53\x56\x47\x20\x31\x2e\x31\x2f\x2f\x45\
\x4e\x22\x20\x22\x68\x74\x74\x70\x3a\x2f\x2f\x77\x77\x77\x2e\x77\
\x33\x2e\x6f\x72\x67\x2f\x47\x72\x61\x70\x68\x69\x63\x73\x2f\x53\
\x56\x47\x2f\x31\x2e\x31\x2f\x44\x54\x44\x2f\x73\x76\x67\x31\x31\
\x2e\x64\x74\x64\x22\x3e\x3c\x73\x76\x67\x20\x74\x3d\x22\x31\x37\
\x37\x32\x30\x34\x32\x31\x34\x34\x36\x32\x31\x22\x20\x63\x6c\x61\
\x73\x73\x3d\x22\x69\x63\x6f\x6e\x22\x20\x76\x69\x65\x77\x42\x6f\
\x78\x3d\x22\x30\x20\x30\x20\x31\x30\x32\x34\x20\x31\x30\x32\x34\
\x22\x20\x76\x65\x72\x73\x69\x6f\x6e\x3d\x22\x31\x2e\x31\x22\x20\
\x78\x6d\x6c\x6e\x73\x3d\x22\x68\x74\x74\x70\x3a\x2f\x2f\x77\x77\
\x77\x2e\x77\x33\x2e\x6f\x72\x67\x2f\x32\x30\x30\x30\x2f\x73\x76\
\x67\x22\x20\x70\x2d\x69\x64\x3d\x22\x36\x32\x36\x38\x22\x20\x78\
\x6d\x6c\x6e\x73\x3a\x78\x6c\x69\x6e\x6b\x3d\x22\x68\x74\x74\x70\
\x3a\x2f\x2f\x77\x77\x77\x2e\x77\x33\x2e\x6f\x72\x67\x2f\x31\x39\
\x39\x39\x2f\x78\x6c\x69\x6e\x6b\x22\x20\x77\x69\x64\x74\x68\x3d\
\x22\x32\x30\x30\x22\x20\x68\x65\x69\x67\x68\x74\x3d\x22\x32\x30\
\x30\x22\x3e\x3c\x70\x61\x74\x68\x20\x64\x3d\x22\x4d\x35\x35\x37\
\x2e\x34\x34\x20\x35\x37\x2e\x36\x63\x31\x33\x32\x2e\x37\x33\x36\
\x20\x30\x20\x32\x33\x39\x2e\x33\x36\x20\x34\x39\x2e\x36\x20\x33\
\x31\x36\x2e\x35\x34\x34\x20\x31\x34\x37\x2e\x37\x31\x32\x20\x33\
\x30\x2e\x37\x38\x34\x20\x33\x39\x2e\x30\x34\x20\x35\x34\x2e\x33\
\x33\x36\x20\x38\x33\x2e\x32\x36\x34\x20\x37\x30\x2e\x34\x36\x34\
\x20\x31\x33\x32\x2e\x33\x35\x32\x20\x31\x32\x2e\x31\x36\x20\x33\
\x36\x2e\x39\x32\x38\x20\x31\x39\x2e\x33\x32\x38\x20\x37\x33\x2e\
\x34\x37\x32\x20\x32\x31\x2e\x33\x31\x32\x20\x31\x30\x39\x2e\x35\
\x36\x38\x6c\x30\x2e\x36\x34\x20\x32\x31\x2e\x36\x33\x32\x68\x2d\
\x37\x36\x2e\x38\x63\x30\x2d\x33\x34\x2e\x37\x35\x32\x2d\x36\x2e\
\x30\x31\x36\x2d\x37\x30\x2e\x34\x2d\x31\x38\x2e\x31\x31\x32\x2d\
\x31\x30\x37\x2e\x31\x33\x36\x61\x33\x35\x32\x20\x33\x35\x32\x20\
\x30\x20\x30\x20\x30\x2d\x35\x37\x2e\x38\x35\x36\x2d\x31\x30\x38\
\x2e\x39\x32\x38\x63\x2d\x36\x32\x2e\x32\x37\x32\x2d\x37\x39\x2e\
\x32\x33\x32\x2d\x31\x34\x36\x2e\x35\x36\x2d\x31\x31\x38\x2e\x34\
\x2d\x32\x35\x36\x2e\x31\x32\x38\x2d\x31\x31\x38\x2e\x34\x2d\x31\
\x35\x31\x2e\x39\x33\x36\x20\x30\x2d\x32\x33\x39\x2e\x31\x30\x34\
\x20\x35\x39\x2e\x39\x30\x34\x2d\x32\x37\x31\x2e\x33\x36\x20\x31\
\x38\x34\x2e\x33\x32\x6c\x2d\x33\x2e\x32\x20\x31\x33\x2e\x36\x33\
\x32\x2d\x33\x2e\x38\x34\x20\x31\x37\x2e\x36\x36\x34\x2d\x32\x39\
\x2e\x31\x38\x34\x20\x31\x35\x2e\x30\x34\x2d\x33\x35\x2e\x34\x35\
\x36\x20\x31\x38\x2e\x38\x31\x36\x2d\x33\x37\x2e\x38\x32\x34\x20\
\x32\x31\x2e\x30\x35\x36\x2d\x31\x34\x2e\x35\x39\x32\x20\x38\x2e\
\x35\x37\x36\x2d\x31\x36\x2e\x31\x39\x32\x20\x31\x30\x2e\x31\x37\
\x36\x2d\x36\x2e\x37\x38\x34\x20\x34\x2e\x38\x61\x32\x31\x2e\x34\
\x34\x20\x32\x31\x2e\x34\x34\x20\x30\x20\x30\x20\x30\x2d\x33\x2e\
\x34\x35\x36\x20\x33\x2e\x31\x33\x36\x63\x2d\x31\x2e\x30\x38\x38\
\x20\x31\x2e\x32\x38\x2d\x31\x2e\x34\x30\x38\x20\x31\x2e\x34\x30\
\x38\x2d\x31\x2e\x31\x35\x32\x20\x32\x2e\x30\x34\x38\x6c\x30\x2e\
\x36\x34\x20\x31\x2e\x35\x33\x36\x61\x31\x31\x2e\x37\x31\x32\x20\
\x31\x31\x2e\x37\x31\x32\x20\x30\x20\x30\x20\x30\x20\x33\x2e\x37\
\x31\x32\x20\x34\x2e\x30\x39\x36\x6c\x37\x2e\x33\x36\x20\x34\x2e\
\x39\x32\x38\x20\x38\x2e\x38\x39\x36\x20\x35\x2e\x31\x32\x63\x31\
\x33\x2e\x38\x32\x34\x20\x37\x2e\x36\x38\x20\x32\x33\x2e\x37\x34\
\x34\x20\x31\x34\x2e\x30\x31\x36\x20\x33\x31\x2e\x31\x30\x34\x20\
\x32\x30\x2e\x32\x38\x38\x6c\x34\x2e\x39\x39\x32\x20\x34\x2e\x37\
\x33\x36\x20\x31\x37\x2e\x32\x31\x36\x20\x31\x38\x2e\x30\x34\x38\
\x2d\x31\x31\x2e\x35\x38\x34\x20\x32\x38\x2e\x30\x33\x32\x2d\x39\
\x2e\x35\x33\x36\x20\x32\x30\x2e\x37\x33\x36\x2d\x34\x2e\x32\x32\
\x34\x20\x38\x2e\x39\x36\x63\x2d\x34\x2e\x30\x39\x36\x20\x38\x2e\
\x35\x37\x36\x2d\x37\x2e\x38\x30\x38\x20\x31\x36\x2e\x35\x37\x36\
\x2d\x31\x31\x2e\x32\x20\x32\x34\x2e\x30\x36\x34\x6c\x2d\x38\x2e\
\x39\x36\x20\x32\x30\x2e\x37\x33\x36\x2d\x36\x2e\x36\x35\x36\x20\
\x31\x37\x2e\x34\x37\x32\x61\x31\x39\x32\x2e\x37\x36\x38\x20\x31\
\x39\x32\x2e\x37\x36\x38\x20\x30\x20\x30\x20\x30\x2d\x34\x2e\x34\
\x31\x36\x20\x31\x34\x2e\x30\x31\x36\x63\x2d\x38\x2e\x30\x36\x34\
\x20\x33\x30\x2e\x32\x30\x38\x2d\x35\x2e\x36\x39\x36\x20\x35\x31\
\x2e\x35\x32\x20\x35\x2e\x32\x34\x38\x20\x36\x36\x2e\x38\x31\x36\
\x20\x37\x2e\x33\x36\x20\x31\x30\x2e\x33\x36\x38\x20\x31\x38\x2e\
\x35\x36\x20\x31\x37\x2e\x39\x38\x34\x20\x33\x34\x2e\x38\x31\x36\
\x20\x32\x33\x2e\x31\x36\x38\x20\x33\x2e\x30\x30\x38\x20\x30\x2e\
\x39\x36\x20\x36\x2e\x38\x34\x38\x20\x31\x2e\x39\x32\x20\x31\x31\
\x2e\x33\x39\x32\x20\x32\x2e\x39\x34\x34\x6c\x31\x36\x20\x33\x2e\
\x30\x30\x38\x20\x32\x30\x2e\x35\x34\x34\x20\x33\x2e\x30\x30\x38\
\x63\x34\x34\x2e\x36\x30\x38\x20\x35\x2e\x38\x32\x34\x20\x37\x35\
\x2e\x35\x32\x20\x31\x35\x2e\x30\x34\x20\x39\x35\x2e\x31\x36\x38\
\x20\x33\x30\x2e\x37\x32\x20\x33\x37\x2e\x38\x38\x38\x20\x33\x30\
\x2e\x30\x38\x20\x36\x35\x2e\x36\x20\x37\x35\x2e\x36\x34\x38\x20\
\x38\x33\x2e\x33\x39\x32\x20\x31\x33\x33\x2e\x38\x32\x34\x6c\x2d\
\x30\x2e\x32\x35\x36\x2d\x30\x2e\x32\x35\x36\x20\x32\x32\x2e\x30\
\x38\x20\x37\x33\x2e\x34\x30\x38\x63\x2d\x33\x38\x2e\x39\x31\x32\
\x20\x31\x31\x2e\x39\x30\x34\x2d\x38\x30\x2e\x32\x35\x36\x2d\x38\
\x2e\x38\x33\x32\x2d\x39\x34\x2e\x36\x35\x36\x2d\x34\x38\x2e\x38\
\x39\x36\x2d\x31\x34\x2e\x30\x38\x2d\x34\x36\x2e\x30\x38\x2d\x33\
\x33\x2e\x38\x35\x36\x2d\x37\x38\x2e\x34\x36\x34\x2d\x35\x38\x2e\
\x33\x36\x38\x2d\x39\x37\x2e\x39\x38\x34\x2d\x35\x2e\x31\x32\x2d\
\x34\x2e\x30\x39\x36\x2d\x32\x31\x2e\x33\x37\x36\x2d\x39\x2e\x32\
\x31\x36\x2d\x34\x37\x2e\x31\x36\x38\x2d\x31\x33\x2e\x31\x38\x34\
\x6c\x2d\x31\x30\x2e\x31\x31\x32\x2d\x31\x2e\x34\x37\x32\x63\x2d\
\x32\x36\x2e\x38\x38\x2d\x33\x2e\x35\x32\x2d\x34\x37\x2e\x31\x30\
\x34\x2d\x37\x2e\x33\x36\x2d\x36\x31\x2e\x33\x31\x32\x2d\x31\x31\
\x2e\x39\x36\x38\x2d\x33\x31\x2e\x33\x36\x2d\x39\x2e\x39\x32\x2d\
\x35\x36\x2e\x34\x34\x38\x2d\x32\x37\x2e\x31\x33\x36\x2d\x37\x33\
\x2e\x39\x38\x34\x2d\x35\x31\x2e\x35\x38\x34\x2d\x32\x35\x2e\x36\
\x2d\x33\x35\x2e\x38\x34\x2d\x33\x30\x2e\x35\x39\x32\x2d\x38\x30\
\x2e\x36\x34\x2d\x31\x36\x2e\x39\x36\x2d\x31\x33\x31\x2e\x34\x35\
\x36\x20\x32\x2e\x39\x34\x34\x2d\x31\x30\x2e\x39\x34\x34\x20\x37\
\x2e\x34\x32\x34\x2d\x32\x33\x2e\x38\x30\x38\x20\x31\x33\x2e\x34\
\x34\x2d\x33\x38\x2e\x37\x32\x6c\x31\x30\x2e\x31\x37\x36\x2d\x32\
\x33\x2e\x38\x37\x32\x20\x31\x33\x2e\x35\x36\x38\x2d\x32\x39\x2e\
\x32\x34\x38\x2d\x35\x2e\x36\x33\x32\x2d\x33\x2e\x31\x33\x36\x2d\
\x39\x2e\x34\x37\x32\x2d\x35\x2e\x38\x38\x38\x61\x31\x34\x33\x2e\
\x36\x38\x20\x31\x34\x33\x2e\x36\x38\x20\x30\x20\x30\x20\x31\x2d\
\x34\x2e\x30\x33\x32\x2d\x32\x2e\x37\x35\x32\x6c\x2d\x35\x2e\x31\
\x38\x34\x2d\x33\x2e\x38\x34\x61\x38\x37\x2e\x32\x33\x32\x20\x38\
\x37\x2e\x32\x33\x32\x20\x30\x20\x30\x20\x31\x2d\x32\x35\x2e\x38\
\x35\x36\x2d\x33\x33\x2e\x34\x37\x32\x20\x37\x37\x2e\x34\x34\x20\
\x37\x37\x2e\x34\x34\x20\x30\x20\x30\x20\x31\x20\x32\x31\x2e\x36\
\x33\x32\x2d\x39\x32\x2e\x35\x34\x34\x6c\x31\x30\x2e\x38\x38\x2d\
\x38\x2e\x35\x31\x32\x63\x34\x2e\x30\x39\x36\x2d\x33\x2e\x30\x30\
\x38\x20\x38\x2e\x37\x30\x34\x2d\x36\x2e\x31\x34\x34\x20\x31\x33\
\x2e\x38\x32\x34\x2d\x39\x2e\x34\x37\x32\x6c\x31\x36\x2e\x38\x33\
\x32\x2d\x31\x30\x2e\x35\x36\x20\x31\x39\x2e\x39\x36\x38\x2d\x31\
\x31\x2e\x36\x34\x38\x20\x32\x33\x2e\x32\x39\x36\x2d\x31\x32\x2e\
\x39\x32\x38\x20\x34\x31\x2e\x31\x35\x32\x2d\x32\x31\x2e\x39\x35\
\x32\x20\x33\x2e\x36\x34\x38\x2d\x31\x33\x2e\x30\x35\x36\x43\x32\
\x35\x39\x2e\x30\x37\x32\x20\x31\x33\x39\x2e\x37\x37\x36\x20\x33\
\x36\x39\x2e\x37\x32\x38\x20\x36\x32\x2e\x38\x34\x38\x20\x35\x33\
\x39\x2e\x37\x31\x32\x20\x35\x37\x2e\x38\x35\x36\x4c\x35\x35\x37\
\x2e\x34\x34\x20\x35\x37\x2e\x36\x7a\x4d\x37\x33\x36\x20\x35\x31\
\x32\x61\x32\x32\x34\x20\x32\x32\x34\x20\x30\x20\x31\x20\x31\x20\
\x30\x20\x34\x34\x38\x20\x32\x32\x34\x20\x32\x32\x34\x20\x30\x20\
\x30\x20\x31\x20\x30\x2d\x34\x34\x38\x7a\x20\x6d\x30\x20\x37\x36\
\x2e\x38\x61\x31\x34\x37\x2e\x32\x20\x31\x34\x37\x2e\x32\x20\x30\
\x20\x31\x20\x30\x20\x30\x20\x32\x39\x34\x2e\x34\x20\x31\x34\x37\
\x2e\x32\x20\x31\x34\x37\x2e\x32\x20\x30\x20\x30\x20\x30\x20\x30\
\x2d\x32\x39\x34\x2e\x34\x7a\x20\x6d\x33\x38\x2e\x34\x20\x34\x36\
\x2e\x39\x37\x36\x76\x38\x34\x2e\x36\x37\x32\x6c\x36\x34\x20\x36\
\x34\x2d\x35\x34\x2e\x34\x20\x35\x34\x2e\x32\x37\x32\x2d\x38\x36\
\x2e\x34\x2d\x38\x36\x2e\x34\x56\x36\x33\x35\x2e\x37\x31\x32\x68\
\x37\x36\x2e\x38\x7a\x4d\x35\x32\x35\x2e\x38\x32\x34\x20\x32\x31\
\x38\x2e\x30\x34\x38\x63\x32\x30\x2e\x37\x33\x36\x2d\x31\x2e\x34\
\x37\x32\x20\x33\x39\x2e\x32\x39\x36\x20\x30\x2e\x35\x31\x32\x20\
\x35\x35\x2e\x35\x35\x32\x20\x36\x2e\x34\x6c\x37\x2e\x34\x32\x34\
\x20\x33\x2e\x31\x33\x36\x20\x38\x2e\x36\x34\x20\x30\x2e\x32\x35\
\x36\x63\x31\x31\x2e\x32\x20\x30\x2e\x35\x31\x32\x20\x32\x31\x2e\
\x37\x36\x20\x31\x2e\x36\x20\x33\x31\x2e\x39\x33\x36\x20\x33\x2e\
\x32\x6c\x31\x34\x2e\x37\x32\x20\x32\x2e\x38\x38\x63\x31\x37\x2e\
\x39\x38\x34\x20\x34\x2e\x30\x33\x32\x20\x33\x33\x2e\x30\x38\x38\
\x20\x39\x2e\x38\x35\x36\x20\x34\x34\x2e\x38\x20\x31\x38\x2e\x32\
\x34\x6c\x35\x2e\x35\x36\x38\x20\x34\x2e\x34\x31\x36\x20\x34\x2e\
\x39\x32\x38\x20\x30\x2e\x33\x32\x63\x32\x36\x2e\x33\x30\x34\x20\
\x32\x2e\x36\x38\x38\x20\x34\x39\x2e\x30\x32\x34\x20\x31\x36\x2e\
\x30\x36\x34\x20\x36\x36\x2e\x38\x31\x36\x20\x33\x38\x2e\x33\x33\
\x36\x6c\x36\x2e\x34\x36\x34\x20\x38\x2e\x37\x30\x34\x63\x31\x37\
\x2e\x34\x37\x32\x20\x32\x35\x2e\x37\x39\x32\x20\x32\x34\x2e\x31\
\x32\x38\x20\x35\x34\x2e\x35\x32\x38\x20\x31\x39\x2e\x32\x20\x38\
\x34\x2e\x31\x36\x2d\x35\x2e\x38\x38\x38\x20\x33\x35\x2e\x33\x39\
\x32\x2d\x33\x30\x2e\x34\x20\x35\x39\x2e\x38\x34\x2d\x36\x37\x2e\
\x32\x20\x37\x30\x2e\x36\x35\x36\x61\x31\x34\x38\x2e\x34\x38\x20\
\x31\x34\x38\x2e\x34\x38\x20\x30\x20\x30\x20\x31\x2d\x33\x36\x2e\
\x34\x38\x20\x35\x2e\x36\x33\x32\x68\x2d\x31\x32\x2e\x33\x35\x32\
\x6c\x2d\x33\x2e\x33\x32\x38\x20\x32\x2e\x31\x37\x36\x63\x2d\x31\
\x36\x2e\x31\x32\x38\x20\x39\x2e\x33\x34\x34\x2d\x33\x35\x2e\x38\
\x34\x20\x31\x35\x2e\x31\x36\x38\x2d\x35\x38\x2e\x38\x38\x20\x31\
\x38\x2e\x30\x34\x38\x6c\x2d\x31\x34\x2e\x32\x37\x32\x20\x31\x2e\
\x33\x34\x34\x63\x2d\x34\x32\x2e\x31\x31\x32\x20\x32\x2e\x39\x34\
\x34\x2d\x37\x35\x2e\x39\x36\x38\x2d\x39\x2e\x33\x34\x34\x2d\x39\
\x36\x2d\x33\x39\x2e\x33\x36\x61\x37\x36\x2e\x38\x20\x37\x36\x2e\
\x38\x20\x30\x20\x30\x20\x31\x2d\x38\x2e\x30\x36\x34\x2d\x31\x35\
\x2e\x36\x38\x6c\x2d\x30\x2e\x36\x34\x2d\x31\x2e\x39\x38\x34\x2d\
\x31\x33\x2e\x37\x36\x2d\x33\x2e\x37\x31\x32\x61\x31\x37\x38\x2e\
\x38\x38\x20\x31\x37\x38\x2e\x38\x38\x20\x30\x20\x30\x20\x31\x2d\
\x33\x33\x2e\x37\x39\x32\x2d\x31\x34\x2e\x30\x31\x36\x6c\x2d\x39\
\x2e\x35\x33\x36\x2d\x35\x2e\x37\x36\x63\x2d\x34\x30\x2e\x35\x31\
\x32\x2d\x32\x36\x2e\x38\x38\x2d\x35\x30\x2e\x35\x36\x2d\x37\x31\
\x2e\x31\x36\x38\x2d\x33\x31\x2e\x33\x36\x2d\x31\x32\x31\x2e\x37\
\x32\x38\x6c\x30\x2e\x37\x30\x34\x2d\x31\x2e\x36\x63\x31\x36\x2e\
\x30\x36\x34\x2d\x33\x36\x2e\x32\x32\x34\x20\x35\x33\x2e\x31\x32\
\x2d\x35\x35\x2e\x38\x30\x38\x20\x31\x30\x36\x2e\x32\x34\x2d\x36\
\x32\x2e\x37\x32\x7a\x20\x6d\x33\x32\x2e\x34\x34\x38\x20\x38\x30\
\x2e\x31\x32\x38\x63\x2d\x35\x2e\x33\x37\x36\x2d\x33\x2e\x34\x35\
\x36\x2d\x31\x36\x2e\x38\x39\x36\x2d\x35\x2e\x30\x35\x36\x2d\x33\
\x35\x2e\x31\x33\x36\x2d\x32\x2e\x36\x38\x38\x2d\x32\x39\x2e\x33\
\x37\x36\x20\x33\x2e\x38\x34\x2d\x34\x33\x2e\x30\x37\x32\x20\x31\
\x31\x2e\x31\x33\x36\x2d\x34\x35\x2e\x36\x33\x32\x20\x31\x36\x2e\
\x38\x33\x32\x6c\x2d\x32\x2e\x31\x31\x32\x20\x36\x2e\x30\x31\x36\
\x63\x2d\x34\x2e\x32\x38\x38\x20\x31\x33\x2e\x34\x34\x2d\x32\x2e\
\x33\x36\x38\x20\x31\x38\x2e\x34\x33\x32\x20\x34\x2e\x36\x37\x32\
\x20\x32\x33\x2e\x31\x36\x38\x20\x31\x30\x2e\x37\x35\x32\x20\x37\
\x2e\x31\x30\x34\x20\x32\x38\x2e\x38\x36\x34\x20\x31\x33\x2e\x31\
\x32\x20\x35\x34\x2e\x32\x30\x38\x20\x31\x37\x2e\x30\x38\x38\x6c\
\x33\x33\x2e\x39\x32\x20\x35\x2e\x33\x31\x32\x2d\x31\x2e\x34\x37\
\x32\x20\x33\x34\x2e\x33\x30\x34\x63\x2d\x30\x2e\x31\x32\x38\x20\
\x33\x2e\x38\x34\x20\x30\x2e\x31\x39\x32\x20\x35\x2e\x33\x37\x36\
\x20\x30\x2e\x34\x34\x38\x20\x35\x2e\x37\x36\x20\x32\x2e\x37\x35\
\x32\x20\x34\x2e\x30\x33\x32\x20\x39\x2e\x37\x39\x32\x20\x36\x2e\
\x35\x39\x32\x20\x32\x36\x2e\x38\x38\x20\x35\x2e\x33\x37\x36\x20\
\x32\x33\x2e\x32\x39\x36\x2d\x31\x2e\x36\x20\x33\x37\x2e\x38\x38\
\x38\x2d\x36\x2e\x34\x20\x34\x34\x2e\x33\x35\x32\x2d\x31\x32\x2e\
\x33\x35\x32\x6c\x31\x32\x2e\x35\x34\x34\x2d\x31\x31\x2e\x33\x39\
\x32\x20\x31\x36\x2e\x38\x33\x32\x20\x31\x2e\x34\x37\x32\x63\x31\
\x34\x2e\x37\x32\x20\x31\x2e\x33\x34\x34\x20\x32\x36\x2e\x34\x39\
\x36\x20\x30\x2e\x35\x31\x32\x20\x33\x35\x2e\x32\x2d\x32\x2e\x30\
\x34\x38\x20\x31\x30\x2e\x31\x37\x36\x2d\x32\x2e\x39\x34\x34\x20\
\x31\x32\x2e\x33\x35\x32\x2d\x35\x2e\x31\x32\x20\x31\x33\x2e\x31\
\x32\x2d\x39\x2e\x35\x33\x36\x61\x33\x37\x2e\x31\x32\x20\x33\x37\
\x2e\x31\x32\x20\x30\x20\x30\x20\x30\x2d\x37\x2e\x30\x34\x2d\x32\
\x38\x2e\x34\x38\x63\x2d\x37\x2e\x30\x34\x2d\x31\x30\x2e\x34\x33\
\x32\x2d\x31\x32\x2e\x38\x2d\x31\x33\x2e\x38\x32\x34\x2d\x31\x39\
\x2e\x37\x31\x32\x2d\x31\x33\x2e\x38\x32\x34\x2d\x36\x2e\x34\x36\
\x34\x20\x30\x2d\x31\x32\x2e\x33\x35\x32\x2d\x30\x2e\x32\x35\x36\
\x2d\x31\x37\x2e\x36\x2d\x30\x2e\x38\x33\x32\x6c\x2d\x32\x31\x2e\
\x31\x38\x34\x2d\x32\x2e\x33\x36\x38\x2d\x39\x2e\x32\x31\x36\x2d\
\x31\x39\x2e\x32\x20\x30\x2e\x32\x35\x36\x20\x30\x2e\x38\x39\x36\
\x63\x30\x20\x30\x2e\x34\x34\x38\x2d\x30\x2e\x35\x37\x36\x20\x30\
\x2e\x35\x31\x32\x2d\x31\x2e\x36\x20\x30\x2e\x33\x38\x34\x4c\x36\
\x32\x37\x2e\x32\x20\x33\x30\x38\x2e\x38\x61\x32\x31\x33\x2e\x33\
\x37\x36\x20\x32\x31\x33\x2e\x33\x37\x36\x20\x30\x20\x30\x20\x30\
\x2d\x34\x36\x2e\x37\x32\x2d\x34\x2e\x36\x30\x38\x48\x35\x36\x37\
\x2e\x36\x38\x7a\x22\x20\x70\x2d\x69\x64\x3d\x22\x36\x32\x36\x39\
\x22\x20\x66\x69\x6c\x6c\x3d\x22\x23\x33\x33\x33\x33\x33\x33\x22\
\x3e\x3c\x2f\x70\x61\x74\x68\x3e\x3c\x2f\x73\x76\x67\x3e\
\x00\x00\x03\x1e\
\x3c\
\x3f\x78\x6d\x6c\x20\x76\x65\x72\x73\x69\x6f\x6e\x3d\x22\x31\x2e\
\x30\x22\x20\x73\x74\x61\x6e\x64\x61\x6c\x6f\x6e\x65\x3d\x22\x6e\
\x6f\x22\x3f\x3e\x3c\x21\x44\x4f\x43\x54\x59\x50\x45\x20\x73\x76\
\x67\x20\x50\x55\x42\x4c\x49\x43\x20\x22\x2d\x2f\x2f\x57\x33\x43\
\x2f\x2f\x44\x54\x44\x20\x53\x56\x47\x20\x31\x2e\x31\x2f\x2f\x45\
\x4e\x22\x20\x22\x68\x74\x74\x70\x3a\x2f\x2f\x77\x77\x77\x2e\x77\
\x33\x2e\x6f\x72\x67\x2f\x47\x72\x61\x70\x68\x69\x63\x73\x2f\x53\
\x56\x47\x2f\x31\x2e\x31\x2f\x44\x54\x44\x2f\x73\x76\x67\x31\x31\
\x2e\x64\x74\x64\x22\x3e\x3c\x73\x76\x67\x20\x74\x3d\x22\x31\x37\
\x36\x34\x38\x31\x36\x30\x36\x38\x37\x39\x30\x22\x20\x63\x6c\x61\
\x73\x73\x3d\x22\x69\x63\x6f\x6e\x22\x20\x76\x69\x65\x77\x42\x6f\
\x78\x3d\x22\x30\x20\x30\x20\x31\x30\x32\x34\x20\x31\x30\x32\x34\
\x22\x20\x76\x65\x72\x73\x69\x6f\x6e\x3d\x22\x31\x2e\x31\x22\x20\
\x78\x6d\x6c\x6e\x73\x3d\x22\x68\x74\x74\x70\x3a\x2f\x2f\x77\x77\
\x77\x2e\x77\x33\x2e\x6f\x72\x67\x2f\x32\x30\x30\x30\x2f\x73\x76\
\x67\x22\x20\x70\x2d\x69\x64\x3d\x22\x31\x31\x33\x34\x32\x22\x20\
\x78\x6d\x6c\x6e\x73\x3a\x78\x6c\x69\x6e\x6b\x3d\x22\x68\x74\x74\
\x70\x3a\x2f\x2f\x77\x77\x77\x2e\x77\x33\x2e\x6f\x72\x67\x2f\x31\
\x39\x39\x39\x2f\x78\x6c\x69\x6e\x6b\x22\x20\x77\x69\x64\x74\x68\
\x3d\x22\x32\x30\x30\x22\x20\x68\x65\x69\x67\x68\x74\x3d\x22\x32\
\x30\x30\x22\x3e\x3c\x70\x61\x74\x68\x20\x64\x3d\x22\x4d\x38\x33\
\x32\x20\x31\x32\x38\x20\x31\x39\x32\x20\x31\x32\x38\x43\x31\x35\
\x33\x2e\x36\x20\x31\x32\x38\x20\x31\x32\x38\x20\x31\x35\x33\x2e\
\x36\x20\x31\x32\x38\x20\x31\x39\x32\x6c\x30\x20\x36\x34\x30\x63\
\x30\x20\x33\x38\x2e\x34\x20\x32\x35\x2e\x36\x20\x36\x34\x20\x36\
\x34\x20\x36\x34\x6c\x36\x34\x30\x20\x30\x63\x33\x38\x2e\x34\x20\
\x30\x20\x36\x34\x2d\x32\x35\x2e\x36\x20\x36\x34\x2d\x36\x34\x4c\
\x38\x39\x36\x20\x31\x39\x32\x43\x38\x39\x36\x20\x31\x35\x33\x2e\
\x36\x20\x38\x37\x30\x2e\x34\x20\x31\x32\x38\x20\x38\x33\x32\x20\
\x31\x32\x38\x7a\x4d\x38\x33\x32\x20\x37\x36\x38\x63\x30\x20\x33\
\x38\x2e\x34\x2d\x32\x35\x2e\x36\x20\x36\x34\x2d\x36\x34\x20\x36\
\x34\x4c\x32\x35\x36\x20\x38\x33\x32\x63\x2d\x33\x38\x2e\x34\x20\
\x30\x2d\x36\x34\x2d\x32\x35\x2e\x36\x2d\x36\x34\x2d\x36\x34\x4c\
\x31\x39\x32\x20\x32\x35\x36\x63\x30\x2d\x33\x38\x2e\x34\x20\x32\
\x35\x2e\x36\x2d\x36\x34\x20\x36\x34\x2d\x36\x34\x6c\x35\x31\x32\
\x20\x30\x63\x33\x38\x2e\x34\x20\x30\x20\x36\x34\x20\x32\x35\x2e\
\x36\x20\x36\x34\x20\x36\x34\x4c\x38\x33\x32\x20\x37\x36\x38\x7a\
\x22\x20\x70\x2d\x69\x64\x3d\x22\x31\x31\x33\x34\x33\x22\x20\x66\
\x69\x6c\x6c\x3d\x22\x23\x33\x33\x33\x33\x33\x33\x22\x3e\x3c\x2f\
\x70\x61\x74\x68\x3e\x3c\x70\x61\x74\x68\x20\x64\x3d\x22\x4d\x32\
\x35\x36\x20\x34\x34\x31\x2e\x36\x6c\x35\x31\x32\x20\x30\x20\x30\
\x20\x31\x32\x38\x2d\x35\x31\x32\x20\x30\x20\x30\x2d\x31\x32\x38\
\x5a\x22\x20\x70\x2d\x69\x64\x3d\x22\x31\x31\x33\x34\x34\x22\x20\
\x66\x69\x6c\x6c\x3d\x22\x23\x33\x33\x33\x33\x33\x33\x22\x3e\x3c\
\x2f\x70\x61\x74\x68\x3e\x3c\x70\x61\x74\x68\x20\x64\x3d\x22\x4d\
\x34\x34\x38\x20\x32\x34\x39\x2e\x36\x6c\x31\x32\x38\x20\x30\x20\
\x30\x20\x35\x31\x32\x2d\x31\x32\x38\x20\x30\x20\x30\x2d\x35\x31\
\x32\x5a\x22\x20\x70\x2d\x69\x64\x3d\x22\x31\x31\x33\x34\x35\x22\
\x20\x66\x69\x6c\x6c\x3d\x22\x23\x33\x33\x33\x33\x33\x33\x22\x3e\
\x3c\x2f\x70\x61\x74\x68\x3e\x3c\x2f\x73\x76\x67\x3e\
\x00\x00\x06\x24\
\x3c\
\x3f\x78\x6d\x6c\x20\x76\x65\x72\x73\x69\x6f\x6e\x3d\x22\x31\x2e\
\x30\x22\x20\x73\x74\x61\x6e\x64\x61\x6c\x6f\x6e\x65\x3d\x22\x6e\
\x6f\x22\x3f\x3e\x3c\x21\x44\x4f\x43\x54\x59\x50\x45\x20\x73\x76\
\x67\x20\x50\x55\x42\x4c\x49\x43\x20\x22\x2d\x2f\x2f\x57\x33\x43\
\x2f\x2f\x44\x54\x44\x20\x53\x56\x47\x20\x31\x2e\x31\x2f\x2f\x45\
\x4e\x22\x20\x22\x68\x74\x74\x70\x3a\x2f\x2f\x77\x77\x77\x2e\x77\
\x33\x2e\x6f\x72\x67\x2f\x47\x72\x61\x70\x68\x69\x63\x73\x2f\x53\
\x56\x47\x2f\x31\x2e\x31\x2f\x44\x54\x44\x2f\x73\x76\x67\x31\x31\
\x2e\x64\x74\x64\x22\x3e\x3c\x73\x76\x67\x20\x74\x3d\x22\x31\x37\
\x38\x34\x36\x34\x30\x31\x32\x30\x30\x36\x36\x22\x20\x63\x6c\x61\
\x73\x73\x3d\x22\x69\x63\x6f\x6e\x22\x20\x76\x69\x65\x77\x42\x6f\
\x78\x3d\x22\x30\x20\x30\x20\x31\x30\x32\x34\x20\x31\x30\x32\x34\
\x22\x20\x76\x65\x72\x73\x69\x6f\x6e\x3d\x22\x31\x2e\x31\x22\x20\
\x78\x6d\x6c\x6e\x73\x3d\x22\x68\x74\x74\x70\x3a\x2f\x2f\x77\x77\
\x77\x2e\x77\x33\x2e\x6f\x72\x67\x2f\x32\x30\x30\x30\x2f\x73\x76\
\x67\x22\x20\x70\x2d\x69\x64\x3d\x22\x31\x38\x35\x38\x35\x22\x20\
\x78\x6d\x6c\x6e\x73\x3a\x78\x6c\x69\x6e\x6b\x3d\x22\x68\x74\x74\
\x70\x3a\x2f\x2f\x77\x77\x77\x2e\x77\x33\x2e\x6f\x72\x67\x2f\x31\
\x39\x39\x39\x2f\x78\x6c\x69\x6e\x6b\x22\x20\x77\x69\x64\x74\x68\
\x3d\x22\x32\x30\x30\x22\x20\x68\x65\x69\x67\x68\x74\x3d\x22\x32\
\x30\x30\x22\x3e\x3c\x70\x61\x74\x68\x20\x64\x3d\x22\x4d\x35\x34\
\x39\x2e\x32\x31\x32\x31\x33\x37\x20\x31\x38\x32\x2e\x30\x33\x33\
\x35\x32\x37\x61\x31\x32\x30\x2e\x35\x39\x31\x34\x34\x32\x20\x31\
\x32\x30\x2e\x35\x39\x31\x34\x34\x32\x20\x30\x20\x30\x20\x30\x2d\
\x33\x32\x2e\x35\x31\x35\x30\x32\x36\x2d\x38\x32\x2e\x35\x38\x32\
\x38\x30\x37\x20\x31\x30\x35\x2e\x37\x30\x33\x36\x31\x20\x31\x30\
\x35\x2e\x37\x30\x33\x36\x31\x20\x30\x20\x30\x20\x30\x2d\x38\x36\
\x2e\x35\x34\x32\x39\x37\x2d\x32\x37\x2e\x30\x35\x31\x31\x39\x31\
\x20\x34\x34\x2e\x37\x38\x32\x36\x20\x34\x34\x2e\x37\x38\x32\x36\
\x20\x30\x20\x30\x20\x31\x2d\x33\x35\x2e\x35\x33\x37\x32\x35\x36\
\x2d\x36\x2e\x39\x38\x32\x33\x39\x33\x20\x33\x37\x2e\x30\x32\x36\
\x30\x33\x39\x20\x33\x37\x2e\x30\x32\x36\x30\x33\x39\x20\x30\x20\
\x30\x20\x31\x2d\x32\x2e\x37\x39\x38\x39\x31\x32\x2d\x32\x37\x2e\
\x36\x30\x32\x30\x34\x32\x20\x32\x39\x2e\x37\x37\x35\x36\x36\x35\
\x20\x32\x39\x2e\x37\x37\x35\x36\x36\x35\x20\x30\x20\x30\x20\x30\
\x2d\x35\x37\x2e\x33\x39\x32\x35\x39\x34\x2d\x31\x35\x2e\x39\x34\
\x34\x38\x36\x38\x20\x39\x35\x2e\x36\x33\x39\x34\x33\x35\x20\x39\
\x35\x2e\x36\x33\x39\x34\x33\x35\x20\x30\x20\x30\x20\x30\x20\x31\
\x34\x2e\x31\x34\x33\x34\x34\x31\x20\x38\x31\x2e\x34\x33\x36\x34\
\x34\x33\x63\x31\x38\x2e\x32\x30\x37\x38\x31\x39\x20\x32\x32\x2e\
\x31\x39\x37\x37\x35\x38\x20\x34\x37\x2e\x32\x38\x33\x37\x35\x36\
\x20\x33\x31\x2e\x38\x33\x30\x31\x38\x36\x20\x38\x36\x2e\x33\x34\
\x39\x34\x32\x38\x20\x32\x38\x2e\x36\x35\x39\x30\x37\x37\x61\x34\
\x39\x2e\x39\x31\x38\x39\x30\x32\x20\x34\x39\x2e\x39\x31\x38\x39\
\x30\x32\x20\x30\x20\x30\x20\x31\x20\x34\x30\x2e\x30\x31\x38\x34\
\x39\x33\x20\x31\x30\x2e\x31\x32\x33\x37\x32\x36\x20\x35\x39\x2e\
\x39\x36\x38\x31\x38\x39\x20\x35\x39\x2e\x39\x36\x38\x31\x38\x39\
\x20\x30\x20\x30\x20\x31\x20\x31\x34\x2e\x35\x31\x35\x36\x33\x37\
\x20\x33\x37\x2e\x36\x32\x31\x35\x35\x33\x63\x2d\x32\x2e\x30\x35\
\x34\x35\x32\x31\x20\x30\x2e\x30\x38\x39\x33\x32\x37\x2d\x34\x2e\
\x33\x36\x32\x31\x33\x35\x20\x30\x2e\x31\x37\x38\x36\x35\x34\x2d\
\x37\x2e\x33\x30\x39\x39\x32\x36\x20\x30\x2e\x32\x36\x37\x39\x38\
\x31\x76\x30\x2e\x31\x36\x33\x37\x36\x36\x63\x2d\x31\x34\x38\x2e\
\x38\x37\x38\x33\x32\x34\x20\x31\x30\x2e\x39\x31\x32\x37\x38\x31\
\x2d\x32\x36\x37\x2e\x39\x38\x30\x39\x38\x33\x20\x31\x33\x39\x2e\
\x39\x34\x35\x36\x32\x35\x2d\x32\x36\x37\x2e\x39\x38\x30\x39\x38\
\x33\x20\x32\x39\x37\x2e\x36\x36\x37\x33\x32\x31\x76\x32\x34\x37\
\x2e\x32\x38\x36\x38\x39\x36\x61\x32\x39\x37\x2e\x37\x35\x36\x36\
\x34\x38\x20\x32\x39\x37\x2e\x37\x35\x36\x36\x34\x38\x20\x30\x20\
\x31\x20\x30\x20\x35\x39\x35\x2e\x35\x31\x33\x32\x39\x36\x20\x30\
\x76\x2d\x32\x34\x37\x2e\x32\x38\x36\x38\x39\x36\x61\x32\x39\x39\
\x2e\x39\x34\x35\x31\x35\x39\x20\x32\x39\x39\x2e\x39\x34\x35\x31\
\x35\x39\x20\x30\x20\x30\x20\x30\x2d\x32\x35\x39\x2e\x30\x34\x38\
\x32\x38\x34\x2d\x32\x39\x35\x2e\x37\x37\x36\x35\x36\x36\x6d\x2d\
\x34\x31\x2e\x35\x38\x31\x37\x31\x36\x2d\x32\x2e\x39\x37\x37\x35\
\x36\x37\x63\x31\x2e\x32\x30\x35\x39\x31\x34\x20\x30\x20\x32\x2e\
\x33\x39\x36\x39\x34\x31\x20\x30\x2e\x31\x33\x33\x39\x39\x20\x33\
\x2e\x36\x30\x32\x38\x35\x36\x20\x30\x2e\x31\x34\x38\x38\x37\x39\
\x2d\x31\x2e\x36\x39\x37\x32\x31\x33\x20\x30\x2d\x33\x2e\x33\x36\
\x34\x36\x35\x2d\x30\x2e\x30\x38\x39\x33\x32\x37\x2d\x34\x2e\x39\
\x38\x37\x34\x32\x34\x2d\x30\x2e\x31\x30\x34\x32\x31\x35\x61\x39\
\x2e\x39\x33\x30\x31\x38\x34\x20\x39\x2e\x39\x33\x30\x31\x38\x34\
\x20\x30\x20\x30\x20\x31\x20\x31\x2e\x34\x34\x34\x31\x32\x2d\x30\
\x2e\x31\x31\x39\x31\x30\x33\x7a\x4d\x37\x35\x30\x2e\x31\x39\x37\
\x38\x37\x34\x20\x37\x32\x35\x2e\x30\x39\x36\x39\x38\x39\x61\x32\
\x33\x38\x2e\x32\x30\x35\x33\x31\x38\x20\x32\x33\x38\x2e\x32\x30\
\x35\x33\x31\x38\x20\x30\x20\x31\x20\x31\x2d\x34\x37\x36\x2e\x34\
\x31\x30\x36\x33\x36\x20\x30\x56\x35\x36\x30\x2e\x33\x36\x33\x31\
\x32\x34\x68\x34\x37\x36\x2e\x34\x31\x30\x36\x33\x36\x76\x31\x36\
\x34\x2e\x37\x33\x33\x38\x36\x35\x7a\x4d\x34\x36\x37\x2e\x33\x32\
\x39\x30\x35\x39\x20\x34\x38\x35\x2e\x36\x35\x35\x39\x38\x31\x76\
\x2d\x36\x39\x2e\x37\x31\x39\x37\x32\x61\x33\x37\x2e\x32\x39\x34\
\x30\x32\x20\x33\x37\x2e\x32\x39\x34\x30\x32\x20\x30\x20\x30\x20\
\x31\x20\x37\x34\x2e\x34\x33\x39\x31\x36\x32\x20\x30\x76\x36\x39\
\x2e\x37\x31\x39\x37\x32\x68\x2d\x37\x34\x2e\x34\x33\x39\x31\x36\
\x32\x7a\x20\x6d\x32\x38\x32\x2e\x38\x36\x38\x38\x31\x35\x20\x31\
\x34\x2e\x38\x38\x37\x38\x33\x32\x48\x36\x30\x31\x2e\x33\x31\x39\
\x35\x35\x76\x2d\x38\x34\x2e\x36\x36\x37\x31\x30\x33\x61\x39\x36\
\x2e\x37\x37\x30\x39\x31\x31\x20\x39\x36\x2e\x37\x37\x30\x39\x31\
\x31\x20\x30\x20\x30\x20\x30\x2d\x31\x39\x33\x2e\x35\x34\x31\x38\
\x32\x31\x20\x30\x76\x38\x34\x2e\x36\x36\x37\x31\x30\x33\x48\x32\
\x37\x33\x2e\x37\x38\x37\x32\x33\x38\x56\x34\x37\x37\x2e\x37\x35\
\x30\x35\x34\x32\x61\x32\x33\x38\x2e\x32\x30\x35\x33\x31\x38\x20\
\x32\x33\x38\x2e\x32\x30\x35\x33\x31\x38\x20\x30\x20\x31\x20\x31\
\x20\x34\x37\x36\x2e\x34\x31\x30\x36\x33\x36\x20\x30\x76\x32\x32\
\x2e\x37\x39\x33\x32\x37\x31\x7a\x22\x20\x66\x69\x6c\x6c\x3d\x22\
\x23\x33\x33\x33\x33\x33\x33\x22\x20\x70\x2d\x69\x64\x3d\x22\x31\
\x38\x35\x38\x36\x22\x3e\x3c\x2f\x70\x61\x74\x68\x3e\x3c\x2f\x73\
\x76\x67\x3e\
\x00\x00\x05\xe8\
\x3c\
\x3f\x78\x6d\x6c\x20\x76\x65\x72\x73\x69\x6f\x6e\x3d\x22\x31\x2e\
\x30\x22\x20\x73\x74\x61\x6e\x64\x61\x6c\x6f\x6e\x65\x3d\x22\x6e\
\x6f\x22\x3f\x3e\x3c\x21\x44\x4f\x43\x54\x59\x50\x45\x20\x73\x76\
\x67\x20\x50\x55\x42\x4c\x49\x43\x20\x22\x2d\x2f\x2f\x57\x33\x43\
\x2f\x2f\x44\x54\x44\x20\x53\x56\x47\x20\x31\x2e\x31\x2f\x2f\x45\
\x4e\x22\x20\x22\x68\x74\x74\x70\x3a\x2f\x2f\x77\x77\x77\x2e\x77\
\x33\x2e\x6f\x72\x67\x2f\x47\x72\x61\x70\x68\x69\x63\x73\x2f\x53\
\x56\x47\x2f\x31\x2e\x31\x2f\x44\x54\x44\x2f\x73\x76\x67\x31\x31\
\x2e\x64\x74\x64\x22\x3e\x3c\x73\x76\x67\x20\x74\x3d\x22\x31\x37\
\x38\x35\x33\x39\x37\x35\x38\x33\x38\x38\x35\x22\x20\x63\x6c\x61\
\x73\x73\x3d\x22\x69\x63\x6f\x6e\x22\x20\x76\x69\x65\x77\x42\x6f\
\x78\x3d\x22\x30\x20\x30\x20\x31\x30\x32\x34\x20\x31\x30\x32\x34\
\x22\x20\x76\x65\x72\x73\x69\x6f\x6e\x3d\x22\x31\x2e\x31\x22\x20\
\x78\x6d\x6c\x6e\x73\x3d\x22\x68\x74\x74\x70\x3a\x2f\x2f\x77\x77\
\x77\x2e\x77\x33\x2e\x6f\x72\x67\x2f\x32\x30\x30\x30\x2f\x73\x76\
\x67\x22\x20\x70\x2d\x69\x64\x3d\x22\x39\x34\x33\x38\x22\x20\x78\
\x6d\x6c\x6e\x73\x3a\x78\x6c\x69\x6e\x6b\x3d\x22\x68\x74\x74\x70\
\x3a\x2f\x2f\x77\x77\x77\x2e\x77\x33\x2e\x6f\x72\x67\x2f\x31\x39\
\x39\x39\x2f\x78\x6c\x69\x6e\x6b\x22\x20\x77\x69\x64\x74\x68\x3d\
\x22\x32\x30\x30\x22\x20\x68\x65\x69\x67\x68\x74\x3d\x22\x32\x30\
\x30\x22\x3e\x3c\x70\x61\x74\x68\x20\x64\x3d\x22\x4d\x31\x31\x34\
\x2e\x31\x31\x33\x31\x37\x36\x20\x31\x30\x32\x33\x2e\x39\x34\x36\
\x30\x39\x37\x68\x37\x39\x36\x2e\x31\x35\x30\x39\x37\x31\x41\x31\
\x31\x34\x2e\x30\x30\x35\x33\x36\x39\x20\x31\x31\x34\x2e\x30\x30\
\x35\x33\x36\x39\x20\x30\x20\x30\x20\x30\x20\x31\x30\x32\x34\x2e\
\x31\x36\x31\x37\x31\x20\x39\x31\x30\x2e\x30\x34\x38\x35\x33\x34\
\x56\x31\x31\x33\x2e\x38\x39\x37\x35\x36\x33\x41\x31\x31\x34\x2e\
\x30\x35\x39\x32\x37\x33\x20\x31\x31\x34\x2e\x30\x35\x39\x32\x37\
\x33\x20\x30\x20\x30\x20\x30\x20\x39\x31\x30\x2e\x32\x36\x34\x31\
\x34\x37\x20\x30\x48\x31\x31\x33\x2e\x38\x34\x33\x36\x36\x41\x31\
\x31\x34\x2e\x30\x35\x39\x32\x37\x33\x20\x31\x31\x34\x2e\x30\x35\
\x39\x32\x37\x33\x20\x30\x20\x30\x20\x30\x20\x30\x20\x31\x31\x33\
\x2e\x38\x34\x33\x36\x36\x76\x37\x39\x36\x2e\x34\x32\x30\x34\x38\
\x37\x61\x31\x31\x34\x2e\x31\x36\x37\x30\x37\x39\x20\x31\x31\x34\
\x2e\x31\x36\x37\x30\x37\x39\x20\x30\x20\x30\x20\x30\x20\x31\x31\
\x34\x2e\x31\x31\x33\x31\x37\x36\x20\x31\x31\x33\x2e\x36\x38\x31\
\x39\x35\x7a\x20\x6d\x37\x39\x36\x2e\x31\x35\x30\x39\x37\x31\x2d\
\x39\x35\x38\x2e\x30\x32\x32\x34\x32\x35\x63\x32\x36\x2e\x34\x31\
\x32\x35\x39\x31\x20\x30\x20\x34\x37\x2e\x39\x37\x33\x38\x39\x31\
\x20\x32\x31\x2e\x35\x36\x31\x32\x39\x39\x20\x34\x37\x2e\x39\x37\
\x33\x38\x39\x31\x20\x34\x37\x2e\x39\x37\x33\x38\x39\x31\x76\x37\
\x39\x36\x2e\x33\x36\x36\x35\x38\x34\x63\x30\x20\x32\x36\x2e\x34\
\x31\x32\x35\x39\x31\x2d\x32\x31\x2e\x35\x36\x31\x32\x39\x39\x20\
\x34\x37\x2e\x39\x37\x33\x38\x39\x31\x2d\x34\x37\x2e\x39\x37\x33\
\x38\x39\x31\x20\x34\x37\x2e\x39\x37\x33\x38\x39\x31\x48\x31\x31\
\x33\x2e\x38\x34\x33\x36\x36\x63\x2d\x32\x36\x2e\x33\x35\x38\x36\
\x38\x38\x20\x30\x2d\x34\x37\x2e\x39\x31\x39\x39\x38\x37\x2d\x32\
\x31\x2e\x35\x36\x31\x32\x39\x39\x2d\x34\x37\x2e\x39\x31\x39\x39\
\x38\x38\x2d\x34\x37\x2e\x39\x37\x33\x38\x39\x31\x56\x31\x31\x33\
\x2e\x38\x34\x33\x36\x36\x63\x30\x2d\x32\x36\x2e\x33\x35\x38\x36\
\x38\x38\x20\x32\x31\x2e\x35\x36\x31\x32\x39\x39\x2d\x34\x37\x2e\
\x39\x31\x39\x39\x38\x37\x20\x34\x37\x2e\x39\x37\x33\x38\x39\x31\
\x2d\x34\x37\x2e\x39\x31\x39\x39\x38\x38\x68\x37\x39\x36\x2e\x33\
\x36\x36\x35\x38\x34\x7a\x4d\x35\x31\x34\x2e\x33\x39\x38\x36\x39\
\x35\x20\x31\x33\x36\x2e\x39\x36\x38\x31\x35\x33\x68\x33\x32\x38\
\x2e\x36\x34\x38\x31\x30\x32\x63\x31\x39\x2e\x32\x39\x37\x33\x36\
\x33\x20\x30\x20\x33\x35\x2e\x31\x34\x34\x39\x31\x38\x20\x31\x35\
\x2e\x37\x39\x33\x36\x35\x32\x20\x33\x35\x2e\x31\x34\x34\x39\x31\
\x37\x20\x33\x35\x2e\x31\x34\x34\x39\x31\x37\x76\x36\x38\x34\x2e\
\x37\x33\x32\x39\x35\x38\x61\x33\x35\x2e\x32\x35\x32\x37\x32\x34\
\x20\x33\x35\x2e\x32\x35\x32\x37\x32\x34\x20\x30\x20\x30\x20\x31\
\x2d\x33\x35\x2e\x31\x34\x34\x39\x31\x37\x20\x33\x35\x2e\x31\x39\
\x38\x38\x32\x31\x48\x35\x31\x34\x2e\x33\x39\x38\x36\x39\x35\x61\
\x33\x35\x2e\x32\x35\x32\x37\x32\x34\x20\x33\x35\x2e\x32\x35\x32\
\x37\x32\x34\x20\x30\x20\x30\x20\x31\x2d\x33\x35\x2e\x31\x39\x38\
\x38\x32\x31\x2d\x33\x35\x2e\x31\x34\x34\x39\x31\x37\x56\x31\x37\
\x32\x2e\x30\x35\x39\x31\x36\x37\x63\x30\x2d\x31\x39\x2e\x33\x35\
\x31\x32\x36\x36\x20\x31\x35\x2e\x38\x34\x37\x35\x35\x35\x2d\x33\
\x35\x2e\x31\x34\x34\x39\x31\x38\x20\x33\x35\x2e\x31\x39\x38\x38\
\x32\x31\x2d\x33\x35\x2e\x31\x34\x34\x39\x31\x37\x7a\x20\x6d\x31\
\x30\x31\x2e\x35\x35\x33\x37\x31\x39\x20\x34\x35\x34\x2e\x31\x33\
\x34\x38\x36\x33\x61\x33\x32\x2e\x37\x37\x33\x31\x37\x35\x20\x33\
\x32\x2e\x37\x37\x33\x31\x37\x35\x20\x30\x20\x30\x20\x30\x20\x30\
\x20\x34\x36\x2e\x36\x32\x36\x33\x31\x63\x36\x2e\x33\x36\x30\x35\
\x38\x33\x20\x36\x2e\x33\x36\x30\x35\x38\x33\x20\x31\x34\x2e\x39\
\x33\x31\x32\x20\x39\x2e\x36\x34\x38\x36\x38\x31\x20\x32\x33\x2e\
\x32\x38\x36\x32\x30\x33\x20\x39\x2e\x36\x34\x38\x36\x38\x31\x61\
\x33\x33\x2e\x31\x35\x30\x34\x39\x37\x20\x33\x33\x2e\x31\x35\x30\
\x34\x39\x37\x20\x30\x20\x30\x20\x30\x20\x32\x33\x2e\x32\x38\x36\
\x32\x30\x33\x2d\x39\x2e\x37\x30\x32\x35\x38\x35\x6c\x31\x30\x30\
\x2e\x36\x39\x31\x32\x36\x37\x2d\x31\x30\x30\x2e\x36\x33\x37\x33\
\x36\x33\x61\x33\x32\x2e\x37\x37\x33\x31\x37\x35\x20\x33\x32\x2e\
\x37\x37\x33\x31\x37\x35\x20\x30\x20\x30\x20\x30\x20\x30\x2d\x34\
\x36\x2e\x36\x32\x36\x33\x31\x4c\x36\x36\x32\x2e\x35\x32\x34\x38\
\x32\x20\x33\x38\x39\x2e\x37\x32\x30\x34\x38\x32\x61\x33\x32\x2e\
\x37\x37\x33\x31\x37\x35\x20\x33\x32\x2e\x37\x37\x33\x31\x37\x35\
\x20\x30\x20\x30\x20\x30\x2d\x34\x36\x2e\x35\x37\x32\x34\x30\x36\
\x20\x30\x20\x33\x32\x2e\x37\x37\x33\x31\x37\x35\x20\x33\x32\x2e\
\x37\x37\x33\x31\x37\x35\x20\x30\x20\x30\x20\x30\x20\x30\x20\x34\
\x36\x2e\x36\x32\x36\x33\x31\x6c\x37\x37\x2e\x33\x35\x31\x31\x36\
\x20\x37\x37\x2e\x34\x30\x35\x30\x36\x34\x2d\x37\x37\x2e\x33\x35\
\x31\x31\x36\x20\x37\x37\x2e\x33\x35\x31\x31\x36\x7a\x22\x20\x70\
\x2d\x69\x64\x3d\x22\x39\x34\x33\x39\x22\x20\x66\x69\x6c\x6c\x3d\
\x22\x23\x33\x33\x33\x33\x33\x33\x22\x3e\x3c\x2f\x70\x61\x74\x68\
\x3e\x3c\x2f\x73\x76\x67\x3e\
\x00\x00\x03\xd9\
\x3c\
\x3f\x78\x6d\x6c\x20\x76\x65\x72\x73\x69\x6f\x6e\x3d\x22\x31\x2e\
\x30\x22\x20\x73\x74\x61\x6e\x64\x61\x6c\x6f\x6e\x65\x3d\x22\x6e\
\x6f\x22\x3f\x3e\x3c\x21\x44\x4f\x43\x54\x59\x50\x45\x20\x73\x76\
\x67\x20\x50\x55\x42\x4c\x49\x43\x20\x22\x2d\x2f\x2f\x57\x33\x43\
\x2f\x2f\x44\x54\x44\x20\x53\x56\x47\x20\x31\x2e\x31\x2f\x2f\x45\
\x4e\x22\x20\x22\x68\x74\x74\x70\x3a\x2f\x2f\x77\x77\x77\x2e\x77\
\x33\x2e\x6f\x72\x67\x2f\x47\x72\x61\x70\x68\x69\x63\x73\x2f\x53\
\x56\x47\x2f\x31\x2e\x31\x2f\x44\x54\x44\x2f\x73\x76\x67\x31\x31\
\x2e\x64\x74\x64\x22\x3e\x3c\x73\x76\x67\x20\x74\x3d\x22\x31\x37\
\x38\x35\x33\x39\x37\x35\x36\x34\x39\x34\x32\x22\x20\x63\x6c\x61\
\x73\x73\x3d\x22\x69\x63\x6f\x6e\x22\x20\x76\x69\x65\x77\x42\x6f\
\x78\x3d\x22\x30\x20\x30\x20\x31\x30\x32\x34\x20\x31\x30\x32\x34\
\x22\x20\x76\x65\x72\x73\x69\x6f\x6e\x3d\x22\x31\x2e\x31\x22\x20\
\x78\x6d\x6c\x6e\x73\x3d\x22\x68\x74\x74\x70\x3a\x2f\x2f\x77\x77\
\x77\x2e\x77\x33\x2e\x6f\x72\x67\x2f\x32\x30\x30\x30\x2f\x73\x76\
\x67\x22\x20\x70\x2d\x69\x64\x3d\x22\x38\x34\x31\x37\x22\x20\x78\
\x6d\x6c\x6e\x73\x3a\x78\x6c\x69\x6e\x6b\x3d\x22\x68\x74\x74\x70\
\x3a\x2f\x2f\x77\x77\x77\x2e\x77\x33\x2e\x6f\x72\x67\x2f\x31\x39\
\x39\x39\x2f\x78\x6c\x69\x6e\x6b\x22\x20\x77\x69\x64\x74\x68\x3d\
\x22\x32\x30\x30\x22\x20\x68\x65\x69\x67\x68\x74\x3d\x22\x32\x30\
\x30\x22\x3e\x3c\x70\x61\x74\x68\x20\x64\x3d\x22\x4d\x38\x37\x34\
\x2e\x32\x20\x39\x37\x37\x2e\x38\x48\x31\x34\x39\x2e\x38\x63\x2d\
\x35\x37\x20\x30\x2d\x31\x30\x33\x2e\x36\x2d\x34\x36\x2e\x34\x2d\
\x31\x30\x33\x2e\x36\x2d\x31\x30\x33\x2e\x36\x56\x31\x34\x39\x2e\
\x38\x63\x30\x2d\x35\x37\x20\x34\x36\x2e\x34\x2d\x31\x30\x33\x2e\
\x36\x20\x31\x30\x33\x2e\x36\x2d\x31\x30\x33\x2e\x36\x68\x37\x32\
\x34\x2e\x36\x63\x35\x37\x20\x30\x20\x31\x30\x33\x2e\x36\x20\x34\
\x36\x2e\x34\x20\x31\x30\x33\x2e\x36\x20\x31\x30\x33\x2e\x36\x76\
\x37\x32\x34\x2e\x36\x63\x2d\x30\x2e\x32\x20\x35\x37\x2d\x34\x36\
\x2e\x36\x20\x31\x30\x33\x2e\x34\x2d\x31\x30\x33\x2e\x38\x20\x31\
\x30\x33\x2e\x34\x7a\x4d\x31\x34\x39\x2e\x38\x20\x31\x30\x36\x2e\
\x32\x63\x2d\x32\x34\x20\x30\x2d\x34\x33\x2e\x36\x20\x31\x39\x2e\
\x36\x2d\x34\x33\x2e\x36\x20\x34\x33\x2e\x36\x76\x37\x32\x34\x2e\
\x36\x63\x30\x20\x32\x34\x20\x31\x39\x2e\x36\x20\x34\x33\x2e\x36\
\x20\x34\x33\x2e\x36\x20\x34\x33\x2e\x36\x68\x37\x32\x34\x2e\x36\
\x63\x32\x34\x20\x30\x20\x34\x33\x2e\x36\x2d\x31\x39\x2e\x36\x20\
\x34\x33\x2e\x36\x2d\x34\x33\x2e\x36\x56\x31\x34\x39\x2e\x38\x63\
\x30\x2d\x32\x34\x2d\x31\x39\x2e\x36\x2d\x34\x33\x2e\x36\x2d\x34\
\x33\x2e\x36\x2d\x34\x33\x2e\x36\x48\x31\x34\x39\x2e\x38\x7a\x4d\
\x35\x31\x30\x20\x31\x37\x30\x2e\x38\x48\x32\x31\x31\x63\x2d\x31\
\x37\x2e\x36\x20\x30\x2d\x33\x32\x20\x31\x34\x2e\x34\x2d\x33\x32\
\x20\x33\x32\x76\x36\x32\x33\x63\x30\x20\x31\x37\x2e\x36\x20\x31\
\x34\x2e\x34\x20\x33\x32\x20\x33\x32\x20\x33\x32\x48\x35\x31\x30\
\x63\x31\x37\x2e\x36\x20\x30\x20\x33\x32\x2d\x31\x34\x2e\x34\x20\
\x33\x32\x2d\x33\x32\x56\x32\x30\x32\x2e\x38\x63\x30\x2d\x31\x37\
\x2e\x36\x2d\x31\x34\x2e\x34\x2d\x33\x32\x2d\x33\x32\x2d\x33\x32\
\x7a\x4d\x34\x31\x37\x2e\x36\x20\x35\x38\x34\x63\x31\x31\x2e\x38\
\x20\x31\x31\x2e\x38\x20\x31\x31\x2e\x38\x20\x33\x30\x2e\x38\x20\
\x30\x20\x34\x32\x2e\x34\x2d\x35\x2e\x38\x20\x35\x2e\x38\x2d\x31\
\x33\x2e\x36\x20\x38\x2e\x38\x2d\x32\x31\x2e\x32\x20\x38\x2e\x38\
\x73\x2d\x31\x35\x2e\x34\x2d\x33\x2d\x32\x31\x2e\x32\x2d\x38\x2e\
\x38\x6c\x2d\x39\x31\x2e\x36\x2d\x39\x31\x2e\x36\x63\x2d\x31\x31\
\x2e\x38\x2d\x31\x31\x2e\x38\x2d\x31\x31\x2e\x38\x2d\x33\x30\x2e\
\x38\x20\x30\x2d\x34\x32\x2e\x34\x6c\x39\x31\x2e\x36\x2d\x39\x31\
\x2e\x36\x63\x31\x31\x2e\x38\x2d\x31\x31\x2e\x38\x20\x33\x30\x2e\
\x38\x2d\x31\x31\x2e\x38\x20\x34\x32\x2e\x34\x20\x30\x20\x31\x31\
\x2e\x38\x20\x31\x31\x2e\x38\x20\x31\x31\x2e\x38\x20\x33\x30\x2e\
\x38\x20\x30\x20\x34\x32\x2e\x34\x6c\x2d\x37\x30\x2e\x34\x20\x37\
\x30\x2e\x34\x20\x37\x30\x2e\x34\x20\x37\x30\x2e\x34\x7a\x22\x20\
\x70\x2d\x69\x64\x3d\x22\x38\x34\x31\x38\x22\x20\x66\x69\x6c\x6c\
\x3d\x22\x23\x33\x33\x33\x33\x33\x33\x22\x3e\x3c\x2f\x70\x61\x74\
\x68\x3e\x3c\x2f\x73\x76\x67\x3e\
\x00\x00\x04\x3d\
\x3c\
\x3f\x78\x6d\x6c\x20\x76\x65\x72\x73\x69\x6f\x6e\x3d\x22\x31\x2e\
\x30\x22\x20\x73\x74\x61\x6e\x64\x61\x6c\x6f\x6e\x65\x3d\x22\x6e\
\x6f\x22\x3f\x3e\x3c\x21\x44\x4f\x43\x54\x59\x50\x45\x20\x73\x76\
\x67\x20\x50\x55\x42\x4c\x49\x43\x20\x22\x2d\x2f\x2f\x57\x33\x43\
\x2f\x2f\x44\x54\x44\x20\x53\x56\x47\x20\x31\x2e\x31\x2f\x2f\x45\
\x4e\x22\x20\x22\x68\x74\x74\x70\x3a\x2f\x2f\x77\x77\x77\x2e\x77\
\x33\x2e\x6f\x72\x67\x2f\x47\x72\x61\x70\x68\x69\x63\x73\x2f\x53\
\x56\x47\x2f\x31\x2e\x31\x2f\x44\x54\x44\x2f\x73\x76\x67\x31\x31\
\x2e\x64\x74\x64\x22\x3e\x3c\x73\x76\x67\x20\x74\x3d\x22\x31\x37\
\x38\x34\x36\x33\x39\x39\x38\x36\x30\x31\x31\x22\x20\x63\x6c\x61\
\x73\x73\x3d\x22\x69\x63\x6f\x6e\x22\x20\x76\x69\x65\x77\x42\x6f\
\x78\x3d\x22\x30\x20\x30\x20\x31\x30\x32\x34\x20\x31\x30\x32\x34\
\x22\x20\x76\x65\x72\x73\x69\x6f\x6e\x3d\x22\x31\x2e\x31\x22\x20\
\x78\x6d\x6c\x6e\x73\x3d\x22\x68\x74\x74\x70\x3a\x2f\x2f\x77\x77\
\x77\x2e\x77\x33\x2e\x6f\x72\x67\x2f\x32\x30\x30\x30\x2f\x73\x76\
\x67\x22\x20\x70\x2d\x69\x64\x3d\x22\x31\x32\x39\x32\x37\x22\x20\
\x78\x6d\x6c\x6e\x73\x3a\x78\x6c\x69\x6e\x6b\x3d\x22\x68\x74\x74\
\x70\x3a\x2f\x2f\x77\x77\x77\x2e\x77\x33\x2e\x6f\x72\x67\x2f\x31\
\x39\x39\x39\x2f\x78\x6c\x69\x6e\x6b\x22\x20\x77\x69\x64\x74\x68\
\x3d\x22\x32\x30\x30\x22\x20\x68\x65\x69\x67\x68\x74\x3d\x22\x32\
\x30\x30\x22\x3e\x3c\x70\x61\x74\x68\x20\x64\x3d\x22\x4d\x31\x37\
\x34\x2e\x38\x31\x31\x34\x32\x39\x20\x34\x30\x33\x2e\x37\x34\x38\
\x35\x37\x31\x61\x37\x33\x2e\x31\x34\x32\x38\x35\x37\x20\x37\x33\
\x2e\x31\x34\x32\x38\x35\x37\x20\x30\x20\x30\x20\x31\x20\x30\x2d\
\x31\x30\x33\x2e\x31\x33\x31\x34\x32\x38\x4c\x34\x36\x30\x2e\x38\
\x20\x32\x31\x2e\x32\x31\x31\x34\x32\x39\x61\x37\x33\x2e\x31\x34\
\x32\x38\x35\x37\x20\x37\x33\x2e\x31\x34\x32\x38\x35\x37\x20\x30\
\x20\x30\x20\x31\x20\x31\x30\x32\x2e\x34\x20\x30\x6c\x32\x38\x35\
\x2e\x32\x35\x37\x31\x34\x33\x20\x32\x37\x38\x2e\x36\x37\x34\x32\
\x38\x35\x61\x37\x33\x2e\x31\x34\x32\x38\x35\x37\x20\x37\x33\x2e\
\x31\x34\x32\x38\x35\x37\x20\x30\x20\x31\x20\x31\x2d\x31\x30\x32\
\x2e\x34\x20\x31\x30\x34\x2e\x35\x39\x34\x32\x38\x36\x4c\x35\x38\
\x35\x2e\x31\x34\x32\x38\x35\x37\x20\x32\x34\x37\x2e\x32\x32\x32\
\x38\x35\x37\x56\x36\x35\x38\x2e\x32\x38\x35\x37\x31\x34\x61\x37\
\x33\x2e\x31\x34\x32\x38\x35\x37\x20\x37\x33\x2e\x31\x34\x32\x38\
\x35\x37\x20\x30\x20\x30\x20\x31\x2d\x31\x34\x36\x2e\x32\x38\x35\
\x37\x31\x34\x20\x30\x56\x32\x34\x37\x2e\x32\x32\x32\x38\x35\x37\
\x4c\x32\x37\x37\x2e\x39\x34\x32\x38\x35\x37\x20\x34\x30\x34\x2e\
\x34\x38\x61\x37\x33\x2e\x31\x34\x32\x38\x35\x37\x20\x37\x33\x2e\
\x31\x34\x32\x38\x35\x37\x20\x30\x20\x30\x20\x31\x2d\x31\x30\x33\
\x2e\x31\x33\x31\x34\x32\x38\x2d\x30\x2e\x37\x33\x31\x34\x32\x39\
\x7a\x4d\x39\x35\x30\x2e\x38\x35\x37\x31\x34\x33\x20\x35\x32\x36\
\x2e\x36\x32\x38\x35\x37\x31\x61\x37\x33\x2e\x31\x34\x32\x38\x35\
\x37\x20\x37\x33\x2e\x31\x34\x32\x38\x35\x37\x20\x30\x20\x30\x20\
\x30\x2d\x37\x33\x2e\x31\x34\x32\x38\x35\x37\x20\x37\x33\x2e\x31\
\x34\x32\x38\x35\x38\x76\x31\x37\x35\x2e\x35\x34\x32\x38\x35\x37\
\x61\x31\x30\x32\x2e\x34\x20\x31\x30\x32\x2e\x34\x20\x30\x20\x30\
\x20\x31\x2d\x31\x30\x32\x2e\x34\x20\x31\x30\x32\x2e\x34\x48\x32\
\x34\x38\x2e\x36\x38\x35\x37\x31\x34\x41\x31\x30\x32\x2e\x34\x20\
\x31\x30\x32\x2e\x34\x20\x30\x20\x30\x20\x31\x20\x31\x34\x36\x2e\
\x32\x38\x35\x37\x31\x34\x20\x37\x37\x35\x2e\x33\x31\x34\x32\x38\
\x36\x56\x35\x39\x39\x2e\x37\x37\x31\x34\x32\x39\x61\x37\x33\x2e\
\x31\x34\x32\x38\x35\x37\x20\x37\x33\x2e\x31\x34\x32\x38\x35\x37\
\x20\x30\x20\x31\x20\x30\x2d\x31\x34\x36\x2e\x32\x38\x35\x37\x31\
\x34\x20\x30\x76\x31\x37\x35\x2e\x35\x34\x32\x38\x35\x37\x41\x32\
\x34\x38\x2e\x36\x38\x35\x37\x31\x34\x20\x32\x34\x38\x2e\x36\x38\
\x35\x37\x31\x34\x20\x30\x20\x30\x20\x30\x20\x32\x34\x38\x2e\x36\
\x38\x35\x37\x31\x34\x20\x31\x30\x32\x34\x68\x35\x32\x36\x2e\x36\
\x32\x38\x35\x37\x32\x61\x32\x34\x38\x2e\x36\x38\x35\x37\x31\x34\
\x20\x32\x34\x38\x2e\x36\x38\x35\x37\x31\x34\x20\x30\x20\x30\x20\
\x30\x20\x32\x34\x38\x2e\x36\x38\x35\x37\x31\x34\x2d\x32\x34\x38\
\x2e\x36\x38\x35\x37\x31\x34\x56\x35\x39\x39\x2e\x37\x37\x31\x34\
\x32\x39\x61\x37\x33\x2e\x31\x34\x32\x38\x35\x37\x20\x37\x33\x2e\
\x31\x34\x32\x38\x35\x37\x20\x30\x20\x30\x20\x30\x2d\x37\x33\x2e\
\x31\x34\x32\x38\x35\x37\x2d\x37\x33\x2e\x31\x34\x32\x38\x35\x38\
\x7a\x22\x20\x70\x2d\x69\x64\x3d\x22\x31\x32\x39\x32\x38\x22\x20\
\x66\x69\x6c\x6c\x3d\x22\x23\x33\x33\x33\x33\x33\x33\x22\x3e\x3c\
\x2f\x70\x61\x74\x68\x3e\x3c\x2f\x73\x76\x67\x3e\
\x00\x00\x03\x85\
\x3c\
\x3f\x78\x6d\x6c\x20\x76\x65\x72\x73\x69\x6f\x6e\x3d\x22\x31\x2e\
\x30\x22\x20\x73\x74\x61\x6e\x64\x61\x6c\x6f\x6e\x65\x3d\x22\x6e\
\x6f\x22\x3f\x3e\x3c\x21\x44\x4f\x43\x54\x59\x50\x45\x20\x73\x76\
\x67\x20\x50\x55\x42\x4c\x49\x43\x20\x22\x2d\x2f\x2f\x57\x33\x43\
\x2f\x2f\x44\x54\x44\x20\x53\x56\x47\x20\x31\x2e\x31\x2f\x2f\x45\
\x4e\x22\x20\x22\x68\x74\x74\x70\x3a\x2f\x2f\x77\x77\x77\x2e\x77\
\x33\x2e\x6f\x72\x67\x2f\x47\x72\x61\x70\x68\x69\x63\x73\x2f\x53\
\x56\x47\x2f\x31\x2e\x31\x2f\x44\x54\x44\x2f\x73\x76\x67\x31\x31\
\x2e\x64\x74\x64\x22\x3e\x3c\x73\x76\x67\x20\x74\x3d\x22\x31\x37\
\x38\x34\x37\x37\x36\x31\x36\x34\x39\x30\x34\x22\x20\x63\x6c\x61\
\x73\x73\x3d\x22\x69\x63\x6f\x6e\x22\x20\x76\x69\x65\x77\x42\x6f\
\x78\x3d\x22\x30\x20\x30\x20\x31\x30\x32\x34\x20\x31\x30\x32\x34\
\x22\x20\x76\x65\x72\x73\x69\x6f\x6e\x3d\x22\x31\x2e\x31\x22\x20\
\x78\x6d\x6c\x6e\x73\x3d\x22\x68\x74\x74\x70\x3a\x2f\x2f\x77\x77\
\x77\x2e\x77\x33\x2e\x6f\x72\x67\x2f\x32\x30\x30\x30\x2f\x73\x76\
\x67\x22\x20\x70\x2d\x69\x64\x3d\x22\x35\x35\x31\x38\x22\x20\x78\
\x6d\x6c\x6e\x73\x3a\x78\x6c\x69\x6e\x6b\x3d\x22\x68\x74\x74\x70\
\x3a\x2f\x2f\x77\x77\x77\x2e\x77\x33\x2e\x6f\x72\x67\x2f\x31\x39\
\x39\x39\x2f\x78\x6c\x69\x6e\x6b\x22\x20\x77\x69\x64\x74\x68\x3d\
\x22\x32\x30\x30\x22\x20\x68\x65\x69\x67\x68\x74\x3d\x22\x32\x30\
\x30\x22\x3e\x3c\x70\x61\x74\x68\x20\x64\x3d\x22\x4d\x35\x31\x32\
\x20\x31\x30\x32\x34\x71\x2d\x31\x30\x34\x20\x30\x2d\x31\x39\x39\
\x2d\x34\x30\x2d\x39\x32\x2d\x33\x39\x2d\x31\x36\x33\x2d\x31\x31\
\x30\x54\x34\x30\x20\x37\x31\x31\x51\x30\x20\x36\x31\x36\x20\x30\
\x20\x35\x31\x32\x74\x34\x30\x2d\x31\x39\x39\x51\x37\x39\x20\x32\
\x32\x31\x20\x31\x35\x30\x20\x31\x35\x30\x54\x33\x31\x33\x20\x34\
\x30\x71\x39\x35\x2d\x34\x30\x20\x31\x39\x39\x2d\x34\x30\x74\x31\
\x39\x39\x20\x34\x30\x71\x39\x32\x20\x33\x39\x20\x31\x36\x33\x20\
\x31\x31\x30\x74\x31\x31\x30\x20\x31\x36\x33\x71\x34\x30\x20\x39\
\x35\x20\x34\x30\x20\x31\x39\x39\x74\x2d\x34\x30\x20\x31\x39\x39\
\x71\x2d\x33\x39\x20\x39\x32\x2d\x31\x31\x30\x20\x31\x36\x33\x54\
\x37\x31\x31\x20\x39\x38\x34\x71\x2d\x39\x35\x20\x34\x30\x2d\x31\
\x39\x39\x20\x34\x30\x7a\x20\x6d\x32\x35\x39\x2d\x35\x36\x39\x48\
\x34\x38\x30\x71\x2d\x31\x30\x20\x30\x2d\x31\x37\x2e\x35\x20\x37\
\x2e\x35\x54\x34\x35\x35\x20\x34\x38\x30\x76\x36\x34\x71\x30\x20\
\x31\x30\x20\x37\x2e\x35\x20\x31\x37\x2e\x35\x54\x34\x38\x30\x20\
\x35\x36\x39\x68\x31\x37\x37\x71\x31\x31\x20\x30\x20\x31\x38\x2e\
\x35\x20\x37\x2e\x35\x54\x36\x38\x33\x20\x35\x39\x34\x76\x31\x33\
\x71\x30\x20\x33\x31\x2d\x32\x32\x2e\x35\x20\x35\x33\x2e\x35\x54\
\x36\x30\x37\x20\x36\x38\x33\x48\x33\x36\x37\x71\x2d\x31\x31\x20\
\x30\x2d\x31\x38\x2e\x35\x2d\x37\x2e\x35\x54\x33\x34\x31\x20\x36\
\x35\x37\x56\x34\x31\x37\x71\x30\x2d\x33\x31\x20\x32\x32\x2e\x35\
\x2d\x35\x33\x2e\x35\x54\x34\x31\x37\x20\x33\x34\x31\x68\x33\x35\
\x34\x71\x31\x31\x20\x30\x20\x31\x38\x2d\x37\x74\x37\x2d\x31\x38\
\x76\x2d\x36\x33\x71\x30\x2d\x31\x31\x2d\x37\x2d\x31\x38\x74\x2d\
\x31\x38\x2d\x37\x48\x34\x31\x37\x71\x2d\x33\x38\x20\x30\x2d\x37\
\x32\x2e\x35\x20\x31\x34\x54\x32\x38\x33\x20\x32\x38\x33\x71\x2d\
\x32\x37\x20\x32\x37\x2d\x34\x31\x20\x36\x31\x2e\x35\x54\x32\x32\
\x38\x20\x34\x31\x37\x76\x33\x35\x34\x71\x30\x20\x31\x31\x20\x37\
\x20\x31\x38\x74\x31\x38\x20\x37\x68\x33\x37\x33\x71\x34\x36\x20\
\x30\x20\x38\x35\x2e\x35\x2d\x32\x32\x2e\x35\x74\x36\x32\x2d\x36\
\x32\x51\x37\x39\x36\x20\x36\x37\x32\x20\x37\x39\x36\x20\x36\x32\
\x36\x56\x34\x38\x30\x71\x30\x2d\x31\x30\x2d\x37\x2d\x31\x37\x2e\
\x35\x74\x2d\x31\x38\x2d\x37\x2e\x35\x7a\x22\x20\x70\x2d\x69\x64\
\x3d\x22\x35\x35\x31\x39\x22\x20\x66\x69\x6c\x6c\x3d\x22\x23\x33\
\x33\x33\x33\x33\x33\x22\x3e\x3c\x2f\x70\x61\x74\x68\x3e\x3c\x2f\
\x73\x76\x67\x3e\
\x00\x00\x07\x0d\
\x3c\
\x3f\x78\x6d\x6c\x20\x76\x65\x72\x73\x69\x6f\x6e\x3d\x22\x31\x2e\
\x30\x22\x20\x73\x74\x61\x6e\x64\x61\x6c\x6f\x6e\x65\x3d\x22\x6e\
\x6f\x22\x3f\x3e\x3c\x21\x44\x4f\x43\x54\x59\x50\x45\x20\x73\x76\
\x67\x20\x50\x55\x42\x4c\x49\x43\x20\x22\x2d\x2f\x2f\x57\x33\x43\
\x2f\x2f\x44\x54\x44\x20\x53\x56\x47\x20\x31\x2e\x31\x2f\x2f\x45\
\x4e\x22\x20\x22\x68\x74\x74\x70\x3a\x2f\x2f\x77\x77\x77\x2e\x77\
\x33\x2e\x6f\x72\x67\x2f\x47\x72\x61\x70\x68\x69\x63\x73\x2f\x53\
\x56\x47\x2f\x31\x2e\x31\x2f\x44\x54\x44\x2f\x73\x76\x67\x31\x31\
\x2e\x64\x74\x64\x22\x3e\x3c\x73\x76\x67\x20\x74\x3d\x22\x31\x37\
\x38\x34\x36\x34\x30\x31\x39\x39\x30\x39\x38\x22\x20\x63\x6c\x61\
\x73\x73\x3d\x22\x69\x63\x6f\x6e\x22\x20\x76\x69\x65\x77\x42\x6f\
\x78\x3d\x22\x30\x20\x30\x20\x31\x30\x32\x35\x20\x31\x30\x32\x34\
\x22\x20\x76\x65\x72\x73\x69\x6f\x6e\x3d\x22\x31\x2e\x31\x22\x20\
\x78\x6d\x6c\x6e\x73\x3d\x22\x68\x74\x74\x70\x3a\x2f\x2f\x77\x77\
\x77\x2e\x77\x33\x2e\x6f\x72\x67\x2f\x32\x30\x30\x30\x2f\x73\x76\
\x67\x22\x20\x70\x2d\x69\x64\x3d\x22\x32\x33\x34\x32\x39\x22\x20\
\x78\x6d\x6c\x6e\x73\x3a\x78\x6c\x69\x6e\x6b\x3d\x22\x68\x74\x74\
\x70\x3a\x2f\x2f\x77\x77\x77\x2e\x77\x33\x2e\x6f\x72\x67\x2f\x31\
\x39\x39\x39\x2f\x78\x6c\x69\x6e\x6b\x22\x20\x77\x69\x64\x74\x68\
\x3d\x22\x32\x30\x30\x2e\x31\x39\x35\x33\x31\x32\x35\x22\x20\x68\
\x65\x69\x67\x68\x74\x3d\x22\x32\x30\x30\x22\x3e\x3c\x70\x61\x74\
\x68\x20\x64\x3d\x22\x4d\x39\x32\x38\x2e\x32\x38\x38\x39\x30\x37\
\x20\x33\x30\x36\x2e\x37\x32\x35\x38\x38\x32\x76\x2d\x32\x31\x30\
\x2e\x32\x39\x31\x39\x38\x36\x41\x39\x36\x2e\x34\x33\x33\x38\x39\
\x36\x20\x39\x36\x2e\x34\x33\x33\x38\x39\x36\x20\x30\x20\x30\x20\
\x30\x20\x38\x33\x31\x2e\x38\x35\x35\x30\x31\x31\x20\x30\x48\x33\
\x30\x32\x2e\x35\x32\x30\x30\x34\x32\x61\x39\x36\x2e\x34\x33\x33\
\x38\x39\x36\x20\x39\x36\x2e\x34\x33\x33\x38\x39\x36\x20\x30\x20\
\x30\x20\x30\x2d\x39\x36\x2e\x34\x33\x33\x38\x39\x36\x20\x39\x36\
\x2e\x34\x33\x33\x38\x39\x36\x76\x32\x31\x30\x2e\x32\x39\x31\x39\
\x38\x36\x61\x39\x36\x2e\x37\x33\x34\x33\x31\x33\x20\x39\x36\x2e\
\x37\x33\x34\x33\x31\x33\x20\x30\x20\x30\x20\x30\x2d\x39\x35\x2e\
\x35\x33\x32\x36\x34\x35\x20\x39\x36\x2e\x34\x33\x33\x38\x39\x36\
\x76\x36\x36\x2e\x39\x39\x33\x30\x31\x38\x48\x36\x35\x2e\x31\x39\
\x30\x35\x31\x36\x43\x31\x32\x2e\x30\x31\x36\x36\x38\x35\x20\x34\
\x37\x30\x2e\x34\x35\x33\x32\x31\x33\x2d\x31\x33\x2e\x38\x31\x39\
\x31\x38\x38\x20\x35\x31\x33\x2e\x37\x31\x33\x32\x37\x39\x20\x37\
\x2e\x35\x31\x30\x34\x32\x38\x20\x35\x36\x36\x2e\x38\x38\x37\x31\
\x30\x39\x6c\x31\x34\x34\x2e\x38\x30\x31\x30\x35\x33\x20\x33\x36\
\x30\x2e\x35\x30\x30\x35\x34\x37\x61\x31\x35\x39\x2e\x38\x32\x31\
\x39\x30\x39\x20\x31\x35\x39\x2e\x38\x32\x31\x39\x30\x39\x20\x30\
\x20\x30\x20\x30\x20\x31\x33\x34\x2e\x38\x38\x37\x32\x38\x38\x20\
\x39\x36\x2e\x34\x33\x33\x38\x39\x36\x68\x36\x36\x39\x2e\x39\x33\
\x30\x31\x38\x32\x41\x36\x30\x2e\x30\x38\x33\x34\x32\x34\x20\x36\
\x30\x2e\x30\x38\x33\x34\x32\x34\x20\x30\x20\x30\x20\x30\x20\x31\
\x30\x32\x31\x2e\x34\x31\x38\x32\x31\x35\x20\x39\x35\x36\x2e\x38\
\x32\x38\x35\x33\x34\x61\x39\x33\x2e\x34\x32\x39\x37\x32\x35\x20\
\x39\x33\x2e\x34\x32\x39\x37\x32\x35\x20\x30\x20\x30\x20\x30\x20\
\x33\x2e\x36\x30\x35\x30\x30\x36\x2d\x32\x34\x2e\x33\x33\x33\x37\
\x38\x37\x56\x34\x30\x33\x2e\x31\x35\x39\x37\x37\x38\x61\x39\x36\
\x2e\x37\x33\x34\x33\x31\x33\x20\x39\x36\x2e\x37\x33\x34\x33\x31\
\x33\x20\x30\x20\x30\x20\x30\x2d\x39\x36\x2e\x37\x33\x34\x33\x31\
\x34\x2d\x39\x36\x2e\x34\x33\x33\x38\x39\x36\x7a\x20\x6d\x33\x35\
\x2e\x34\x34\x39\x32\x32\x31\x20\x39\x36\x2e\x34\x33\x33\x38\x39\
\x36\x76\x33\x39\x39\x2e\x38\x35\x35\x31\x38\x39\x6c\x2d\x33\x35\
\x2e\x34\x34\x39\x32\x32\x31\x2d\x38\x38\x2e\x33\x32\x32\x36\x33\
\x33\x56\x33\x36\x37\x2e\x31\x30\x39\x37\x32\x33\x61\x33\x36\x2e\
\x30\x35\x30\x30\x35\x35\x20\x33\x36\x2e\x30\x35\x30\x30\x35\x35\
\x20\x30\x20\x30\x20\x31\x20\x33\x35\x2e\x34\x34\x39\x32\x32\x31\
\x20\x33\x36\x2e\x30\x35\x30\x30\x35\x35\x7a\x4d\x32\x36\x36\x2e\
\x31\x36\x39\x35\x37\x20\x39\x36\x2e\x34\x33\x33\x38\x39\x36\x41\
\x33\x36\x2e\x33\x35\x30\x34\x37\x32\x20\x33\x36\x2e\x33\x35\x30\
\x34\x37\x32\x20\x30\x20\x30\x20\x31\x20\x33\x30\x32\x2e\x35\x32\
\x30\x30\x34\x32\x20\x36\x30\x2e\x30\x38\x33\x34\x32\x34\x68\x35\
\x32\x39\x2e\x30\x33\x34\x35\x35\x32\x61\x33\x36\x2e\x33\x35\x30\
\x34\x37\x32\x20\x33\x36\x2e\x33\x35\x30\x34\x37\x32\x20\x30\x20\
\x30\x20\x31\x20\x33\x36\x2e\x33\x35\x30\x34\x37\x32\x20\x33\x36\
\x2e\x33\x35\x30\x34\x37\x32\x56\x35\x36\x34\x2e\x37\x38\x34\x31\
\x39\x61\x31\x35\x39\x2e\x38\x32\x31\x39\x30\x39\x20\x31\x35\x39\
\x2e\x38\x32\x31\x39\x30\x39\x20\x30\x20\x30\x20\x30\x2d\x31\x33\
\x34\x2e\x32\x38\x36\x34\x35\x34\x2d\x39\x34\x2e\x33\x33\x30\x39\
\x37\x37\x48\x32\x36\x36\x2e\x34\x36\x39\x39\x38\x37\x76\x2d\x31\
\x30\x30\x2e\x36\x33\x39\x37\x33\x36\x7a\x4d\x31\x37\x30\x2e\x36\
\x33\x36\x39\x32\x35\x20\x34\x30\x33\x2e\x34\x36\x30\x31\x39\x35\
\x61\x33\x36\x2e\x30\x35\x30\x30\x35\x35\x20\x33\x36\x2e\x30\x35\
\x30\x30\x35\x35\x20\x30\x20\x30\x20\x31\x20\x33\x35\x2e\x34\x34\
\x39\x32\x32\x31\x2d\x33\x36\x2e\x30\x35\x30\x30\x35\x35\x76\x31\
\x30\x33\x2e\x30\x34\x33\x30\x37\x33\x48\x31\x37\x30\x2e\x36\x33\
\x36\x39\x32\x35\x7a\x4d\x39\x33\x31\x2e\x32\x39\x33\x30\x37\x39\
\x20\x39\x36\x33\x2e\x34\x33\x37\x37\x31\x31\x48\x32\x36\x33\x2e\
\x31\x36\x35\x33\x39\x39\x61\x36\x30\x2e\x30\x38\x33\x34\x32\x34\
\x20\x36\x30\x2e\x30\x38\x33\x34\x32\x34\x20\x30\x20\x30\x20\x31\
\x2d\x35\x30\x2e\x37\x37\x30\x34\x39\x34\x2d\x33\x36\x2e\x33\x35\
\x30\x34\x37\x32\x6c\x2d\x31\x34\x34\x2e\x38\x30\x31\x30\x35\x33\
\x2d\x33\x36\x30\x2e\x35\x30\x30\x35\x34\x37\x63\x2d\x37\x2e\x38\
\x31\x30\x38\x34\x35\x2d\x32\x30\x2e\x31\x32\x37\x39\x34\x37\x20\
\x31\x2e\x38\x30\x32\x35\x30\x33\x2d\x33\x36\x2e\x33\x35\x30\x34\
\x37\x32\x20\x32\x31\x2e\x39\x33\x30\x34\x35\x2d\x33\x36\x2e\x33\
\x35\x30\x34\x37\x31\x68\x36\x36\x38\x2e\x34\x32\x38\x30\x39\x37\
\x61\x36\x30\x2e\x30\x38\x33\x34\x32\x34\x20\x36\x30\x2e\x30\x38\
\x33\x34\x32\x34\x20\x30\x20\x30\x20\x31\x20\x35\x30\x2e\x37\x37\
\x30\x34\x39\x34\x20\x33\x36\x2e\x33\x35\x30\x34\x37\x31\x6c\x31\
\x34\x34\x2e\x35\x30\x30\x36\x33\x36\x20\x33\x36\x30\x2e\x35\x30\
\x30\x35\x34\x37\x63\x38\x2e\x31\x31\x31\x32\x36\x32\x20\x32\x30\
\x2e\x31\x32\x37\x39\x34\x37\x2d\x31\x2e\x35\x30\x32\x30\x38\x36\
\x20\x33\x36\x2e\x33\x35\x30\x34\x37\x32\x2d\x32\x31\x2e\x39\x33\
\x30\x34\x35\x20\x33\x36\x2e\x33\x35\x30\x34\x37\x32\x7a\x22\x20\
\x70\x2d\x69\x64\x3d\x22\x32\x33\x34\x33\x30\x22\x20\x66\x69\x6c\
\x6c\x3d\x22\x23\x33\x33\x33\x33\x33\x33\x22\x3e\x3c\x2f\x70\x61\
\x74\x68\x3e\x3c\x70\x61\x74\x68\x20\x64\x3d\x22\x4d\x33\x39\x38\
\x2e\x30\x35\x32\x36\x38\x37\x20\x31\x32\x38\x2e\x38\x37\x38\x39\
\x34\x35\x68\x32\x32\x35\x2e\x30\x31\x32\x34\x32\x34\x76\x36\x33\
\x2e\x30\x38\x37\x35\x39\x36\x68\x2d\x32\x32\x35\x2e\x30\x31\x32\
\x34\x32\x34\x7a\x4d\x33\x39\x38\x2e\x30\x35\x32\x36\x38\x37\x20\
\x32\x34\x34\x2e\x32\x33\x39\x31\x32\x68\x33\x35\x32\x2e\x36\x38\
\x39\x37\x30\x31\x76\x36\x33\x2e\x30\x38\x37\x35\x39\x36\x48\x33\
\x39\x38\x2e\x30\x35\x32\x36\x38\x37\x7a\x4d\x33\x39\x38\x2e\x30\
\x35\x32\x36\x38\x37\x20\x33\x35\x39\x2e\x35\x39\x39\x32\x39\x35\
\x68\x33\x35\x32\x2e\x36\x38\x39\x37\x30\x31\x76\x36\x33\x2e\x30\
\x38\x37\x35\x39\x36\x48\x33\x39\x38\x2e\x30\x35\x32\x36\x38\x37\
\x7a\x22\x20\x70\x2d\x69\x64\x3d\x22\x32\x33\x34\x33\x31\x22\x20\
\x66\x69\x6c\x6c\x3d\x22\x23\x33\x33\x33\x33\x33\x33\x22\x3e\x3c\
\x2f\x70\x61\x74\x68\x3e\x3c\x2f\x73\x76\x67\x3e\
\x00\x00\x03\x30\
\x3c\
\x3f\x78\x6d\x6c\x20\x76\x65\x72\x73\x69\x6f\x6e\x3d\x22\x31\x2e\
\x30\x22\x20\x73\x74\x61\x6e\x64\x61\x6c\x6f\x6e\x65\x3d\x22\x6e\
\x6f\x22\x3f\x3e\x3c\x21\x44\x4f\x43\x54\x59\x50\x45\x20\x73\x76\
\x67\x20\x50\x55\x42\x4c\x49\x43\x20\x22\x2d\x2f\x2f\x57\x33\x43\
\x2f\x2f\x44\x54\x44\x20\x53\x56\x47\x20\x31\x2e\x31\x2f\x2f\x45\
\x4e\x22\x20\x22\x68\x74\x74\x70\x3a\x2f\x2f\x77\x77\x77\x2e\x77\
\x33\x2e\x6f\x72\x67\x2f\x47\x72\x61\x70\x68\x69\x63\x73\x2f\x53\
\x56\x47\x2f\x31\x2e\x31\x2f\x44\x54\x44\x2f\x73\x76\x67\x31\x31\
\x2e\x64\x74\x64\x22\x3e\x3c\x73\x76\x67\x20\x74\x3d\x22\x31\x37\
\x38\x35\x37\x37\x39\x37\x30\x33\x33\x33\x37\x22\x20\x63\x6c\x61\
\x73\x73\x3d\x22\x69\x63\x6f\x6e\x22\x20\x76\x69\x65\x77\x42\x6f\
\x78\x3d\x22\x30\x20\x30\x20\x31\x30\x32\x34\x20\x31\x30\x32\x34\
\x22\x20\x76\x65\x72\x73\x69\x6f\x6e\x3d\x22\x31\x2e\x31\x22\x20\
\x78\x6d\x6c\x6e\x73\x3d\x22\x68\x74\x74\x70\x3a\x2f\x2f\x77\x77\
\x77\x2e\x77\x33\x2e\x6f\x72\x67\x2f\x32\x30\x30\x30\x2f\x73\x76\
\x67\x22\x20\x70\x2d\x69\x64\x3d\x22\x38\x34\x37\x39\x22\x20\x78\
\x6d\x6c\x6e\x73\x3a\x78\x6c\x69\x6e\x6b\x3d\x22\x68\x74\x74\x70\
\x3a\x2f\x2f\x77\x77\x77\x2e\x77\x33\x2e\x6f\x72\x67\x2f\x31\x39\
\x39\x39\x2f\x78\x6c\x69\x6e\x6b\x22\x20\x77\x69\x64\x74\x68\x3d\
\x22\x32\x30\x30\x22\x20\x68\x65\x69\x67\x68\x74\x3d\x22\x32\x30\
\x30\x22\x3e\x3c\x70\x61\x74\x68\x20\x64\x3d\x22\x4d\x39\x33\x38\
\x2e\x36\x36\x36\x36\x36\x37\x20\x38\x35\x33\x2e\x36\x33\x32\x61\
\x34\x32\x2e\x36\x36\x36\x36\x36\x37\x20\x34\x32\x2e\x36\x36\x36\
\x36\x36\x37\x20\x30\x20\x30\x20\x31\x2d\x34\x32\x2e\x33\x32\x35\
\x33\x33\x34\x20\x34\x32\x2e\x33\x36\x38\x48\x31\x32\x37\x2e\x36\
\x35\x38\x36\x36\x37\x41\x34\x32\x2e\x33\x36\x38\x20\x34\x32\x2e\
\x33\x36\x38\x20\x30\x20\x30\x20\x31\x20\x38\x35\x2e\x33\x33\x33\
\x33\x33\x33\x20\x38\x35\x33\x2e\x36\x33\x32\x56\x38\x31\x30\x2e\
\x36\x36\x36\x36\x36\x37\x68\x37\x36\x38\x56\x33\x31\x31\x2e\x34\
\x36\x36\x36\x36\x37\x6c\x2d\x33\x34\x31\x2e\x33\x33\x33\x33\x33\
\x33\x20\x33\x30\x37\x2e\x32\x2d\x34\x32\x36\x2e\x36\x36\x36\x36\
\x36\x37\x2d\x33\x38\x34\x56\x31\x37\x30\x2e\x36\x36\x36\x36\x36\
\x37\x61\x34\x32\x2e\x36\x36\x36\x36\x36\x37\x20\x34\x32\x2e\x36\
\x36\x36\x36\x36\x37\x20\x30\x20\x30\x20\x31\x20\x34\x32\x2e\x36\
\x36\x36\x36\x36\x37\x2d\x34\x32\x2e\x36\x36\x36\x36\x36\x37\x68\
\x37\x36\x38\x61\x34\x32\x2e\x36\x36\x36\x36\x36\x37\x20\x34\x32\
\x2e\x36\x36\x36\x36\x36\x37\x20\x30\x20\x30\x20\x31\x20\x34\x32\
\x2e\x36\x36\x36\x36\x36\x37\x20\x34\x32\x2e\x36\x36\x36\x36\x36\
\x37\x76\x36\x38\x32\x2e\x39\x36\x35\x33\x33\x33\x7a\x4d\x31\x38\
\x39\x2e\x31\x38\x34\x20\x32\x31\x33\x2e\x33\x33\x33\x33\x33\x33\
\x4c\x35\x31\x32\x20\x35\x30\x33\x2e\x38\x39\x33\x33\x33\x33\x20\
\x38\x33\x34\x2e\x38\x31\x36\x20\x32\x31\x33\x2e\x33\x33\x33\x33\
\x33\x33\x48\x31\x38\x39\x2e\x31\x38\x34\x7a\x4d\x30\x20\x36\x34\
\x30\x68\x33\x34\x31\x2e\x33\x33\x33\x33\x33\x33\x76\x38\x35\x2e\
\x33\x33\x33\x33\x33\x33\x48\x30\x76\x2d\x38\x35\x2e\x33\x33\x33\
\x33\x33\x33\x7a\x20\x6d\x30\x2d\x32\x31\x33\x2e\x33\x33\x33\x33\
\x33\x33\x68\x32\x31\x33\x2e\x33\x33\x33\x33\x33\x33\x76\x38\x35\
\x2e\x33\x33\x33\x33\x33\x33\x48\x30\x76\x2d\x38\x35\x2e\x33\x33\
\x33\x33\x33\x33\x7a\x22\x20\x66\x69\x6c\x6c\x3d\x22\x23\x33\x33\
\x33\x33\x33\x33\x22\x20\x70\x2d\x69\x64\x3d\x22\x38\x34\x38\x30\
\x22\x3e\x3c\x2f\x70\x61\x74\x68\x3e\x3c\x2f\x73\x76\x67\x3e\
\x00\x00\x09\xb7\
\x3c\
\x3f\x78\x6d\x6c\x20\x76\x65\x72\x73\x69\x6f\x6e\x3d\x22\x31\x2e\
\x30\x22\x20\x73\x74\x61\x6e\x64\x61\x6c\x6f\x6e\x65\x3d\x22\x6e\
\x6f\x22\x3f\x3e\x3c\x21\x44\x4f\x43\x54\x59\x50\x45\x20\x73\x76\
\x67\x20\x50\x55\x42\x4c\x49\x43\x20\x22\x2d\x2f\x2f\x57\x33\x43\
\x2f\x2f\x44\x54\x44\x20\x53\x56\x47\x20\x31\x2e\x31\x2f\x2f\x45\
\x4e\x22\x20\x22\x68\x74\x74\x70\x3a\x2f\x2f\x77\x77\x77\x2e\x77\
\x33\x2e\x6f\x72\x67\x2f\x47\x72\x61\x70\x68\x69\x63\x73\x2f\x53\
\x56\x47\x2f\x31\x2e\x31\x2f\x44\x54\x44\x2f\x73\x76\x67\x31\x31\
\x2e\x64\x74\x64\x22\x3e\x3c\x73\x76\x67\x20\x74\x3d\x22\x31\x37\
\x38\x34\x36\x34\x30\x35\x34\x35\x39\x31\x32\x22\x20\x63\x6c\x61\
\x73\x73\x3d\x22\x69\x63\x6f\x6e\x22\x20\x76\x69\x65\x77\x42\x6f\
\x78\x3d\x22\x30\x20\x30\x20\x31\x30\x32\x34\x20\x31\x30\x32\x34\
\x22\x20\x76\x65\x72\x73\x69\x6f\x6e\x3d\x22\x31\x2e\x31\x22\x20\
\x78\x6d\x6c\x6e\x73\x3d\x22\x68\x74\x74\x70\x3a\x2f\x2f\x77\x77\
\x77\x2e\x77\x33\x2e\x6f\x72\x67\x2f\x32\x30\x30\x30\x2f\x73\x76\
\x67\x22\x20\x70\x2d\x69\x64\x3d\x22\x33\x35\x31\x32\x39\x22\x20\
\x78\x6d\x6c\x6e\x73\x3a\x78\x6c\x69\x6e\x6b\x3d\x22\x68\x74\x74\
\x70\x3a\x2f\x2f\x77\x77\x77\x2e\x77\x33\x2e\x6f\x72\x67\x2f\x31\
\x39\x39\x39\x2f\x78\x6c\x69\x6e\x6b\x22\x20\x77\x69\x64\x74\x68\
\x3d\x22\x32\x30\x30\x22\x20\x68\x65\x69\x67\x68\x74\x3d\x22\x32\
\x30\x30\x22\x3e\x3c\x70\x61\x74\x68\x20\x64\x3d\x22\x4d\x39\x38\
\x37\x2e\x34\x32\x38\x35\x37\x31\x20\x31\x31\x30\x2e\x38\x35\x37\
\x31\x34\x33\x48\x37\x32\x35\x2e\x39\x34\x32\x38\x35\x37\x63\x2d\
\x35\x36\x2e\x31\x31\x34\x32\x38\x36\x20\x30\x2d\x31\x31\x30\x2e\
\x39\x37\x31\x34\x32\x39\x20\x31\x36\x2e\x31\x31\x34\x32\x38\x36\
\x2d\x31\x35\x38\x2e\x31\x37\x31\x34\x32\x38\x20\x34\x36\x2e\x35\
\x31\x34\x32\x38\x36\x4c\x35\x31\x32\x20\x31\x39\x33\x2e\x31\x34\
\x32\x38\x35\x37\x6c\x2d\x35\x35\x2e\x37\x37\x31\x34\x32\x39\x2d\
\x33\x35\x2e\x37\x37\x31\x34\x32\x38\x41\x32\x39\x31\x2e\x36\x35\
\x37\x31\x34\x33\x20\x32\x39\x31\x2e\x36\x35\x37\x31\x34\x33\x20\
\x30\x20\x30\x20\x30\x20\x32\x39\x38\x2e\x30\x35\x37\x31\x34\x33\
\x20\x31\x31\x30\x2e\x38\x35\x37\x31\x34\x33\x48\x33\x36\x2e\x35\
\x37\x31\x34\x32\x39\x63\x2d\x32\x30\x2e\x32\x32\x38\x35\x37\x31\
\x20\x30\x2d\x33\x36\x2e\x35\x37\x31\x34\x32\x39\x20\x31\x36\x2e\
\x33\x34\x32\x38\x35\x37\x2d\x33\x36\x2e\x35\x37\x31\x34\x32\x39\
\x20\x33\x36\x2e\x35\x37\x31\x34\x32\x38\x76\x36\x34\x39\x2e\x31\
\x34\x32\x38\x35\x38\x63\x30\x20\x32\x30\x2e\x32\x32\x38\x35\x37\
\x31\x20\x31\x36\x2e\x33\x34\x32\x38\x35\x37\x20\x33\x36\x2e\x35\
\x37\x31\x34\x32\x39\x20\x33\x36\x2e\x35\x37\x31\x34\x32\x39\x20\
\x33\x36\x2e\x35\x37\x31\x34\x32\x38\x68\x32\x36\x31\x2e\x34\x38\
\x35\x37\x31\x34\x63\x35\x36\x2e\x31\x31\x34\x32\x38\x36\x20\x30\
\x20\x31\x31\x30\x2e\x39\x37\x31\x34\x32\x39\x20\x31\x36\x2e\x31\
\x31\x34\x32\x38\x36\x20\x31\x35\x38\x2e\x31\x37\x31\x34\x32\x38\
\x20\x34\x36\x2e\x35\x31\x34\x32\x38\x36\x6c\x35\x30\x2e\x37\x34\
\x32\x38\x35\x38\x20\x33\x32\x2e\x36\x38\x35\x37\x31\x34\x63\x31\
\x2e\x34\x38\x35\x37\x31\x34\x20\x30\x2e\x39\x31\x34\x32\x38\x36\
\x20\x33\x2e\x32\x20\x31\x2e\x34\x38\x35\x37\x31\x34\x20\x34\x2e\
\x39\x31\x34\x32\x38\x35\x20\x31\x2e\x34\x38\x35\x37\x31\x34\x73\
\x33\x2e\x34\x32\x38\x35\x37\x31\x2d\x30\x2e\x34\x35\x37\x31\x34\
\x33\x20\x34\x2e\x39\x31\x34\x32\x38\x36\x2d\x31\x2e\x34\x38\x35\
\x37\x31\x34\x6c\x35\x30\x2e\x37\x34\x32\x38\x35\x37\x2d\x33\x32\
\x2e\x36\x38\x35\x37\x31\x34\x43\x36\x31\x34\x2e\x38\x35\x37\x31\
\x34\x33\x20\x38\x34\x39\x2e\x32\x35\x37\x31\x34\x33\x20\x36\x36\
\x39\x2e\x38\x32\x38\x35\x37\x31\x20\x38\x33\x33\x2e\x31\x34\x32\
\x38\x35\x37\x20\x37\x32\x35\x2e\x39\x34\x32\x38\x35\x37\x20\x38\
\x33\x33\x2e\x31\x34\x32\x38\x35\x37\x48\x39\x38\x37\x2e\x34\x32\
\x38\x35\x37\x31\x63\x32\x30\x2e\x32\x32\x38\x35\x37\x31\x20\x30\
\x20\x33\x36\x2e\x35\x37\x31\x34\x32\x39\x2d\x31\x36\x2e\x33\x34\
\x32\x38\x35\x37\x20\x33\x36\x2e\x35\x37\x31\x34\x32\x39\x2d\x33\
\x36\x2e\x35\x37\x31\x34\x32\x38\x56\x31\x34\x37\x2e\x34\x32\x38\
\x35\x37\x31\x63\x30\x2d\x32\x30\x2e\x32\x32\x38\x35\x37\x31\x2d\
\x31\x36\x2e\x33\x34\x32\x38\x35\x37\x2d\x33\x36\x2e\x35\x37\x31\
\x34\x32\x39\x2d\x33\x36\x2e\x35\x37\x31\x34\x32\x39\x2d\x33\x36\
\x2e\x35\x37\x31\x34\x32\x38\x7a\x4d\x32\x39\x38\x2e\x30\x35\x37\
\x31\x34\x33\x20\x37\x35\x30\x2e\x38\x35\x37\x31\x34\x33\x48\x38\
\x32\x2e\x32\x38\x35\x37\x31\x34\x56\x31\x39\x33\x2e\x31\x34\x32\
\x38\x35\x37\x68\x32\x31\x35\x2e\x37\x37\x31\x34\x32\x39\x63\x34\
\x30\x2e\x34\x35\x37\x31\x34\x33\x20\x30\x20\x37\x39\x2e\x37\x37\
\x31\x34\x32\x39\x20\x31\x31\x2e\x35\x34\x32\x38\x35\x37\x20\x31\
\x31\x33\x2e\x37\x31\x34\x32\x38\x36\x20\x33\x33\x2e\x33\x37\x31\
\x34\x32\x39\x6c\x35\x35\x2e\x37\x37\x31\x34\x32\x38\x20\x33\x35\
\x2e\x37\x37\x31\x34\x32\x38\x20\x37\x2e\x38\x38\x35\x37\x31\x34\
\x20\x35\x2e\x31\x34\x32\x38\x35\x37\x76\x35\x32\x38\x63\x2d\x35\
\x34\x2e\x34\x2d\x32\x39\x2e\x32\x35\x37\x31\x34\x33\x2d\x31\x31\
\x35\x2e\x32\x2d\x34\x34\x2e\x35\x37\x31\x34\x32\x39\x2d\x31\x37\
\x37\x2e\x33\x37\x31\x34\x32\x38\x2d\x34\x34\x2e\x35\x37\x31\x34\
\x32\x38\x7a\x20\x6d\x36\x34\x33\x2e\x36\x35\x37\x31\x34\x33\x20\
\x30\x48\x37\x32\x35\x2e\x39\x34\x32\x38\x35\x37\x63\x2d\x36\x32\
\x2e\x31\x37\x31\x34\x32\x39\x20\x30\x2d\x31\x32\x32\x2e\x39\x37\
\x31\x34\x32\x39\x20\x31\x35\x2e\x33\x31\x34\x32\x38\x36\x2d\x31\
\x37\x37\x2e\x33\x37\x31\x34\x32\x38\x20\x34\x34\x2e\x35\x37\x31\
\x34\x32\x38\x56\x32\x36\x37\x2e\x34\x32\x38\x35\x37\x31\x6c\x37\
\x2e\x38\x38\x35\x37\x31\x34\x2d\x35\x2e\x31\x34\x32\x38\x35\x37\
\x20\x35\x35\x2e\x37\x37\x31\x34\x32\x38\x2d\x33\x35\x2e\x37\x37\
\x31\x34\x32\x38\x63\x33\x33\x2e\x39\x34\x32\x38\x35\x37\x2d\x32\
\x31\x2e\x38\x32\x38\x35\x37\x31\x20\x37\x33\x2e\x32\x35\x37\x31\
\x34\x33\x2d\x33\x33\x2e\x33\x37\x31\x34\x32\x39\x20\x31\x31\x33\
\x2e\x37\x31\x34\x32\x38\x36\x2d\x33\x33\x2e\x33\x37\x31\x34\x32\
\x39\x48\x39\x34\x31\x2e\x37\x31\x34\x32\x38\x36\x76\x35\x35\x37\
\x2e\x37\x31\x34\x32\x38\x36\x7a\x4d\x33\x38\x30\x2e\x34\x35\x37\
\x31\x34\x33\x20\x33\x33\x39\x2e\x34\x32\x38\x35\x37\x31\x48\x31\
\x36\x38\x2e\x31\x31\x34\x32\x38\x36\x63\x2d\x34\x2e\x34\x35\x37\
\x31\x34\x33\x20\x30\x2d\x38\x2e\x31\x31\x34\x32\x38\x36\x20\x33\
\x2e\x38\x38\x35\x37\x31\x34\x2d\x38\x2e\x31\x31\x34\x32\x38\x36\
\x20\x38\x2e\x35\x37\x31\x34\x32\x39\x76\x35\x31\x2e\x34\x32\x38\
\x35\x37\x31\x63\x30\x20\x34\x2e\x36\x38\x35\x37\x31\x34\x20\x33\
\x2e\x36\x35\x37\x31\x34\x33\x20\x38\x2e\x35\x37\x31\x34\x32\x39\
\x20\x38\x2e\x31\x31\x34\x32\x38\x36\x20\x38\x2e\x35\x37\x31\x34\
\x32\x39\x68\x32\x31\x32\x2e\x32\x32\x38\x35\x37\x31\x63\x34\x2e\
\x34\x35\x37\x31\x34\x33\x20\x30\x20\x38\x2e\x31\x31\x34\x32\x38\
\x36\x2d\x33\x2e\x38\x38\x35\x37\x31\x34\x20\x38\x2e\x31\x31\x34\
\x32\x38\x36\x2d\x38\x2e\x35\x37\x31\x34\x32\x39\x76\x2d\x35\x31\
\x2e\x34\x32\x38\x35\x37\x31\x63\x30\x2e\x31\x31\x34\x32\x38\x36\
\x2d\x34\x2e\x36\x38\x35\x37\x31\x34\x2d\x33\x2e\x35\x34\x32\x38\
\x35\x37\x2d\x38\x2e\x35\x37\x31\x34\x32\x39\x2d\x38\x2d\x38\x2e\
\x35\x37\x31\x34\x32\x39\x7a\x20\x6d\x32\x35\x34\x2e\x39\x37\x31\
\x34\x32\x38\x20\x38\x2e\x35\x37\x31\x34\x32\x39\x76\x35\x31\x2e\
\x34\x32\x38\x35\x37\x31\x63\x30\x20\x34\x2e\x36\x38\x35\x37\x31\
\x34\x20\x33\x2e\x36\x35\x37\x31\x34\x33\x20\x38\x2e\x35\x37\x31\
\x34\x32\x39\x20\x38\x2e\x31\x31\x34\x32\x38\x36\x20\x38\x2e\x35\
\x37\x31\x34\x32\x39\x68\x32\x31\x32\x2e\x32\x32\x38\x35\x37\x32\
\x63\x34\x2e\x34\x35\x37\x31\x34\x33\x20\x30\x20\x38\x2e\x31\x31\
\x34\x32\x38\x36\x2d\x33\x2e\x38\x38\x35\x37\x31\x34\x20\x38\x2e\
\x31\x31\x34\x32\x38\x35\x2d\x38\x2e\x35\x37\x31\x34\x32\x39\x76\
\x2d\x35\x31\x2e\x34\x32\x38\x35\x37\x31\x63\x30\x2d\x34\x2e\x36\
\x38\x35\x37\x31\x34\x2d\x33\x2e\x36\x35\x37\x31\x34\x33\x2d\x38\
\x2e\x35\x37\x31\x34\x32\x39\x2d\x38\x2e\x31\x31\x34\x32\x38\x35\
\x2d\x38\x2e\x35\x37\x31\x34\x32\x39\x48\x36\x34\x33\x2e\x35\x34\
\x32\x38\x35\x37\x63\x2d\x34\x2e\x34\x35\x37\x31\x34\x33\x20\x30\
\x2d\x38\x2e\x31\x31\x34\x32\x38\x36\x20\x33\x2e\x38\x38\x35\x37\
\x31\x34\x2d\x38\x2e\x31\x31\x34\x32\x38\x36\x20\x38\x2e\x35\x37\
\x31\x34\x32\x39\x7a\x4d\x33\x38\x30\x2e\x34\x35\x37\x31\x34\x33\
\x20\x34\x39\x39\x2e\x34\x32\x38\x35\x37\x31\x48\x31\x36\x38\x2e\
\x31\x31\x34\x32\x38\x36\x63\x2d\x34\x2e\x34\x35\x37\x31\x34\x33\
\x20\x30\x2d\x38\x2e\x31\x31\x34\x32\x38\x36\x20\x33\x2e\x38\x38\
\x35\x37\x31\x34\x2d\x38\x2e\x31\x31\x34\x32\x38\x36\x20\x38\x2e\
\x35\x37\x31\x34\x32\x39\x76\x35\x31\x2e\x34\x32\x38\x35\x37\x31\
\x63\x30\x20\x34\x2e\x36\x38\x35\x37\x31\x34\x20\x33\x2e\x36\x35\
\x37\x31\x34\x33\x20\x38\x2e\x35\x37\x31\x34\x32\x39\x20\x38\x2e\
\x31\x31\x34\x32\x38\x36\x20\x38\x2e\x35\x37\x31\x34\x32\x39\x68\
\x32\x31\x32\x2e\x32\x32\x38\x35\x37\x31\x63\x34\x2e\x34\x35\x37\
\x31\x34\x33\x20\x30\x20\x38\x2e\x31\x31\x34\x32\x38\x36\x2d\x33\
\x2e\x38\x38\x35\x37\x31\x34\x20\x38\x2e\x31\x31\x34\x32\x38\x36\
\x2d\x38\x2e\x35\x37\x31\x34\x32\x39\x76\x2d\x35\x31\x2e\x34\x32\
\x38\x35\x37\x31\x63\x30\x2e\x31\x31\x34\x32\x38\x36\x2d\x34\x2e\
\x36\x38\x35\x37\x31\x34\x2d\x33\x2e\x35\x34\x32\x38\x35\x37\x2d\
\x38\x2e\x35\x37\x31\x34\x32\x39\x2d\x38\x2d\x38\x2e\x35\x37\x31\
\x34\x32\x39\x7a\x20\x6d\x34\x37\x35\x2e\x34\x32\x38\x35\x37\x31\
\x20\x30\x48\x36\x34\x33\x2e\x35\x34\x32\x38\x35\x37\x63\x2d\x34\
\x2e\x34\x35\x37\x31\x34\x33\x20\x30\x2d\x38\x2e\x31\x31\x34\x32\
\x38\x36\x20\x33\x2e\x38\x38\x35\x37\x31\x34\x2d\x38\x2e\x31\x31\
\x34\x32\x38\x36\x20\x38\x2e\x35\x37\x31\x34\x32\x39\x76\x35\x31\
\x2e\x34\x32\x38\x35\x37\x31\x63\x30\x20\x34\x2e\x36\x38\x35\x37\
\x31\x34\x20\x33\x2e\x36\x35\x37\x31\x34\x33\x20\x38\x2e\x35\x37\
\x31\x34\x32\x39\x20\x38\x2e\x31\x31\x34\x32\x38\x36\x20\x38\x2e\
\x35\x37\x31\x34\x32\x39\x68\x32\x31\x32\x2e\x32\x32\x38\x35\x37\
\x32\x63\x34\x2e\x34\x35\x37\x31\x34\x33\x20\x30\x20\x38\x2e\x31\
\x31\x34\x32\x38\x36\x2d\x33\x2e\x38\x38\x35\x37\x31\x34\x20\x38\
\x2e\x31\x31\x34\x32\x38\x35\x2d\x38\x2e\x35\x37\x31\x34\x32\x39\
\x76\x2d\x35\x31\x2e\x34\x32\x38\x35\x37\x31\x63\x30\x2e\x31\x31\
\x34\x32\x38\x36\x2d\x34\x2e\x36\x38\x35\x37\x31\x34\x2d\x33\x2e\
\x35\x34\x32\x38\x35\x37\x2d\x38\x2e\x35\x37\x31\x34\x32\x39\x2d\
\x38\x2d\x38\x2e\x35\x37\x31\x34\x32\x39\x7a\x22\x20\x70\x2d\x69\
\x64\x3d\x22\x33\x35\x31\x33\x30\x22\x20\x66\x69\x6c\x6c\x3d\x22\
\x23\x33\x33\x33\x33\x33\x33\x22\x3e\x3c\x2f\x70\x61\x74\x68\x3e\
\x3c\x2f\x73\x76\x67\x3e\
\x00\x00\x04\x94\
\x3c\
\x3f\x78\x6d\x6c\x20\x76\x65\x72\x73\x69\x6f\x6e\x3d\x22\x31\x2e\
\x30\x22\x20\x73\x74\x61\x6e\x64\x61\x6c\x6f\x6e\x65\x3d\x22\x6e\
\x6f\x22\x3f\x3e\x3c\x21\x44\x4f\x43\x54\x59\x50\x45\x20\x73\x76\
\x67\x20\x50\x55\x42\x4c\x49\x43\x20\x22\x2d\x2f\x2f\x57\x33\x43\
\x2f\x2f\x44\x54\x44\x20\x53\x56\x47\x20\x31\x2e\x31\x2f\x2f\x45\
\x4e\x22\x20\x22\x68\x74\x74\x70\x3a\x2f\x2f\x77\x77\x77\x2e\x77\
\x33\x2e\x6f\x72\x67\x2f\x47\x72\x61\x70\x68\x69\x63\x73\x2f\x53\
\x56\x47\x2f\x31\x2e\x31\x2f\x44\x54\x44\x2f\x73\x76\x67\x31\x31\
\x2e\x64\x74\x64\x22\x3e\x3c\x73\x76\x67\x20\x74\x3d\x22\x31\x37\
\x37\x37\x36\x34\x37\x37\x38\x30\x35\x38\x30\x22\x20\x63\x6c\x61\
\x73\x73\x3d\x22\x69\x63\x6f\x6e\x22\x20\x76\x69\x65\x77\x42\x6f\
\x78\x3d\x22\x30\x20\x30\x20\x31\x30\x32\x34\x20\x31\x30\x32\x34\
\x22\x20\x76\x65\x72\x73\x69\x6f\x6e\x3d\x22\x31\x2e\x31\x22\x20\
\x78\x6d\x6c\x6e\x73\x3d\x22\x68\x74\x74\x70\x3a\x2f\x2f\x77\x77\
\x77\x2e\x77\x33\x2e\x6f\x72\x67\x2f\x32\x30\x30\x30\x2f\x73\x76\
\x67\x22\x20\x70\x2d\x69\x64\x3d\x22\x35\x32\x34\x30\x22\x20\x78\
\x6d\x6c\x6e\x73\x3a\x78\x6c\x69\x6e\x6b\x3d\x22\x68\x74\x74\x70\
\x3a\x2f\x2f\x77\x77\x77\x2e\x77\x33\x2e\x6f\x72\x67\x2f\x31\x39\
\x39\x39\x2f\x78\x6c\x69\x6e\x6b\x22\x20\x77\x69\x64\x74\x68\x3d\
\x22\x32\x30\x30\x22\x20\x68\x65\x69\x67\x68\x74\x3d\x22\x32\x30\
\x30\x22\x3e\x3c\x70\x61\x74\x68\x20\x64\x3d\x22\x4d\x33\x38\x35\
\x2e\x31\x35\x30\x38\x34\x39\x20\x33\x38\x35\x2e\x36\x36\x32\x33\
\x33\x38\x6c\x2d\x31\x32\x38\x2e\x38\x39\x35\x31\x30\x35\x20\x30\
\x20\x30\x2d\x31\x35\x30\x2e\x33\x37\x37\x36\x32\x32\x71\x30\x2d\
\x34\x39\x2e\x31\x30\x32\x38\x39\x37\x20\x31\x39\x2e\x34\x33\x36\
\x35\x36\x33\x2d\x39\x31\x2e\x35\x35\x36\x34\x34\x34\x74\x35\x33\
\x2e\x37\x30\x36\x32\x39\x34\x2d\x37\x34\x2e\x36\x37\x37\x33\x32\
\x33\x20\x38\x30\x2e\x38\x31\x35\x31\x38\x35\x2d\x35\x30\x2e\x36\
\x33\x37\x33\x36\x33\x20\x31\x30\x31\x2e\x37\x38\x36\x32\x31\x34\
\x2d\x31\x38\x2e\x34\x31\x33\x35\x38\x36\x71\x34\x39\x2e\x31\x30\
\x32\x38\x39\x37\x20\x30\x20\x39\x34\x2e\x36\x32\x35\x33\x37\x35\
\x20\x31\x38\x2e\x34\x31\x33\x35\x38\x36\x74\x38\x30\x2e\x38\x31\
\x35\x31\x38\x35\x20\x35\x30\x2e\x36\x33\x37\x33\x36\x33\x20\x35\
\x36\x2e\x32\x36\x33\x37\x33\x36\x20\x37\x34\x2e\x36\x37\x37\x33\
\x32\x33\x20\x32\x30\x2e\x39\x37\x31\x30\x32\x39\x20\x39\x31\x2e\
\x35\x35\x36\x34\x34\x34\x6c\x30\x20\x31\x35\x30\x2e\x33\x37\x37\
\x36\x32\x32\x2d\x31\x32\x33\x2e\x37\x38\x30\x32\x32\x20\x30\x20\
\x30\x2d\x31\x32\x31\x2e\x37\x33\x34\x32\x36\x36\x71\x30\x2d\x36\
\x34\x2e\x34\x34\x37\x35\x35\x32\x2d\x33\x35\x2e\x38\x30\x34\x31\
\x39\x36\x2d\x39\x39\x2e\x37\x34\x30\x32\x36\x74\x2d\x39\x37\x2e\
\x31\x38\x32\x38\x31\x37\x2d\x33\x35\x2e\x32\x39\x32\x37\x30\x37\
\x71\x2d\x35\x35\x2e\x32\x34\x30\x37\x35\x39\x20\x30\x2d\x38\x38\
\x2e\x39\x39\x39\x30\x30\x31\x20\x33\x35\x2e\x32\x39\x32\x37\x30\
\x37\x74\x2d\x33\x33\x2e\x37\x35\x38\x32\x34\x32\x20\x39\x39\x2e\
\x37\x34\x30\x32\x36\x6c\x30\x20\x31\x32\x31\x2e\x37\x33\x34\x32\
\x36\x36\x7a\x4d\x38\x32\x36\x2e\x30\x35\x33\x39\x34\x36\x20\x34\
\x34\x37\x2e\x30\x34\x30\x39\x35\x39\x71\x32\x37\x2e\x36\x32\x30\
\x33\x38\x20\x30\x20\x34\x37\x2e\x35\x36\x38\x34\x33\x32\x20\x31\
\x39\x2e\x39\x34\x38\x30\x35\x32\x74\x31\x39\x2e\x39\x34\x38\x30\
\x35\x32\x20\x34\x37\x2e\x35\x36\x38\x34\x33\x32\x6c\x30\x20\x33\
\x31\x37\x2e\x31\x32\x32\x38\x37\x37\x71\x30\x20\x32\x37\x2e\x36\
\x32\x30\x33\x38\x2d\x39\x2e\x37\x31\x38\x32\x38\x32\x20\x35\x31\
\x2e\x36\x36\x30\x33\x34\x74\x2d\x32\x36\x2e\x35\x39\x37\x34\x30\
\x33\x20\x34\x31\x2e\x39\x34\x32\x30\x35\x38\x2d\x33\x39\x2e\x38\
\x39\x36\x31\x30\x34\x20\x32\x38\x2e\x31\x33\x31\x38\x36\x38\x2d\
\x35\x30\x2e\x36\x33\x37\x33\x36\x33\x20\x31\x30\x2e\x32\x32\x39\
\x37\x37\x6c\x2d\x35\x31\x36\x2e\x36\x30\x33\x33\x39\x37\x20\x30\
\x71\x2d\x32\x37\x2e\x36\x32\x30\x33\x38\x20\x30\x2d\x35\x30\x2e\
\x31\x32\x35\x38\x37\x34\x2d\x31\x30\x2e\x32\x32\x39\x37\x37\x74\
\x2d\x33\x38\x2e\x33\x36\x31\x36\x33\x38\x2d\x32\x37\x2e\x31\x30\
\x38\x38\x39\x31\x2d\x32\x34\x2e\x35\x35\x31\x34\x34\x39\x2d\x33\
\x39\x2e\x33\x38\x34\x36\x31\x35\x2d\x38\x2e\x36\x39\x35\x33\x30\
\x35\x2d\x34\x38\x2e\x30\x37\x39\x39\x32\x6c\x30\x2d\x33\x32\x34\
\x2e\x32\x38\x33\x37\x31\x36\x71\x30\x2d\x32\x37\x2e\x36\x32\x30\
\x33\x38\x20\x31\x39\x2e\x34\x33\x36\x35\x36\x33\x2d\x34\x37\x2e\
\x35\x36\x38\x34\x33\x32\x74\x34\x37\x2e\x30\x35\x36\x39\x34\x33\
\x2d\x31\x39\x2e\x39\x34\x38\x30\x35\x32\x6c\x36\x31\x2e\x33\x37\
\x38\x36\x32\x31\x20\x30\x20\x31\x32\x38\x2e\x38\x39\x35\x31\x30\
\x35\x20\x30\x20\x32\x35\x35\x2e\x37\x34\x34\x32\x35\x36\x20\x30\
\x20\x31\x32\x33\x2e\x37\x38\x30\x32\x32\x20\x30\x20\x36\x31\x2e\
\x33\x37\x38\x36\x32\x31\x20\x30\x7a\x22\x20\x70\x2d\x69\x64\x3d\
\x22\x35\x32\x34\x31\x22\x20\x66\x69\x6c\x6c\x3d\x22\x23\x33\x33\
\x33\x33\x33\x33\x22\x3e\x3c\x2f\x70\x61\x74\x68\x3e\x3c\x2f\x73\
\x76\x67\x3e\
\x00\x00\x09\x30\
\x3c\
\x3f\x78\x6d\x6c\x20\x76\x65\x72\x73\x69\x6f\x6e\x3d\x22\x31\x2e\
\x30\x22\x20\x73\x74\x61\x6e\x64\x61\x6c\x6f\x6e\x65\x3d\x22\x6e\
\x6f\x22\x3f\x3e\x3c\x21\x44\x4f\x43\x54\x59\x50\x45\x20\x73\x76\
\x67\x20\x50\x55\x42\x4c\x49\x43\x20\x22\x2d\x2f\x2f\x57\x33\x43\
\x2f\x2f\x44\x54\x44\x20\x53\x56\x47\x20\x31\x2e\x31\x2f\x2f\x45\
\x4e\x22\x20\x22\x68\x74\x74\x70\x3a\x2f\x2f\x77\x77\x77\x2e\x77\
\x33\x2e\x6f\x72\x67\x2f\x47\x72\x61\x70\x68\x69\x63\x73\x2f\x53\
\x56\x47\x2f\x31\x2e\x31\x2f\x44\x54\x44\x2f\x73\x76\x67\x31\x31\
\x2e\x64\x74\x64\x22\x3e\x3c\x73\x76\x67\x20\x74\x3d\x22\x31\x37\
\x37\x37\x38\x39\x35\x36\x35\x31\x39\x37\x35\x22\x20\x63\x6c\x61\
\x73\x73\x3d\x22\x69\x63\x6f\x6e\x22\x20\x76\x69\x65\x77\x42\x6f\
\x78\x3d\x22\x30\x20\x30\x20\x31\x30\x32\x34\x20\x31\x30\x32\x34\
\x22\x20\x76\x65\x72\x73\x69\x6f\x6e\x3d\x22\x31\x2e\x31\x22\x20\
\x78\x6d\x6c\x6e\x73\x3d\x22\x68\x74\x74\x70\x3a\x2f\x2f\x77\x77\
\x77\x2e\x77\x33\x2e\x6f\x72\x67\x2f\x32\x30\x30\x30\x2f\x73\x76\
\x67\x22\x20\x70\x2d\x69\x64\x3d\x22\x36\x34\x37\x33\x22\x20\x78\
\x6d\x6c\x6e\x73\x3a\x78\x6c\x69\x6e\x6b\x3d\x22\x68\x74\x74\x70\
\x3a\x2f\x2f\x77\x77\x77\x2e\x77\x33\x2e\x6f\x72\x67\x2f\x31\x39\
\x39\x39\x2f\x78\x6c\x69\x6e\x6b\x22\x20\x77\x69\x64\x74\x68\x3d\
\x22\x32\x30\x30\x22\x20\x68\x65\x69\x67\x68\x74\x3d\x22\x32\x30\
\x30\x22\x3e\x3c\x70\x61\x74\x68\x20\x64\x3d\x22\x4d\x35\x34\x34\
\x2e\x30\x33\x33\x33\x30\x32\x20\x35\x31\x36\x2e\x30\x30\x30\x37\
\x37\x36\x56\x39\x36\x2e\x30\x30\x30\x35\x36\x34\x63\x30\x2d\x31\
\x37\x2e\x36\x37\x32\x30\x35\x31\x2d\x31\x34\x2e\x34\x37\x38\x36\
\x35\x35\x2d\x33\x31\x2e\x39\x39\x38\x39\x38\x34\x2d\x33\x32\x2e\
\x31\x35\x30\x37\x30\x36\x2d\x33\x31\x2e\x39\x39\x38\x39\x38\x34\
\x73\x2d\x33\x32\x2e\x31\x35\x30\x37\x30\x36\x20\x31\x34\x2e\x33\
\x32\x36\x39\x33\x33\x2d\x33\x32\x2e\x31\x35\x30\x37\x30\x37\x20\
\x33\x31\x2e\x39\x39\x38\x39\x38\x34\x76\x34\x32\x30\x2e\x30\x36\
\x31\x36\x32\x34\x63\x2d\x35\x34\x2e\x39\x30\x39\x30\x37\x32\x20\
\x31\x34\x2e\x32\x35\x31\x30\x37\x32\x2d\x39\x35\x2e\x38\x30\x39\
\x31\x30\x35\x20\x36\x34\x2e\x33\x33\x33\x39\x32\x35\x2d\x39\x35\
\x2e\x38\x30\x39\x31\x30\x35\x20\x31\x32\x33\x2e\x39\x33\x35\x35\
\x35\x34\x20\x30\x20\x35\x39\x2e\x36\x39\x31\x39\x34\x31\x20\x34\
\x30\x2e\x38\x32\x30\x35\x36\x20\x31\x30\x39\x2e\x38\x33\x36\x32\
\x30\x36\x20\x39\x36\x2e\x30\x39\x30\x38\x37\x36\x20\x31\x32\x34\
\x2e\x30\x30\x30\x35\x37\x39\x61\x33\x32\x2e\x32\x39\x38\x38\x31\
\x36\x20\x33\x32\x2e\x32\x39\x38\x38\x31\x36\x20\x30\x20\x30\x20\
\x30\x2d\x30\x2e\x32\x38\x31\x37\x37\x31\x20\x34\x2e\x30\x30\x36\
\x31\x39\x35\x76\x31\x35\x39\x2e\x39\x39\x34\x39\x32\x63\x30\x20\
\x31\x37\x2e\x36\x37\x32\x30\x35\x31\x20\x31\x34\x2e\x34\x37\x38\
\x36\x35\x35\x20\x33\x31\x2e\x39\x39\x38\x39\x38\x34\x20\x33\x32\
\x2e\x31\x35\x30\x37\x30\x37\x20\x33\x31\x2e\x39\x39\x38\x39\x38\
\x34\x73\x33\x32\x2e\x31\x35\x30\x37\x30\x36\x2d\x31\x34\x2e\x33\
\x32\x36\x39\x33\x33\x20\x33\x32\x2e\x31\x35\x30\x37\x30\x36\x2d\
\x33\x31\x2e\x39\x39\x38\x39\x38\x34\x56\x37\x36\x38\x2e\x30\x30\
\x34\x35\x31\x36\x61\x33\x32\x2e\x32\x38\x30\x37\x35\x34\x20\x33\
\x32\x2e\x32\x38\x30\x37\x35\x34\x20\x30\x20\x30\x20\x30\x2d\x30\
\x2e\x33\x31\x37\x38\x39\x34\x2d\x33\x2e\x39\x34\x31\x31\x37\x31\
\x63\x35\x35\x2e\x33\x38\x39\x35\x32\x36\x2d\x31\x34\x2e\x30\x38\
\x38\x35\x31\x32\x20\x39\x36\x2e\x33\x39\x37\x39\x33\x33\x2d\x36\
\x34\x2e\x33\x30\x31\x34\x31\x33\x20\x39\x36\x2e\x33\x39\x37\x39\
\x33\x32\x2d\x31\x32\x34\x2e\x30\x35\x38\x33\x37\x38\x20\x30\x2e\
\x30\x31\x30\x38\x33\x37\x2d\x35\x39\x2e\x36\x39\x31\x39\x34\x31\
\x2d\x34\x30\x2e\x38\x30\x39\x37\x32\x33\x2d\x31\x30\x39\x2e\x38\
\x33\x32\x35\x39\x33\x2d\x39\x36\x2e\x30\x38\x30\x30\x33\x38\x2d\
\x31\x32\x34\x2e\x30\x30\x34\x31\x39\x31\x7a\x20\x6d\x31\x33\x2e\
\x32\x32\x31\x35\x32\x37\x20\x31\x36\x39\x2e\x32\x34\x39\x39\x38\
\x39\x61\x36\x34\x2e\x30\x30\x31\x35\x38\x20\x36\x34\x2e\x30\x30\
\x31\x35\x38\x20\x30\x20\x31\x20\x31\x20\x31\x38\x2e\x37\x34\x34\
\x39\x34\x35\x2d\x34\x35\x2e\x32\x35\x36\x36\x33\x35\x20\x36\x33\
\x2e\x35\x37\x38\x39\x32\x35\x20\x36\x33\x2e\x35\x37\x38\x39\x32\
\x35\x20\x30\x20\x30\x20\x31\x2d\x31\x38\x2e\x37\x34\x34\x39\x34\
\x35\x20\x34\x35\x2e\x32\x36\x30\x32\x34\x37\x7a\x4d\x32\x32\x33\
\x2e\x36\x37\x38\x36\x30\x36\x20\x31\x39\x36\x2e\x30\x30\x33\x37\
\x31\x31\x61\x33\x32\x2e\x32\x38\x37\x39\x37\x39\x20\x33\x32\x2e\
\x32\x38\x37\x39\x37\x39\x20\x30\x20\x30\x20\x30\x20\x30\x2e\x32\
\x39\x32\x36\x30\x37\x2d\x34\x2e\x30\x30\x32\x35\x38\x32\x56\x39\
\x36\x2e\x30\x30\x30\x35\x36\x34\x61\x33\x31\x2e\x39\x37\x30\x30\
\x38\x34\x20\x33\x31\x2e\x39\x37\x30\x30\x38\x34\x20\x30\x20\x31\
\x20\x30\x2d\x36\x33\x2e\x39\x34\x30\x31\x36\x39\x20\x30\x56\x31\
\x39\x32\x2e\x30\x30\x31\x31\x32\x39\x61\x33\x32\x2e\x33\x37\x31\
\x30\x36\x35\x20\x33\x32\x2e\x33\x37\x31\x30\x36\x35\x20\x30\x20\
\x30\x20\x30\x20\x30\x2e\x31\x38\x30\x36\x32\x32\x20\x34\x2e\x30\
\x36\x30\x33\x38\x31\x63\x2d\x35\x35\x2e\x32\x37\x30\x33\x31\x36\
\x20\x31\x34\x2e\x31\x36\x30\x37\x36\x31\x2d\x39\x36\x2e\x31\x37\
\x33\x39\x36\x32\x20\x36\x34\x2e\x33\x30\x31\x34\x31\x33\x2d\x39\
\x36\x2e\x31\x37\x33\x39\x36\x31\x20\x31\x32\x34\x2e\x30\x30\x30\
\x35\x37\x39\x73\x34\x30\x2e\x39\x31\x30\x38\x37\x31\x20\x31\x30\
\x39\x2e\x38\x31\x38\x31\x34\x33\x20\x39\x36\x2e\x31\x38\x31\x31\
\x38\x36\x20\x31\x32\x33\x2e\x39\x39\x36\x39\x36\x36\x61\x33\x32\
\x2e\x33\x36\x30\x32\x32\x38\x20\x33\x32\x2e\x33\x36\x30\x32\x32\
\x38\x20\x30\x20\x30\x20\x30\x2d\x30\x2e\x31\x38\x34\x32\x33\x34\
\x20\x33\x2e\x39\x33\x37\x35\x35\x38\x56\x39\x32\x37\x2e\x39\x39\
\x39\x34\x33\x36\x61\x33\x31\x2e\x39\x37\x30\x30\x38\x34\x20\x33\
\x31\x2e\x39\x37\x30\x30\x38\x34\x20\x30\x20\x31\x20\x30\x20\x36\
\x33\x2e\x39\x34\x30\x31\x36\x39\x20\x30\x56\x34\x34\x38\x2e\x30\
\x30\x30\x32\x32\x36\x61\x33\x32\x2e\x32\x38\x37\x39\x37\x39\x20\
\x33\x32\x2e\x32\x38\x37\x39\x37\x39\x20\x30\x20\x30\x20\x30\x2d\
\x30\x2e\x32\x37\x38\x31\x35\x38\x2d\x33\x2e\x38\x38\x33\x33\x37\
\x32\x63\x35\x35\x2e\x33\x38\x35\x39\x31\x34\x2d\x31\x34\x2e\x30\
\x38\x38\x35\x31\x32\x20\x39\x36\x2e\x33\x35\x30\x39\x37\x31\x2d\
\x36\x34\x2e\x33\x30\x31\x34\x31\x33\x20\x39\x36\x2e\x33\x35\x30\
\x39\x37\x31\x2d\x31\x32\x34\x2e\x30\x35\x34\x37\x36\x35\x53\x32\
\x37\x39\x2e\x30\x37\x31\x37\x34\x34\x20\x32\x31\x30\x2e\x30\x38\
\x34\x39\x39\x38\x20\x32\x32\x33\x2e\x36\x37\x38\x36\x30\x36\x20\
\x31\x39\x36\x2e\x30\x30\x33\x37\x31\x31\x7a\x20\x6d\x31\x33\x2e\
\x35\x37\x35\x35\x34\x35\x20\x31\x36\x39\x2e\x33\x31\x35\x30\x31\
\x33\x41\x36\x34\x2e\x30\x30\x31\x35\x38\x20\x36\x34\x2e\x30\x30\
\x31\x35\x38\x20\x30\x20\x31\x20\x31\x20\x32\x35\x35\x2e\x39\x39\
\x39\x30\x39\x37\x20\x33\x32\x30\x2e\x30\x36\x32\x30\x38\x39\x61\
\x36\x33\x2e\x35\x37\x38\x39\x32\x35\x20\x36\x33\x2e\x35\x37\x38\
\x39\x32\x35\x20\x30\x20\x30\x20\x31\x2d\x31\x38\x2e\x37\x34\x34\
\x39\x34\x36\x20\x34\x35\x2e\x32\x35\x36\x36\x33\x35\x7a\x4d\x39\
\x35\x39\x2e\x39\x39\x38\x34\x32\x20\x33\x32\x30\x2e\x30\x36\x32\
\x30\x38\x39\x63\x30\x2d\x35\x39\x2e\x37\x37\x35\x30\x32\x37\x2d\
\x34\x31\x2e\x30\x34\x38\x31\x34\x34\x2d\x31\x30\x39\x2e\x39\x37\
\x37\x30\x39\x31\x2d\x39\x36\x2e\x34\x35\x32\x31\x32\x2d\x31\x32\
\x34\x2e\x30\x35\x38\x33\x37\x38\x61\x33\x32\x2e\x33\x36\x30\x32\
\x32\x38\x20\x33\x32\x2e\x33\x36\x30\x32\x32\x38\x20\x30\x20\x30\
\x20\x30\x20\x30\x2e\x31\x37\x33\x33\x39\x37\x2d\x34\x2e\x30\x30\
\x32\x35\x38\x32\x56\x39\x36\x2e\x30\x30\x30\x35\x36\x34\x61\x33\
\x31\x2e\x39\x37\x30\x30\x38\x34\x20\x33\x31\x2e\x39\x37\x30\x30\
\x38\x34\x20\x30\x20\x31\x20\x30\x2d\x36\x33\x2e\x39\x34\x30\x31\
\x36\x39\x20\x30\x56\x31\x39\x32\x2e\x30\x30\x31\x31\x32\x39\x61\
\x33\x32\x2e\x32\x39\x31\x35\x39\x32\x20\x33\x32\x2e\x32\x39\x31\
\x35\x39\x32\x20\x30\x20\x30\x20\x30\x20\x30\x2e\x32\x39\x39\x38\
\x33\x33\x20\x34\x2e\x30\x36\x30\x33\x38\x31\x63\x2d\x35\x35\x2e\
\x32\x37\x30\x33\x31\x36\x20\x31\x34\x2e\x31\x36\x30\x37\x36\x31\
\x2d\x39\x36\x2e\x31\x31\x36\x31\x36\x32\x20\x36\x34\x2e\x33\x30\
\x31\x34\x31\x33\x2d\x39\x36\x2e\x31\x31\x36\x31\x36\x33\x20\x31\
\x32\x34\x2e\x30\x30\x30\x35\x37\x39\x73\x34\x30\x2e\x38\x32\x30\
\x35\x36\x20\x31\x30\x39\x2e\x38\x33\x36\x32\x30\x36\x20\x39\x36\
\x2e\x30\x39\x30\x38\x37\x36\x20\x31\x32\x34\x2e\x30\x30\x30\x35\
\x37\x38\x61\x33\x32\x2e\x32\x39\x38\x38\x31\x36\x20\x33\x32\x2e\
\x32\x39\x38\x38\x31\x36\x20\x30\x20\x30\x20\x30\x2d\x30\x2e\x32\
\x38\x31\x37\x37\x31\x20\x33\x2e\x39\x39\x38\x39\x37\x56\x39\x32\
\x37\x2e\x39\x39\x39\x34\x33\x36\x61\x33\x31\x2e\x39\x37\x30\x30\
\x38\x34\x20\x33\x31\x2e\x39\x37\x30\x30\x38\x34\x20\x30\x20\x31\
\x20\x30\x20\x36\x33\x2e\x39\x34\x30\x31\x36\x39\x20\x30\x56\x34\
\x34\x38\x2e\x30\x36\x31\x36\x33\x37\x61\x33\x32\x2e\x33\x38\x31\
\x39\x30\x33\x20\x33\x32\x2e\x33\x38\x31\x39\x30\x33\x20\x30\x20\
\x30\x20\x30\x2d\x30\x2e\x31\x36\x36\x31\x37\x32\x2d\x33\x2e\x39\
\x34\x31\x31\x37\x31\x63\x35\x35\x2e\x34\x30\x37\x35\x38\x38\x2d\
\x31\x34\x2e\x30\x38\x34\x38\x39\x39\x20\x39\x36\x2e\x34\x35\x32\
\x31\x31\x39\x2d\x36\x34\x2e\x32\x38\x36\x39\x36\x33\x20\x39\x36\
\x2e\x34\x35\x32\x31\x32\x2d\x31\x32\x34\x2e\x30\x35\x38\x33\x37\
\x37\x7a\x20\x6d\x2d\x38\x32\x2e\x37\x34\x36\x35\x32\x36\x20\x34\
\x35\x2e\x32\x35\x33\x30\x32\x32\x61\x36\x33\x2e\x39\x39\x37\x39\
\x36\x38\x20\x36\x33\x2e\x39\x39\x37\x39\x36\x38\x20\x30\x20\x31\
\x20\x31\x20\x31\x38\x2e\x37\x34\x38\x35\x35\x38\x2d\x34\x35\x2e\
\x32\x35\x33\x30\x32\x32\x20\x36\x33\x2e\x35\x37\x38\x39\x32\x35\
\x20\x36\x33\x2e\x35\x37\x38\x39\x32\x35\x20\x30\x20\x30\x20\x31\
\x2d\x31\x38\x2e\x37\x34\x38\x35\x35\x38\x20\x34\x35\x2e\x32\x35\
\x33\x30\x32\x32\x7a\x22\x20\x66\x69\x6c\x6c\x3d\x22\x23\x33\x33\
\x33\x33\x33\x33\x22\x20\x70\x2d\x69\x64\x3d\x22\x36\x34\x37\x34\
\x22\x3e\x3c\x2f\x70\x61\x74\x68\x3e\x3c\x2f\x73\x76\x67\x3e\
\x00\x00\x02\x92\
\x3c\
\x3f\x78\x6d\x6c\x20\x76\x65\x72\x73\x69\x6f\x6e\x3d\x22\x31\x2e\
\x30\x22\x20\x73\x74\x61\x6e\x64\x61\x6c\x6f\x6e\x65\x3d\x22\x6e\
\x6f\x22\x3f\x3e\x3c\x21\x44\x4f\x43\x54\x59\x50\x45\x20\x73\x76\
\x67\x20\x50\x55\x42\x4c\x49\x43\x20\x22\x2d\x2f\x2f\x57\x33\x43\
\x2f\x2f\x44\x54\x44\x20\x53\x56\x47\x20\x31\x2e\x31\x2f\x2f\x45\
\x4e\x22\x20\x22\x68\x74\x74\x70\x3a\x2f\x2f\x77\x77\x77\x2e\x77\
\x33\x2e\x6f\x72\x67\x2f\x47\x72\x61\x70\x68\x69\x63\x73\x2f\x53\
\x56\x47\x2f\x31\x2e\x31\x2f\x44\x54\x44\x2f\x73\x76\x67\x31\x31\
\x2e\x64\x74\x64\x22\x3e\x3c\x73\x76\x67\x20\x74\x3d\x22\x31\x37\
\x38\x34\x36\x33\x39\x38\x37\x32\x31\x30\x33\x22\x20\x63\x6c\x61\
\x73\x73\x3d\x22\x69\x63\x6f\x6e\x22\x20\x76\x69\x65\x77\x42\x6f\
\x78\x3d\x22\x30\x20\x30\x20\x31\x30\x32\x34\x20\x31\x30\x32\x34\
\x22\x20\x76\x65\x72\x73\x69\x6f\x6e\x3d\x22\x31\x2e\x31\x22\x20\
\x78\x6d\x6c\x6e\x73\x3d\x22\x68\x74\x74\x70\x3a\x2f\x2f\x77\x77\
\x77\x2e\x77\x33\x2e\x6f\x72\x67\x2f\x32\x30\x30\x30\x2f\x73\x76\
\x67\x22\x20\x70\x2d\x69\x64\x3d\x22\x38\x37\x39\x33\x22\x20\x78\
\x6d\x6c\x6e\x73\x3a\x78\x6c\x69\x6e\x6b\x3d\x22\x68\x74\x74\x70\
\x3a\x2f\x2f\x77\x77\x77\x2e\x77\x33\x2e\x6f\x72\x67\x2f\x31\x39\
\x39\x39\x2f\x78\x6c\x69\x6e\x6b\x22\x20\x77\x69\x64\x74\x68\x3d\
\x22\x32\x30\x30\x22\x20\x68\x65\x69\x67\x68\x74\x3d\x22\x32\x30\
\x30\x22\x3e\x3c\x70\x61\x74\x68\x20\x64\x3d\x22\x4d\x31\x32\x38\
\x20\x31\x32\x38\x68\x37\x36\x38\x61\x34\x32\x2e\x36\x36\x37\x20\
\x34\x32\x2e\x36\x36\x37\x20\x30\x20\x30\x20\x31\x20\x34\x32\x2e\
\x36\x36\x37\x20\x34\x32\x2e\x36\x36\x37\x76\x36\x38\x32\x2e\x36\
\x36\x36\x41\x34\x32\x2e\x36\x36\x37\x20\x34\x32\x2e\x36\x36\x37\
\x20\x30\x20\x30\x20\x31\x20\x38\x39\x36\x20\x38\x39\x36\x48\x31\
\x32\x38\x61\x34\x32\x2e\x36\x36\x37\x20\x34\x32\x2e\x36\x36\x37\
\x20\x30\x20\x30\x20\x31\x2d\x34\x32\x2e\x36\x36\x37\x2d\x34\x32\
\x2e\x36\x36\x37\x56\x31\x37\x30\x2e\x36\x36\x37\x41\x34\x32\x2e\
\x36\x36\x37\x20\x34\x32\x2e\x36\x36\x37\x20\x30\x20\x30\x20\x31\
\x20\x31\x32\x38\x20\x31\x32\x38\x7a\x20\x6d\x33\x38\x34\x20\x35\
\x31\x32\x76\x38\x35\x2e\x33\x33\x33\x68\x32\x35\x36\x56\x36\x34\
\x30\x48\x35\x31\x32\x7a\x4d\x33\x35\x38\x2e\x39\x39\x37\x20\x35\
\x31\x32\x4c\x32\x33\x38\x2e\x33\x33\x36\x20\x36\x33\x32\x2e\x36\
\x36\x31\x6c\x36\x30\x2e\x33\x33\x20\x36\x30\x2e\x33\x37\x34\x4c\
\x34\x37\x39\x2e\x37\x30\x32\x20\x35\x31\x32\x20\x32\x39\x38\x2e\
\x36\x36\x37\x20\x33\x33\x30\x2e\x39\x36\x35\x6c\x2d\x36\x30\x2e\
\x33\x33\x31\x20\x36\x30\x2e\x33\x37\x34\x4c\x33\x35\x38\x2e\x39\
\x39\x37\x20\x35\x31\x32\x7a\x22\x20\x70\x2d\x69\x64\x3d\x22\x38\
\x37\x39\x34\x22\x20\x66\x69\x6c\x6c\x3d\x22\x23\x33\x33\x33\x33\
\x33\x33\x22\x3e\x3c\x2f\x70\x61\x74\x68\x3e\x3c\x2f\x73\x76\x67\
\x3e\
\x00\x00\x06\x00\
\x3c\
\x3f\x78\x6d\x6c\x20\x76\x65\x72\x73\x69\x6f\x6e\x3d\x22\x31\x2e\
\x30\x22\x20\x73\x74\x61\x6e\x64\x61\x6c\x6f\x6e\x65\x3d\x22\x6e\
\x6f\x22\x3f\x3e\x3c\x21\x44\x4f\x43\x54\x59\x50\x45\x20\x73\x76\
\x67\x20\x50\x55\x42\x4c\x49\x43\x20\x22\x2d\x2f\x2f\x57\x33\x43\
\x2f\x2f\x44\x54\x44\x20\x53\x56\x47\x20\x31\x2e\x31\x2f\x2f\x45\
\x4e\x22\x20\x22\x68\x74\x74\x70\x3a\x2f\x2f\x77\x77\x77\x2e\x77\
\x33\x2e\x6f\x72\x67\x2f\x47\x72\x61\x70\x68\x69\x63\x73\x2f\x53\
\x56\x47\x2f\x31\x2e\x31\x2f\x44\x54\x44\x2f\x73\x76\x67\x31\x31\
\x2e\x64\x74\x64\x22\x3e\x3c\x73\x76\x67\x20\x74\x3d\x22\x31\x37\
\x37\x39\x37\x30\x35\x35\x39\x37\x32\x37\x33\x22\x20\x63\x6c\x61\
\x73\x73\x3d\x22\x69\x63\x6f\x6e\x22\x20\x76\x69\x65\x77\x42\x6f\
\x78\x3d\x22\x30\x20\x30\x20\x31\x30\x32\x34\x20\x31\x30\x32\x34\
\x22\x20\x76\x65\x72\x73\x69\x6f\x6e\x3d\x22\x31\x2e\x31\x22\x20\
\x78\x6d\x6c\x6e\x73\x3d\x22\x68\x74\x74\x70\x3a\x2f\x2f\x77\x77\
\x77\x2e\x77\x33\x2e\x6f\x72\x67\x2f\x32\x30\x30\x30\x2f\x73\x76\
\x67\x22\x20\x70\x2d\x69\x64\x3d\x22\x37\x33\x31\x36\x22\x20\x78\
\x6d\x6c\x6e\x73\x3a\x78\x6c\x69\x6e\x6b\x3d\x22\x68\x74\x74\x70\
\x3a\x2f\x2f\x77\x77\x77\x2e\x77\x33\x2e\x6f\x72\x67\x2f\x31\x39\
\x39\x39\x2f\x78\x6c\x69\x6e\x6b\x22\x20\x77\x69\x64\x74\x68\x3d\
\x22\x32\x30\x30\x22\x20\x68\x65\x69\x67\x68\x74\x3d\x22\x32\x30\
\x30\x22\x3e\x3c\x70\x61\x74\x68\x20\x64\x3d\x22\x4d\x31\x30\x30\
\x34\x2e\x30\x33\x34\x38\x36\x37\x20\x32\x36\x35\x2e\x32\x31\x36\
\x4c\x38\x33\x34\x2e\x35\x36\x32\x38\x36\x37\x20\x39\x35\x2e\x37\
\x34\x34\x61\x36\x37\x2e\x32\x37\x36\x38\x20\x36\x37\x2e\x32\x37\
\x36\x38\x20\x30\x20\x30\x20\x30\x2d\x34\x38\x2e\x36\x34\x2d\x31\
\x39\x2e\x39\x36\x38\x68\x2d\x34\x31\x2e\x39\x38\x34\x61\x36\x37\
\x2e\x31\x37\x34\x34\x20\x36\x37\x2e\x31\x37\x34\x34\x20\x30\x20\
\x30\x20\x30\x2d\x35\x36\x2e\x38\x33\x32\x20\x33\x31\x2e\x37\x34\
\x34\x63\x2d\x33\x35\x2e\x33\x32\x38\x20\x35\x32\x2e\x32\x32\x34\
\x2d\x31\x30\x30\x2e\x38\x36\x34\x20\x38\x35\x2e\x35\x30\x34\x2d\
\x31\x37\x36\x2e\x31\x32\x38\x20\x38\x35\x2e\x35\x30\x34\x53\x33\
\x36\x39\x2e\x31\x35\x34\x38\x36\x37\x20\x31\x35\x37\x2e\x36\x39\
\x36\x20\x33\x33\x33\x2e\x38\x32\x36\x38\x36\x37\x20\x31\x30\x37\
\x2e\x35\x32\x61\x36\x30\x2e\x34\x31\x36\x20\x36\x30\x2e\x34\x31\
\x36\x20\x30\x20\x30\x20\x30\x2d\x35\x33\x2e\x37\x36\x2d\x33\x31\
\x2e\x37\x34\x34\x68\x2d\x33\x36\x2e\x38\x36\x34\x63\x2d\x32\x33\
\x2e\x35\x35\x32\x20\x30\x2d\x34\x30\x2e\x34\x34\x38\x20\x36\x2e\
\x36\x35\x36\x2d\x35\x32\x2e\x32\x32\x34\x20\x31\x39\x2e\x39\x36\
\x38\x4c\x31\x39\x2e\x39\x37\x30\x38\x36\x37\x20\x32\x36\x35\x2e\
\x32\x31\x36\x61\x36\x35\x2e\x35\x33\x36\x20\x36\x35\x2e\x35\x33\
\x36\x20\x30\x20\x30\x20\x30\x20\x30\x20\x39\x34\x2e\x32\x30\x38\
\x6c\x39\x38\x2e\x38\x31\x36\x20\x39\x38\x2e\x38\x31\x36\x61\x36\
\x34\x2e\x30\x35\x31\x32\x20\x36\x34\x2e\x30\x35\x31\x32\x20\x30\
\x20\x30\x20\x30\x20\x34\x33\x2e\x35\x32\x20\x31\x38\x2e\x34\x33\
\x32\x20\x36\x33\x2e\x30\x37\x38\x34\x20\x36\x33\x2e\x30\x37\x38\
\x34\x20\x30\x20\x30\x20\x30\x20\x34\x33\x2e\x35\x32\x2d\x31\x38\
\x2e\x34\x33\x32\x68\x31\x2e\x35\x33\x36\x63\x31\x2e\x35\x33\x36\
\x20\x30\x20\x31\x2e\x35\x33\x36\x20\x30\x20\x31\x2e\x35\x33\x36\
\x20\x31\x2e\x35\x33\x36\x56\x38\x31\x34\x2e\x30\x38\x41\x31\x33\
\x34\x2e\x36\x30\x34\x38\x20\x31\x33\x34\x2e\x36\x30\x34\x38\x20\
\x30\x20\x30\x20\x30\x20\x33\x34\x33\x2e\x30\x34\x32\x38\x36\x37\
\x20\x39\x34\x38\x2e\x32\x32\x34\x68\x33\x33\x35\x2e\x38\x37\x32\
\x61\x31\x33\x34\x2e\x36\x30\x34\x38\x20\x31\x33\x34\x2e\x36\x30\
\x34\x38\x20\x30\x20\x30\x20\x30\x20\x31\x33\x34\x2e\x31\x34\x34\
\x2d\x31\x33\x34\x2e\x31\x34\x34\x56\x34\x35\x39\x2e\x37\x37\x36\
\x63\x30\x2d\x31\x2e\x35\x33\x36\x20\x30\x2d\x31\x2e\x35\x33\x36\
\x20\x31\x2e\x35\x33\x36\x2d\x31\x2e\x35\x33\x36\x68\x31\x2e\x35\
\x33\x36\x61\x36\x34\x2e\x30\x35\x31\x32\x20\x36\x34\x2e\x30\x35\
\x31\x32\x20\x30\x20\x30\x20\x30\x20\x34\x33\x2e\x35\x32\x20\x31\
\x38\x2e\x34\x33\x32\x20\x36\x30\x2e\x34\x31\x36\x20\x36\x30\x2e\
\x34\x31\x36\x20\x30\x20\x30\x20\x30\x20\x34\x33\x2e\x35\x32\x2d\
\x31\x38\x2e\x34\x33\x32\x6c\x39\x38\x2e\x38\x31\x36\x2d\x39\x38\
\x2e\x38\x31\x36\x63\x32\x38\x2e\x36\x37\x32\x2d\x32\x37\x2e\x31\
\x33\x36\x20\x32\x38\x2e\x36\x37\x32\x2d\x36\x39\x2e\x31\x32\x20\
\x32\x2e\x30\x34\x38\x2d\x39\x34\x2e\x32\x30\x38\x7a\x20\x6d\x2d\
\x31\x34\x32\x2e\x38\x34\x38\x20\x31\x34\x32\x2e\x38\x34\x38\x61\
\x36\x36\x2e\x35\x36\x20\x36\x36\x2e\x35\x36\x20\x30\x20\x30\x20\
\x30\x2d\x34\x35\x2e\x35\x36\x38\x2d\x31\x36\x2e\x38\x39\x36\x20\
\x36\x37\x2e\x39\x34\x32\x34\x20\x36\x37\x2e\x39\x34\x32\x34\x20\
\x30\x20\x30\x20\x30\x2d\x36\x38\x2e\x36\x30\x38\x20\x36\x38\x2e\
\x36\x30\x38\x56\x38\x31\x34\x2e\x30\x38\x61\x36\x37\x2e\x32\x37\
\x36\x38\x20\x36\x37\x2e\x32\x37\x36\x38\x20\x30\x20\x30\x20\x31\
\x2d\x36\x37\x2e\x30\x37\x32\x20\x36\x37\x2e\x30\x37\x32\x48\x33\
\x34\x34\x2e\x30\x36\x36\x38\x36\x37\x41\x36\x37\x2e\x32\x37\x36\
\x38\x20\x36\x37\x2e\x32\x37\x36\x38\x20\x30\x20\x30\x20\x31\x20\
\x32\x37\x36\x2e\x39\x39\x34\x38\x36\x37\x20\x38\x31\x34\x2e\x30\
\x38\x56\x34\x35\x39\x2e\x37\x37\x36\x61\x36\x37\x2e\x39\x34\x32\
\x34\x20\x36\x37\x2e\x39\x34\x32\x34\x20\x30\x20\x30\x20\x30\x2d\
\x36\x38\x2e\x36\x30\x38\x2d\x36\x38\x2e\x36\x30\x38\x20\x37\x31\
\x2e\x32\x37\x30\x34\x20\x37\x31\x2e\x32\x37\x30\x34\x20\x30\x20\
\x30\x20\x30\x2d\x34\x35\x2e\x35\x36\x38\x20\x31\x36\x2e\x38\x39\
\x36\x4c\x36\x37\x2e\x30\x37\x34\x38\x36\x37\x20\x33\x31\x32\x2e\
\x33\x32\x6c\x31\x36\x39\x2e\x34\x37\x32\x2d\x31\x36\x39\x2e\x34\
\x37\x32\x68\x34\x31\x2e\x39\x38\x34\x6c\x31\x2e\x35\x33\x36\x20\
\x31\x2e\x35\x33\x36\x43\x33\x32\x37\x2e\x31\x37\x30\x38\x36\x37\
\x20\x32\x31\x35\x2e\x30\x34\x20\x34\x31\x36\x2e\x32\x35\x38\x38\
\x36\x37\x20\x32\x36\x30\x2e\x30\x39\x36\x20\x35\x31\x32\x2e\x30\
\x30\x32\x38\x36\x37\x20\x32\x36\x30\x2e\x30\x39\x36\x73\x31\x38\
\x34\x2e\x38\x33\x32\x2d\x34\x33\x2e\x35\x32\x20\x32\x33\x31\x2e\
\x34\x32\x34\x2d\x31\x31\x35\x2e\x37\x31\x32\x61\x31\x2e\x34\x38\
\x34\x38\x20\x31\x2e\x34\x38\x34\x38\x20\x30\x20\x30\x20\x31\x20\
\x31\x2e\x35\x33\x36\x2d\x31\x2e\x35\x33\x36\x68\x34\x30\x2e\x34\
\x34\x38\x4c\x39\x35\x36\x2e\x39\x33\x30\x38\x36\x37\x20\x33\x31\
\x32\x2e\x33\x32\x7a\x22\x20\x66\x69\x6c\x6c\x3d\x22\x23\x33\x33\
\x33\x33\x33\x33\x22\x20\x70\x2d\x69\x64\x3d\x22\x37\x33\x31\x37\
\x22\x3e\x3c\x2f\x70\x61\x74\x68\x3e\x3c\x2f\x73\x76\x67\x3e\
\x00\x00\x02\x72\
\x3c\
\x3f\x78\x6d\x6c\x20\x76\x65\x72\x73\x69\x6f\x6e\x3d\x22\x31\x2e\
\x30\x22\x20\x73\x74\x61\x6e\x64\x61\x6c\x6f\x6e\x65\x3d\x22\x6e\
\x6f\x22\x3f\x3e\x3c\x21\x44\x4f\x43\x54\x59\x50\x45\x20\x73\x76\
\x67\x20\x50\x55\x42\x4c\x49\x43\x20\x22\x2d\x2f\x2f\x57\x33\x43\
\x2f\x2f\x44\x54\x44\x20\x53\x56\x47\x20\x31\x2e\x31\x2f\x2f\x45\
\x4e\x22\x20\x22\x68\x74\x74\x70\x3a\x2f\x2f\x77\x77\x77\x2e\x77\
\x33\x2e\x6f\x72\x67\x2f\x47\x72\x61\x70\x68\x69\x63\x73\x2f\x53\
\x56\x47\x2f\x31\x2e\x31\x2f\x44\x54\x44\x2f\x73\x76\x67\x31\x31\
\x2e\x64\x74\x64\x22\x3e\x3c\x73\x76\x67\x20\x74\x3d\x22\x31\x37\
\x37\x37\x31\x37\x31\x33\x38\x30\x30\x30\x30\x22\x20\x63\x6c\x61\
\x73\x73\x3d\x22\x69\x63\x6f\x6e\x22\x20\x76\x69\x65\x77\x42\x6f\
\x78\x3d\x22\x30\x20\x30\x20\x31\x30\x32\x34\x20\x31\x30\x32\x34\
\x22\x20\x76\x65\x72\x73\x69\x6f\x6e\x3d\x22\x31\x2e\x31\x22\x20\
\x78\x6d\x6c\x6e\x73\x3d\x22\x68\x74\x74\x70\x3a\x2f\x2f\x77\x77\
\x77\x2e\x77\x33\x2e\x6f\x72\x67\x2f\x32\x30\x30\x30\x2f\x73\x76\
\x67\x22\x20\x70\x2d\x69\x64\x3d\x22\x37\x30\x30\x31\x22\x20\x78\
\x6d\x6c\x6e\x73\x3a\x78\x6c\x69\x6e\x6b\x3d\x22\x68\x74\x74\x70\
\x3a\x2f\x2f\x77\x77\x77\x2e\x77\x33\x2e\x6f\x72\x67\x2f\x31\x39\
\x39\x39\x2f\x78\x6c\x69\x6e\x6b\x22\x20\x77\x69\x64\x74\x68\x3d\
\x22\x32\x30\x30\x22\x20\x68\x65\x69\x67\x68\x74\x3d\x22\x32\x30\
\x30\x22\x3e\x3c\x70\x61\x74\x68\x20\x64\x3d\x22\x4d\x32\x36\x34\
\x2e\x31\x20\x32\x33\x33\x2e\x34\x63\x2d\x31\x38\x2e\x35\x2d\x31\
\x38\x2e\x35\x2d\x34\x38\x2e\x35\x2d\x31\x38\x2e\x35\x2d\x36\x37\
\x20\x30\x73\x2d\x31\x38\x2e\x35\x20\x34\x38\x2e\x35\x20\x30\x20\
\x36\x37\x4c\x34\x34\x35\x20\x35\x31\x32\x20\x31\x39\x37\x2e\x31\
\x20\x37\x35\x39\x2e\x39\x63\x2d\x31\x38\x2e\x35\x20\x31\x38\x2e\
\x35\x2d\x31\x38\x2e\x35\x20\x34\x38\x2e\x35\x20\x30\x20\x36\x37\
\x73\x34\x38\x2e\x35\x20\x31\x38\x2e\x35\x20\x36\x37\x20\x30\x4c\
\x35\x31\x32\x20\x35\x37\x39\x6c\x32\x34\x37\x2e\x39\x20\x32\x34\
\x37\x2e\x39\x63\x31\x38\x2e\x35\x20\x31\x38\x2e\x35\x20\x34\x38\
\x2e\x35\x20\x31\x38\x2e\x35\x20\x36\x37\x20\x30\x73\x31\x38\x2e\
\x35\x2d\x34\x38\x2e\x35\x20\x30\x2d\x36\x37\x4c\x35\x37\x39\x20\
\x35\x31\x32\x6c\x32\x34\x37\x2e\x39\x2d\x32\x34\x37\x2e\x39\x63\
\x31\x38\x2e\x35\x2d\x31\x38\x2e\x35\x20\x31\x38\x2e\x35\x2d\x34\
\x38\x2e\x35\x20\x30\x2d\x36\x37\x73\x2d\x34\x38\x2e\x35\x2d\x31\
\x38\x2e\x35\x2d\x36\x37\x20\x30\x4c\x35\x31\x32\x20\x34\x34\x35\
\x20\x32\x36\x34\x2e\x31\x20\x32\x33\x33\x2e\x34\x7a\x22\x20\x66\
\x69\x6c\x6c\x3d\x22\x23\x33\x33\x33\x33\x33\x33\x22\x20\x70\x2d\
\x69\x64\x3d\x22\x37\x30\x30\x32\x22\x2f\x3e\x3c\x2f\x73\x76\x67\
\x3e\
\x00\x00\x02\x25\
\x3c\
\x3f\x78\x6d\x6c\x20\x76\x65\x72\x73\x69\x6f\x6e\x3d\x22\x31\x2e\
\x30\x22\x20\x73\x74\x61\x6e\x64\x61\x6c\x6f\x6e\x65\x3d\x22\x6e\
\x6f\x22\x3f\x3e\x3c\x21\x44\x4f\x43\x54\x59\x50\x45\x20\x73\x76\
\x67\x20\x50\x55\x42\x4c\x49\x43\x20\x22\x2d\x2f\x2f\x57\x33\x43\
\x2f\x2f\x44\x54\x44\x20\x53\x56\x47\x20\x31\x2e\x31\x2f\x2f\x45\
\x4e\x22\x20\x22\x68\x74\x74\x70\x3a\x2f\x2f\x77\x77\x77\x2e\x77\
\x33\x2e\x6f\x72\x67\x2f\x47\x72\x61\x70\x68\x69\x63\x73\x2f\x53\
\x56\x47\x2f\x31\x2e\x31\x2f\x44\x54\x44\x2f\x73\x76\x67\x31\x31\
\x2e\x64\x74\x64\x22\x3e\x3c\x73\x76\x67\x20\x74\x3d\x22\x31\x37\
\x36\x36\x35\x30\x34\x39\x39\x33\x35\x36\x35\x22\x20\x63\x6c\x61\
\x73\x73\x3d\x22\x69\x63\x6f\x6e\x22\x20\x76\x69\x65\x77\x42\x6f\
\x78\x3d\x22\x30\x20\x30\x20\x31\x30\x32\x34\x20\x31\x30\x32\x34\
\x22\x20\x76\x65\x72\x73\x69\x6f\x6e\x3d\x22\x31\x2e\x31\x22\x20\
\x78\x6d\x6c\x6e\x73\x3d\x22\x68\x74\x74\x70\x3a\x2f\x2f\x77\x77\
\x77\x2e\x77\x33\x2e\x6f\x72\x67\x2f\x32\x30\x30\x30\x2f\x73\x76\
\x67\x22\x20\x70\x2d\x69\x64\x3d\x22\x33\x33\x36\x32\x30\x22\x20\
\x78\x6d\x6c\x6e\x73\x3a\x78\x6c\x69\x6e\x6b\x3d\x22\x68\x74\x74\
\x70\x3a\x2f\x2f\x77\x77\x77\x2e\x77\x33\x2e\x6f\x72\x67\x2f\x31\
\x39\x39\x39\x2f\x78\x6c\x69\x6e\x6b\x22\x20\x77\x69\x64\x74\x68\
\x3d\x22\x32\x30\x30\x22\x20\x68\x65\x69\x67\x68\x74\x3d\x22\x32\
\x30\x30\x22\x3e\x3c\x70\x61\x74\x68\x20\x64\x3d\x22\x4d\x33\x33\
\x32\x2e\x31\x36\x20\x38\x38\x33\x2e\x38\x34\x61\x34\x30\x2e\x39\
\x36\x20\x34\x30\x2e\x39\x36\x20\x30\x20\x30\x20\x30\x20\x35\x38\
\x2e\x32\x34\x20\x30\x6c\x33\x33\x38\x2e\x35\x36\x2d\x33\x34\x33\
\x2e\x30\x34\x61\x34\x30\x2e\x39\x36\x20\x34\x30\x2e\x39\x36\x20\
\x30\x20\x30\x20\x30\x20\x30\x2d\x35\x38\x2e\x32\x34\x4c\x33\x39\
\x30\x2e\x34\x20\x31\x34\x30\x2e\x31\x36\x61\x34\x30\x2e\x39\x36\
\x20\x34\x30\x2e\x39\x36\x20\x30\x20\x30\x20\x30\x2d\x35\x38\x2e\
\x32\x34\x20\x35\x38\x2e\x32\x34\x4c\x36\x34\x30\x20\x35\x31\x32\
\x6c\x2d\x33\x30\x37\x2e\x38\x34\x20\x33\x31\x34\x2e\x32\x34\x61\
\x34\x30\x2e\x39\x36\x20\x34\x30\x2e\x39\x36\x20\x30\x20\x30\x20\
\x30\x20\x30\x20\x35\x37\x2e\x36\x7a\x22\x20\x66\x69\x6c\x6c\x3d\
\x22\x23\x33\x33\x33\x33\x33\x33\x22\x20\x70\x2d\x69\x64\x3d\x22\
\x33\x33\x36\x32\x31\x22\x3e\x3c\x2f\x70\x61\x74\x68\x3e\x3c\x2f\
\x73\x76\x67\x3e\
\x00\x00\x05\x28\
\x3c\
\x3f\x78\x6d\x6c\x20\x76\x65\x72\x73\x69\x6f\x6e\x3d\x22\x31\x2e\
\x30\x22\x20\x73\x74\x61\x6e\x64\x61\x6c\x6f\x6e\x65\x3d\x22\x6e\
\x6f\x22\x3f\x3e\x3c\x21\x44\x4f\x43\x54\x59\x50\x45\x20\x73\x76\
\x67\x20\x50\x55\x42\x4c\x49\x43\x20\x22\x2d\x2f\x2f\x57\x33\x43\
\x2f\x2f\x44\x54\x44\x20\x53\x56\x47\x20\x31\x2e\x31\x2f\x2f\x45\
\x4e\x22\x20\x22\x68\x74\x74\x70\x3a\x2f\x2f\x77\x77\x77\x2e\x77\
\x33\x2e\x6f\x72\x67\x2f\x47\x72\x61\x70\x68\x69\x63\x73\x2f\x53\
\x56\x47\x2f\x31\x2e\x31\x2f\x44\x54\x44\x2f\x73\x76\x67\x31\x31\
\x2e\x64\x74\x64\x22\x3e\x3c\x73\x76\x67\x20\x74\x3d\x22\x31\x37\
\x38\x33\x38\x32\x33\x31\x33\x39\x37\x32\x30\x22\x20\x63\x6c\x61\
\x73\x73\x3d\x22\x69\x63\x6f\x6e\x22\x20\x76\x69\x65\x77\x42\x6f\
\x78\x3d\x22\x30\x20\x30\x20\x31\x30\x32\x34\x20\x31\x30\x32\x34\
\x22\x20\x76\x65\x72\x73\x69\x6f\x6e\x3d\x22\x31\x2e\x31\x22\x20\
\x78\x6d\x6c\x6e\x73\x3d\x22\x68\x74\x74\x70\x3a\x2f\x2f\x77\x77\
\x77\x2e\x77\x33\x2e\x6f\x72\x67\x2f\x32\x30\x30\x30\x2f\x73\x76\
\x67\x22\x20\x70\x2d\x69\x64\x3d\x22\x35\x31\x32\x39\x22\x20\x78\
\x6d\x6c\x6e\x73\x3a\x78\x6c\x69\x6e\x6b\x3d\x22\x68\x74\x74\x70\
\x3a\x2f\x2f\x77\x77\x77\x2e\x77\x33\x2e\x6f\x72\x67\x2f\x31\x39\
\x39\x39\x2f\x78\x6c\x69\x6e\x6b\x22\x20\x77\x69\x64\x74\x68\x3d\
\x22\x32\x30\x30\x22\x20\x68\x65\x69\x67\x68\x74\x3d\x22\x32\x30\
\x30\x22\x3e\x3c\x70\x61\x74\x68\x20\x64\x3d\x22\x4d\x38\x39\x34\
\x2e\x32\x35\x39\x32\x20\x30\x43\x39\x36\x35\x2e\x39\x33\x39\x32\
\x20\x30\x20\x31\x30\x32\x34\x20\x35\x38\x2e\x38\x38\x20\x31\x30\
\x32\x34\x20\x31\x33\x31\x2e\x34\x33\x30\x34\x76\x35\x32\x30\x2e\
\x31\x39\x32\x63\x30\x20\x37\x32\x2e\x36\x30\x31\x36\x2d\x35\x38\
\x2e\x30\x36\x30\x38\x20\x31\x33\x31\x2e\x34\x33\x30\x34\x2d\x31\
\x32\x39\x2e\x37\x34\x30\x38\x20\x31\x33\x31\x2e\x34\x33\x30\x34\
\x68\x2d\x32\x34\x2e\x37\x32\x39\x36\x63\x30\x20\x36\x36\x2e\x35\
\x36\x2d\x35\x33\x2e\x39\x31\x33\x36\x20\x31\x32\x30\x2e\x34\x37\
\x33\x36\x2d\x31\x32\x30\x2e\x34\x37\x33\x36\x20\x31\x32\x30\x2e\
\x34\x37\x33\x36\x48\x33\x36\x31\x2e\x34\x37\x32\x4c\x31\x38\x30\
\x2e\x36\x38\x34\x38\x20\x31\x30\x32\x34\x76\x2d\x31\x32\x30\x2e\
\x34\x37\x33\x36\x48\x31\x32\x30\x2e\x34\x37\x33\x36\x41\x31\x32\
\x30\x2e\x34\x37\x33\x36\x20\x31\x32\x30\x2e\x34\x37\x33\x36\x20\
\x30\x20\x30\x20\x31\x20\x30\x20\x37\x38\x33\x2e\x30\x35\x32\x38\
\x56\x32\x37\x35\x2e\x34\x35\x36\x63\x30\x2d\x36\x36\x2e\x35\x36\
\x20\x35\x33\x2e\x39\x31\x33\x36\x2d\x31\x32\x30\x2e\x34\x37\x33\
\x36\x20\x31\x32\x30\x2e\x34\x37\x33\x36\x2d\x31\x32\x30\x2e\x34\
\x37\x33\x36\x68\x36\x30\x2e\x32\x31\x31\x32\x76\x2d\x32\x33\x2e\
\x35\x35\x32\x43\x31\x38\x30\x2e\x37\x33\x36\x20\x35\x38\x2e\x38\
\x32\x38\x38\x20\x32\x33\x38\x2e\x37\x39\x36\x38\x20\x30\x20\x33\
\x31\x30\x2e\x34\x32\x35\x36\x20\x30\x68\x35\x38\x33\x2e\x38\x33\
\x33\x36\x7a\x20\x6d\x2d\x31\x37\x32\x2e\x32\x38\x38\x20\x32\x34\
\x31\x2e\x36\x36\x34\x48\x31\x35\x31\x2e\x35\x35\x32\x63\x2d\x33\
\x33\x2e\x32\x38\x20\x30\x2d\x36\x30\x2e\x32\x36\x32\x34\x20\x32\
\x36\x2e\x39\x38\x32\x34\x2d\x36\x30\x2e\x32\x36\x32\x34\x20\x36\
\x30\x2e\x32\x36\x32\x34\x76\x34\x35\x31\x2e\x37\x33\x37\x36\x63\
\x30\x20\x33\x33\x2e\x32\x38\x20\x32\x36\x2e\x39\x33\x31\x32\x20\
\x36\x30\x2e\x32\x31\x31\x32\x20\x36\x30\x2e\x32\x31\x31\x32\x20\
\x36\x30\x2e\x32\x31\x31\x32\x68\x31\x30\x34\x2e\x38\x30\x36\x34\
\x76\x36\x33\x2e\x38\x39\x37\x36\x6c\x37\x31\x2e\x36\x38\x2d\x35\
\x33\x2e\x37\x36\x20\x31\x35\x2e\x31\x35\x35\x32\x2d\x31\x30\x2e\
\x31\x33\x37\x36\x48\x37\x32\x31\x2e\x39\x32\x63\x33\x33\x2e\x32\
\x38\x20\x30\x20\x36\x30\x2e\x32\x31\x31\x32\x2d\x32\x36\x2e\x39\
\x38\x32\x34\x20\x36\x30\x2e\x32\x31\x31\x32\x2d\x36\x30\x2e\x32\
\x31\x31\x32\x56\x33\x30\x31\x2e\x39\x32\x36\x34\x63\x30\x2d\x33\
\x33\x2e\x32\x38\x2d\x32\x36\x2e\x39\x33\x31\x32\x2d\x36\x30\x2e\
\x32\x36\x32\x34\x2d\x36\x30\x2e\x32\x31\x31\x32\x2d\x36\x30\x2e\
\x32\x36\x32\x34\x7a\x4d\x34\x35\x31\x2e\x34\x33\x30\x34\x20\x33\
\x32\x39\x2e\x38\x33\x30\x34\x76\x32\x33\x31\x2e\x34\x32\x34\x6c\
\x31\x36\x31\x2e\x34\x38\x34\x38\x20\x39\x33\x2e\x38\x34\x39\x36\
\x2d\x34\x36\x2e\x39\x35\x30\x34\x20\x37\x37\x2e\x33\x31\x32\x2d\
\x32\x30\x35\x2e\x33\x31\x32\x2d\x31\x31\x39\x2e\x32\x39\x36\x20\
\x30\x2e\x37\x36\x38\x2d\x31\x2e\x32\x32\x38\x38\x56\x33\x32\x39\
\x2e\x38\x33\x30\x34\x68\x39\x30\x2e\x30\x30\x39\x36\x7a\x20\x6d\
\x34\x32\x36\x2e\x31\x38\x38\x38\x2d\x32\x34\x31\x2e\x31\x35\x32\
\x48\x33\x33\x35\x2e\x34\x36\x32\x34\x63\x2d\x33\x33\x2e\x32\x38\
\x20\x30\x2d\x36\x30\x2e\x32\x31\x31\x32\x20\x32\x36\x2e\x39\x33\
\x31\x32\x2d\x36\x30\x2e\x32\x31\x31\x32\x20\x36\x30\x2e\x32\x31\
\x31\x32\x6c\x2d\x30\x2e\x30\x35\x31\x32\x20\x36\x2e\x30\x39\x32\
\x38\x68\x34\x37\x33\x2e\x38\x35\x36\x63\x36\x36\x2e\x35\x36\x20\
\x30\x20\x31\x32\x30\x2e\x34\x37\x33\x36\x20\x35\x33\x2e\x39\x31\
\x33\x36\x20\x31\x32\x30\x2e\x34\x37\x33\x36\x20\x31\x32\x30\x2e\
\x34\x37\x33\x36\x76\x34\x31\x35\x2e\x34\x38\x38\x68\x38\x2e\x30\
\x38\x39\x36\x63\x33\x33\x2e\x32\x38\x20\x30\x20\x36\x30\x2e\x32\
\x31\x31\x32\x2d\x32\x36\x2e\x39\x33\x31\x32\x20\x36\x30\x2e\x32\
\x31\x31\x32\x2d\x36\x30\x2e\x32\x31\x31\x32\x56\x31\x34\x38\x2e\
\x38\x38\x39\x36\x63\x30\x2d\x33\x33\x2e\x32\x38\x2d\x32\x36\x2e\
\x39\x38\x32\x34\x2d\x36\x30\x2e\x32\x36\x32\x34\x2d\x36\x30\x2e\
\x32\x31\x31\x32\x2d\x36\x30\x2e\x32\x36\x32\x34\x7a\x22\x20\x70\
\x2d\x69\x64\x3d\x22\x35\x31\x33\x30\x22\x20\x66\x69\x6c\x6c\x3d\
\x22\x23\x33\x33\x33\x33\x33\x33\x22\x3e\x3c\x2f\x70\x61\x74\x68\
\x3e\x3c\x2f\x73\x76\x67\x3e\
\x00\x00\x02\x1a\
\x3c\
\x3f\x78\x6d\x6c\x20\x76\x65\x72\x73\x69\x6f\x6e\x3d\x22\x31\x2e\
\x30\x22\x20\x73\x74\x61\x6e\x64\x61\x6c\x6f\x6e\x65\x3d\x22\x6e\
\x6f\x22\x3f\x3e\x3c\x21\x44\x4f\x43\x54\x59\x50\x45\x20\x73\x76\
\x67\x20\x50\x55\x42\x4c\x49\x43\x20\x22\x2d\x2f\x2f\x57\x33\x43\
\x2f\x2f\x44\x54\x44\x20\x53\x56\x47\x20\x31\x2e\x31\x2f\x2f\x45\
\x4e\x22\x20\x22\x68\x74\x74\x70\x3a\x2f\x2f\x77\x77\x77\x2e\x77\
\x33\x2e\x6f\x72\x67\x2f\x47\x72\x61\x70\x68\x69\x63\x73\x2f\x53\
\x56\x47\x2f\x31\x2e\x31\x2f\x44\x54\x44\x2f\x73\x76\x67\x31\x31\
\x2e\x64\x74\x64\x22\x3e\x3c\x73\x76\x67\x20\x74\x3d\x22\x31\x37\
\x38\x33\x38\x33\x37\x36\x38\x36\x33\x39\x36\x22\x20\x63\x6c\x61\
\x73\x73\x3d\x22\x69\x63\x6f\x6e\x22\x20\x76\x69\x65\x77\x42\x6f\
\x78\x3d\x22\x30\x20\x30\x20\x31\x30\x32\x34\x20\x31\x30\x32\x34\
\x22\x20\x76\x65\x72\x73\x69\x6f\x6e\x3d\x22\x31\x2e\x31\x22\x20\
\x78\x6d\x6c\x6e\x73\x3d\x22\x68\x74\x74\x70\x3a\x2f\x2f\x77\x77\
\x77\x2e\x77\x33\x2e\x6f\x72\x67\x2f\x32\x30\x30\x30\x2f\x73\x76\
\x67\x22\x20\x70\x2d\x69\x64\x3d\x22\x35\x31\x34\x35\x22\x20\x78\
\x6d\x6c\x6e\x73\x3a\x78\x6c\x69\x6e\x6b\x3d\x22\x68\x74\x74\x70\
\x3a\x2f\x2f\x77\x77\x77\x2e\x77\x33\x2e\x6f\x72\x67\x2f\x31\x39\
\x39\x39\x2f\x78\x6c\x69\x6e\x6b\x22\x20\x77\x69\x64\x74\x68\x3d\
\x22\x32\x30\x30\x22\x20\x68\x65\x69\x67\x68\x74\x3d\x22\x32\x30\
\x30\x22\x3e\x3c\x70\x61\x74\x68\x20\x64\x3d\x22\x4d\x35\x34\x34\
\x20\x30\x76\x39\x36\x68\x34\x33\x37\x2e\x33\x34\x34\x61\x33\x32\
\x20\x33\x32\x20\x30\x20\x30\x20\x31\x20\x33\x32\x20\x33\x32\x76\
\x37\x36\x38\x61\x33\x32\x20\x33\x32\x20\x30\x20\x30\x20\x31\x2d\
\x33\x32\x20\x33\x32\x48\x35\x34\x34\x76\x39\x36\x68\x2d\x36\x34\
\x76\x2d\x39\x36\x48\x34\x32\x2e\x36\x35\x36\x61\x33\x32\x20\x33\
\x32\x20\x30\x20\x30\x20\x31\x2d\x33\x32\x2d\x33\x32\x56\x31\x32\
\x38\x61\x33\x32\x20\x33\x32\x20\x30\x20\x30\x20\x31\x20\x33\x32\
\x2d\x33\x32\x48\x34\x38\x30\x56\x30\x68\x36\x34\x7a\x20\x6d\x34\
\x30\x35\x2e\x33\x34\x34\x20\x31\x36\x30\x48\x35\x34\x34\x76\x37\
\x30\x34\x68\x34\x30\x35\x2e\x33\x34\x34\x56\x31\x36\x30\x7a\x22\
\x20\x70\x2d\x69\x64\x3d\x22\x35\x31\x34\x36\x22\x20\x66\x69\x6c\
\x6c\x3d\x22\x23\x33\x33\x33\x33\x33\x33\x22\x3e\x3c\x2f\x70\x61\
\x74\x68\x3e\x3c\x2f\x73\x76\x67\x3e\
\x00\x00\x04\x7e\
\x3c\
\x3f\x78\x6d\x6c\x20\x76\x65\x72\x73\x69\x6f\x6e\x3d\x22\x31\x2e\
\x30\x22\x20\x73\x74\x61\x6e\x64\x61\x6c\x6f\x6e\x65\x3d\x22\x6e\
\x6f\x22\x3f\x3e\x3c\x21\x44\x4f\x43\x54\x59\x50\x45\x20\x73\x76\
\x67\x20\x50\x55\x42\x4c\x49\x43\x20\x22\x2d\x2f\x2f\x57\x33\x43\
\x2f\x2f\x44\x54\x44\x20\x53\x56\x47\x20\x31\x2e\x31\x2f\x2f\x45\
\x4e\x22\x20\x22\x68\x74\x74\x70\x3a\x2f\x2f\x77\x77\x77\x2e\x77\
\x33\x2e\x6f\x72\x67\x2f\x47\x72\x61\x70\x68\x69\x63\x73\x2f\x53\
\x56\x47\x2f\x31\x2e\x31\x2f\x44\x54\x44\x2f\x73\x76\x67\x31\x31\
\x2e\x64\x74\x64\x22\x3e\x3c\x73\x76\x67\x20\x74\x3d\x22\x31\x37\
\x37\x39\x37\x36\x36\x30\x39\x33\x34\x32\x39\x22\x20\x63\x6c\x61\
\x73\x73\x3d\x22\x69\x63\x6f\x6e\x22\x20\x76\x69\x65\x77\x42\x6f\
\x78\x3d\x22\x30\x20\x30\x20\x31\x30\x32\x34\x20\x31\x30\x32\x34\
\x22\x20\x76\x65\x72\x73\x69\x6f\x6e\x3d\x22\x31\x2e\x31\x22\x20\
\x78\x6d\x6c\x6e\x73\x3d\x22\x68\x74\x74\x70\x3a\x2f\x2f\x77\x77\
\x77\x2e\x77\x33\x2e\x6f\x72\x67\x2f\x32\x30\x30\x30\x2f\x73\x76\
\x67\x22\x20\x70\x2d\x69\x64\x3d\x22\x31\x37\x35\x38\x37\x22\x20\
\x78\x6d\x6c\x6e\x73\x3a\x78\x6c\x69\x6e\x6b\x3d\x22\x68\x74\x74\
\x70\x3a\x2f\x2f\x77\x77\x77\x2e\x77\x33\x2e\x6f\x72\x67\x2f\x31\
\x39\x39\x39\x2f\x78\x6c\x69\x6e\x6b\x22\x20\x77\x69\x64\x74\x68\
\x3d\x22\x32\x30\x30\x22\x20\x68\x65\x69\x67\x68\x74\x3d\x22\x32\
\x30\x30\x22\x3e\x3c\x70\x61\x74\x68\x20\x64\x3d\x22\x4d\x34\x38\
\x36\x2e\x34\x20\x38\x35\x2e\x37\x36\x61\x34\x32\x2e\x32\x34\x20\
\x34\x32\x2e\x32\x34\x20\x30\x20\x31\x20\x31\x20\x30\x20\x38\x34\
\x2e\x34\x38\x48\x33\x30\x37\x2e\x32\x41\x31\x33\x36\x2e\x39\x36\
\x20\x31\x33\x36\x2e\x39\x36\x20\x30\x20\x30\x20\x30\x20\x31\x37\
\x30\x2e\x32\x34\x20\x33\x30\x37\x2e\x32\x76\x34\x30\x39\x2e\x36\
\x41\x31\x33\x36\x2e\x39\x36\x20\x31\x33\x36\x2e\x39\x36\x20\x30\
\x20\x30\x20\x30\x20\x33\x30\x37\x2e\x32\x20\x38\x35\x33\x2e\x37\
\x36\x68\x34\x30\x39\x2e\x36\x41\x31\x33\x36\x2e\x39\x36\x20\x31\
\x33\x36\x2e\x39\x36\x20\x30\x20\x30\x20\x30\x20\x38\x35\x33\x2e\
\x37\x36\x20\x37\x31\x36\x2e\x38\x76\x2d\x31\x37\x39\x2e\x32\x61\
\x34\x32\x2e\x32\x34\x20\x34\x32\x2e\x32\x34\x20\x30\x20\x30\x20\
\x31\x20\x38\x34\x2e\x34\x38\x20\x30\x56\x37\x31\x36\x2e\x38\x41\
\x32\x32\x31\x2e\x34\x34\x20\x32\x32\x31\x2e\x34\x34\x20\x30\x20\
\x30\x20\x31\x20\x37\x31\x36\x2e\x38\x20\x39\x33\x38\x2e\x32\x34\
\x48\x33\x30\x37\x2e\x32\x41\x32\x32\x31\x2e\x34\x34\x20\x32\x32\
\x31\x2e\x34\x34\x20\x30\x20\x30\x20\x31\x20\x38\x35\x2e\x37\x36\
\x20\x37\x31\x36\x2e\x38\x56\x33\x30\x37\x2e\x32\x41\x32\x32\x31\
\x2e\x34\x34\x20\x32\x32\x31\x2e\x34\x34\x20\x30\x20\x30\x20\x31\
\x20\x33\x30\x37\x2e\x32\x20\x38\x35\x2e\x37\x36\x68\x31\x37\x39\
\x2e\x32\x7a\x20\x6d\x34\x34\x34\x2e\x37\x32\x33\x32\x20\x37\x2e\
\x39\x38\x37\x32\x61\x31\x34\x34\x2e\x36\x34\x20\x31\x34\x34\x2e\
\x36\x34\x20\x30\x20\x30\x20\x31\x20\x30\x20\x32\x30\x34\x2e\x35\
\x34\x34\x6c\x2d\x32\x36\x34\x2e\x31\x39\x32\x20\x32\x36\x34\x2e\
\x31\x39\x32\x61\x31\x34\x34\x2e\x36\x34\x20\x31\x34\x34\x2e\x36\
\x34\x20\x30\x20\x30\x20\x31\x2d\x38\x36\x2e\x33\x32\x33\x32\x20\
\x34\x31\x2e\x34\x37\x32\x6c\x2d\x31\x32\x37\x2e\x32\x33\x32\x20\
\x31\x34\x2e\x31\x38\x32\x34\x61\x34\x32\x2e\x32\x34\x20\x34\x32\
\x2e\x32\x34\x20\x30\x20\x30\x20\x31\x2d\x34\x36\x2e\x35\x39\x32\
\x2d\x34\x36\x2e\x36\x34\x33\x32\x6c\x31\x34\x2e\x30\x38\x2d\x31\
\x32\x37\x2e\x32\x33\x32\x63\x33\x2e\x36\x33\x35\x32\x2d\x33\x32\
\x2e\x36\x31\x34\x34\x20\x31\x38\x2e\x32\x37\x38\x34\x2d\x36\x33\
\x2e\x30\x37\x38\x34\x20\x34\x31\x2e\x34\x37\x32\x2d\x38\x36\x2e\
\x32\x37\x32\x6c\x32\x36\x34\x2e\x32\x34\x33\x32\x2d\x32\x36\x34\
\x2e\x32\x34\x33\x32\x61\x31\x34\x34\x2e\x36\x34\x20\x31\x34\x34\
\x2e\x36\x34\x20\x30\x20\x30\x20\x31\x20\x32\x30\x34\x2e\x35\x34\
\x34\x20\x30\x7a\x20\x6d\x2d\x31\x34\x34\x2e\x37\x39\x33\x36\x20\
\x35\x39\x2e\x37\x35\x30\x34\x6c\x2d\x32\x36\x34\x2e\x31\x39\x32\
\x20\x32\x36\x34\x2e\x31\x39\x32\x61\x36\x30\x2e\x31\x36\x20\x36\
\x30\x2e\x31\x36\x20\x30\x20\x30\x20\x30\x2d\x31\x37\x2e\x33\x30\
\x35\x36\x20\x33\x35\x2e\x38\x39\x31\x32\x6c\x2d\x38\x2e\x32\x39\
\x34\x34\x20\x37\x34\x2e\x37\x35\x32\x20\x37\x34\x2e\x37\x35\x32\
\x2d\x38\x2e\x32\x39\x34\x34\x63\x31\x31\x2e\x32\x36\x34\x2d\x31\
\x2e\x32\x38\x20\x32\x32\x2e\x30\x31\x36\x2d\x35\x2e\x36\x38\x33\
\x32\x20\x33\x30\x2e\x38\x32\x32\x34\x2d\x31\x32\x2e\x37\x34\x38\
\x38\x6c\x35\x2e\x30\x36\x38\x38\x2d\x34\x2e\x35\x30\x35\x36\x20\
\x32\x36\x34\x2e\x31\x39\x32\x2d\x32\x36\x34\x2e\x31\x39\x32\x61\
\x36\x30\x2e\x31\x36\x20\x36\x30\x2e\x31\x36\x20\x30\x20\x31\x20\
\x30\x2d\x38\x35\x2e\x30\x34\x33\x32\x2d\x38\x35\x2e\x30\x39\x34\
\x34\x7a\x22\x20\x70\x2d\x69\x64\x3d\x22\x31\x37\x35\x38\x38\x22\
\x20\x66\x69\x6c\x6c\x3d\x22\x23\x33\x33\x33\x33\x33\x33\x22\x3e\
\x3c\x2f\x70\x61\x74\x68\x3e\x3c\x2f\x73\x76\x67\x3e\
\x00\x00\x02\x9c\
\x3c\
\x3f\x78\x6d\x6c\x20\x76\x65\x72\x73\x69\x6f\x6e\x3d\x22\x31\x2e\
\x30\x22\x20\x73\x74\x61\x6e\x64\x61\x6c\x6f\x6e\x65\x3d\x22\x6e\
\x6f\x22\x3f\x3e\x3c\x21\x44\x4f\x43\x54\x59\x50\x45\x20\x73\x76\
\x67\x20\x50\x55\x42\x4c\x49\x43\x20\x22\x2d\x2f\x2f\x57\x33\x43\
\x2f\x2f\x44\x54\x44\x20\x53\x56\x47\x20\x31\x2e\x31\x2f\x2f\x45\
\x4e\x22\x20\x22\x68\x74\x74\x70\x3a\x2f\x2f\x77\x77\x77\x2e\x77\
\x33\x2e\x6f\x72\x67\x2f\x47\x72\x61\x70\x68\x69\x63\x73\x2f\x53\
\x56\x47\x2f\x31\x2e\x31\x2f\x44\x54\x44\x2f\x73\x76\x67\x31\x31\
\x2e\x64\x74\x64\x22\x3e\x3c\x73\x76\x67\x20\x74\x3d\x22\x31\x37\
\x37\x36\x30\x39\x38\x35\x36\x34\x36\x36\x38\x22\x20\x63\x6c\x61\
\x73\x73\x3d\x22\x69\x63\x6f\x6e\x22\x20\x76\x69\x65\x77\x42\x6f\
\x78\x3d\x22\x30\x20\x30\x20\x31\x31\x30\x32\x20\x31\x30\x32\x34\
\x22\x20\x76\x65\x72\x73\x69\x6f\x6e\x3d\x22\x31\x2e\x31\x22\x20\
\x78\x6d\x6c\x6e\x73\x3d\x22\x68\x74\x74\x70\x3a\x2f\x2f\x77\x77\
\x77\x2e\x77\x33\x2e\x6f\x72\x67\x2f\x32\x30\x30\x30\x2f\x73\x76\
\x67\x22\x20\x70\x2d\x69\x64\x3d\x22\x39\x34\x30\x39\x22\x20\x78\
\x6d\x6c\x6e\x73\x3a\x78\x6c\x69\x6e\x6b\x3d\x22\x68\x74\x74\x70\
\x3a\x2f\x2f\x77\x77\x77\x2e\x77\x33\x2e\x6f\x72\x67\x2f\x31\x39\
\x39\x39\x2f\x78\x6c\x69\x6e\x6b\x22\x20\x77\x69\x64\x74\x68\x3d\
\x22\x32\x31\x35\x2e\x32\x33\x34\x33\x37\x35\x22\x20\x68\x65\x69\
\x67\x68\x74\x3d\x22\x32\x30\x30\x22\x3e\x3c\x70\x61\x74\x68\x20\
\x64\x3d\x22\x4d\x30\x20\x30\x76\x31\x30\x32\x34\x68\x31\x31\x30\
\x32\x2e\x37\x36\x39\x32\x33\x31\x56\x30\x7a\x20\x6d\x31\x30\x32\
\x34\x20\x37\x38\x37\x2e\x36\x39\x32\x33\x30\x38\x68\x2d\x32\x33\
\x36\x2e\x33\x30\x37\x36\x39\x32\x76\x31\x35\x37\x2e\x35\x33\x38\
\x34\x36\x31\x48\x33\x31\x35\x2e\x30\x37\x36\x39\x32\x33\x76\x2d\
\x31\x35\x37\x2e\x35\x33\x38\x34\x36\x31\x48\x37\x38\x2e\x37\x36\
\x39\x32\x33\x31\x56\x37\x38\x2e\x37\x36\x39\x32\x33\x31\x68\x39\
\x34\x35\x2e\x32\x33\x30\x37\x36\x39\x7a\x22\x20\x66\x69\x6c\x6c\
\x3d\x22\x23\x33\x33\x33\x33\x33\x33\x22\x20\x70\x2d\x69\x64\x3d\
\x22\x39\x34\x31\x30\x22\x3e\x3c\x2f\x70\x61\x74\x68\x3e\x3c\x70\
\x61\x74\x68\x20\x64\x3d\x22\x4d\x35\x35\x31\x2e\x33\x38\x34\x36\
\x31\x35\x20\x37\x30\x38\x2e\x39\x32\x33\x30\x37\x37\x6c\x33\x31\
\x35\x2e\x30\x37\x36\x39\x32\x33\x2d\x32\x33\x36\x2e\x33\x30\x37\
\x36\x39\x32\x48\x37\x30\x38\x2e\x39\x32\x33\x30\x37\x37\x56\x32\
\x33\x36\x2e\x33\x30\x37\x36\x39\x32\x48\x33\x39\x33\x2e\x38\x34\
\x36\x31\x35\x34\x76\x32\x33\x36\x2e\x33\x30\x37\x36\x39\x33\x48\
\x32\x33\x36\x2e\x33\x30\x37\x36\x39\x32\x6c\x33\x31\x35\x2e\x30\
\x37\x36\x39\x32\x33\x20\x32\x33\x36\x2e\x33\x30\x37\x36\x39\x32\
\x7a\x22\x20\x66\x69\x6c\x6c\x3d\x22\x23\x33\x33\x33\x33\x33\x33\
\x22\x20\x70\x2d\x69\x64\x3d\x22\x39\x34\x31\x31\x22\x3e\x3c\x2f\
\x70\x61\x74\x68\x3e\x3c\x2f\x73\x76\x67\x3e\
\x00\x00\x03\xd4\
\x3c\
\x3f\x78\x6d\x6c\x20\x76\x65\x72\x73\x69\x6f\x6e\x3d\x22\x31\x2e\
\x30\x22\x20\x73\x74\x61\x6e\x64\x61\x6c\x6f\x6e\x65\x3d\x22\x6e\
\x6f\x22\x3f\x3e\x3c\x21\x44\x4f\x43\x54\x59\x50\x45\x20\x73\x76\
\x67\x20\x50\x55\x42\x4c\x49\x43\x20\x22\x2d\x2f\x2f\x57\x33\x43\
\x2f\x2f\x44\x54\x44\x20\x53\x56\x47\x20\x31\x2e\x31\x2f\x2f\x45\
\x4e\x22\x20\x22\x68\x74\x74\x70\x3a\x2f\x2f\x77\x77\x77\x2e\x77\
\x33\x2e\x6f\x72\x67\x2f\x47\x72\x61\x70\x68\x69\x63\x73\x2f\x53\
\x56\x47\x2f\x31\x2e\x31\x2f\x44\x54\x44\x2f\x73\x76\x67\x31\x31\
\x2e\x64\x74\x64\x22\x3e\x3c\x73\x76\x67\x20\x74\x3d\x22\x31\x37\
\x36\x31\x35\x34\x34\x38\x39\x37\x36\x33\x34\x22\x20\x63\x6c\x61\
\x73\x73\x3d\x22\x69\x63\x6f\x6e\x22\x20\x76\x69\x65\x77\x42\x6f\
\x78\x3d\x22\x30\x20\x30\x20\x31\x30\x32\x34\x20\x31\x30\x32\x34\
\x22\x20\x76\x65\x72\x73\x69\x6f\x6e\x3d\x22\x31\x2e\x31\x22\x20\
\x78\x6d\x6c\x6e\x73\x3d\x22\x68\x74\x74\x70\x3a\x2f\x2f\x77\x77\
\x77\x2e\x77\x33\x2e\x6f\x72\x67\x2f\x32\x30\x30\x30\x2f\x73\x76\
\x67\x22\x20\x70\x2d\x69\x64\x3d\x22\x36\x33\x31\x36\x22\x20\x78\
\x6d\x6c\x6e\x73\x3a\x78\x6c\x69\x6e\x6b\x3d\x22\x68\x74\x74\x70\
\x3a\x2f\x2f\x77\x77\x77\x2e\x77\x33\x2e\x6f\x72\x67\x2f\x31\x39\
\x39\x39\x2f\x78\x6c\x69\x6e\x6b\x22\x20\x77\x69\x64\x74\x68\x3d\
\x22\x32\x30\x30\x22\x20\x68\x65\x69\x67\x68\x74\x3d\x22\x32\x30\
\x30\x22\x3e\x3c\x70\x61\x74\x68\x20\x64\x3d\x22\x4d\x35\x31\x32\
\x20\x35\x31\x32\x6d\x2d\x35\x31\x32\x20\x30\x61\x35\x31\x32\x20\
\x35\x31\x32\x20\x30\x20\x31\x20\x30\x20\x31\x30\x32\x34\x20\x30\
\x20\x35\x31\x32\x20\x35\x31\x32\x20\x30\x20\x31\x20\x30\x2d\x31\
\x30\x32\x34\x20\x30\x5a\x22\x20\x66\x69\x6c\x6c\x3d\x22\x23\x45\
\x35\x32\x42\x32\x37\x22\x20\x70\x2d\x69\x64\x3d\x22\x36\x33\x31\
\x37\x22\x3e\x3c\x2f\x70\x61\x74\x68\x3e\x3c\x70\x61\x74\x68\x20\
\x64\x3d\x22\x4d\x35\x31\x34\x2e\x30\x34\x38\x20\x37\x34\x38\x2e\
\x33\x30\x37\x36\x39\x32\x63\x31\x37\x2e\x36\x30\x34\x39\x32\x33\
\x20\x30\x20\x33\x31\x2e\x32\x37\x31\x33\x38\x35\x20\x34\x2e\x39\
\x36\x32\x34\x36\x32\x20\x34\x32\x2e\x39\x36\x38\x36\x31\x35\x20\
\x31\x36\x2e\x38\x39\x36\x20\x31\x30\x2e\x37\x35\x32\x20\x31\x30\
\x2e\x39\x30\x39\x35\x33\x38\x20\x31\x36\x2e\x36\x32\x30\x33\x30\
\x38\x20\x32\x34\x2e\x38\x31\x32\x33\x30\x38\x20\x31\x36\x2e\x36\
\x32\x30\x33\x30\x38\x20\x34\x31\x2e\x36\x36\x38\x39\x32\x33\x20\
\x30\x20\x31\x37\x2e\x38\x38\x30\x36\x31\x35\x2d\x35\x2e\x38\x36\
\x38\x33\x30\x38\x20\x33\x31\x2e\x37\x38\x33\x33\x38\x35\x2d\x31\
\x36\x2e\x36\x32\x30\x33\x30\x38\x20\x34\x32\x2e\x36\x39\x32\x39\
\x32\x33\x2d\x31\x31\x2e\x36\x39\x37\x32\x33\x31\x20\x31\x30\x2e\
\x39\x34\x38\x39\x32\x33\x2d\x32\x36\x2e\x33\x38\x37\x36\x39\x32\
\x20\x31\x36\x2e\x38\x39\x36\x2d\x34\x32\x2e\x39\x32\x39\x32\x33\
\x20\x31\x36\x2e\x38\x39\x36\x2d\x31\x36\x2e\x36\x32\x30\x33\x30\
\x38\x20\x30\x2d\x33\x30\x2e\x33\x32\x36\x31\x35\x34\x2d\x35\x2e\
\x39\x34\x37\x30\x37\x37\x2d\x34\x31\x2e\x30\x33\x38\x37\x37\x2d\
\x31\x36\x2e\x38\x39\x36\x61\x35\x38\x2e\x32\x31\x30\x34\x36\x32\
\x20\x35\x38\x2e\x32\x31\x30\x34\x36\x32\x20\x30\x20\x30\x20\x31\
\x2d\x31\x37\x2e\x35\x36\x35\x35\x33\x38\x2d\x34\x32\x2e\x36\x39\
\x32\x39\x32\x33\x63\x30\x2d\x31\x36\x2e\x38\x35\x36\x36\x31\x35\
\x20\x35\x2e\x38\x36\x38\x33\x30\x38\x2d\x33\x30\x2e\x37\x35\x39\
\x33\x38\x35\x20\x31\x37\x2e\x35\x36\x35\x35\x33\x38\x2d\x34\x31\
\x2e\x36\x36\x38\x39\x32\x33\x20\x31\x30\x2e\x37\x35\x32\x2d\x31\
\x31\x2e\x39\x33\x33\x35\x33\x38\x20\x32\x34\x2e\x34\x31\x38\x34\
\x36\x32\x2d\x31\x36\x2e\x38\x39\x36\x20\x34\x30\x2e\x39\x39\x39\
\x33\x38\x35\x2d\x31\x36\x2e\x38\x39\x36\x7a\x4d\x34\x37\x32\x2e\
\x36\x31\x35\x33\x38\x35\x20\x36\x37\x33\x2e\x31\x36\x31\x38\x34\
\x36\x4c\x34\x35\x31\x2e\x35\x38\x34\x20\x31\x35\x37\x2e\x35\x33\
\x38\x34\x36\x32\x68\x31\x32\x38\x4c\x35\x35\x31\x2e\x33\x38\x34\
\x36\x31\x35\x20\x36\x37\x33\x2e\x31\x36\x31\x38\x34\x36\x68\x2d\
\x37\x38\x2e\x37\x36\x39\x32\x33\x7a\x22\x20\x66\x69\x6c\x6c\x3d\
\x22\x23\x33\x33\x33\x33\x33\x33\x22\x20\x70\x2d\x69\x64\x3d\x22\
\x36\x33\x31\x38\x22\x3e\x3c\x2f\x70\x61\x74\x68\x3e\x3c\x2f\x73\
\x76\x67\x3e\
\x00\x00\x0a\x70\
\x3c\
\x3f\x78\x6d\x6c\x20\x76\x65\x72\x73\x69\x6f\x6e\x3d\x22\x31\x2e\
\x30\x22\x20\x73\x74\x61\x6e\x64\x61\x6c\x6f\x6e\x65\x3d\x22\x6e\
\x6f\x22\x3f\x3e\x3c\x21\x44\x4f\x43\x54\x59\x50\x45\x20\x73\x76\
\x67\x20\x50\x55\x42\x4c\x49\x43\x20\x22\x2d\x2f\x2f\x57\x33\x43\
\x2f\x2f\x44\x54\x44\x20\x53\x56\x47\x20\x31\x2e\x31\x2f\x2f\x45\
\x4e\x22\x20\x22\x68\x74\x74\x70\x3a\x2f\x2f\x77\x77\x77\x2e\x77\
\x33\x2e\x6f\x72\x67\x2f\x47\x72\x61\x70\x68\x69\x63\x73\x2f\x53\
\x56\x47\x2f\x31\x2e\x31\x2f\x44\x54\x44\x2f\x73\x76\x67\x31\x31\
\x2e\x64\x74\x64\x22\x3e\x3c\x73\x76\x67\x20\x74\x3d\x22\x31\x37\
\x37\x37\x34\x32\x34\x35\x34\x37\x32\x37\x37\x22\x20\x63\x6c\x61\
\x73\x73\x3d\x22\x69\x63\x6f\x6e\x22\x20\x76\x69\x65\x77\x42\x6f\
\x78\x3d\x22\x30\x20\x30\x20\x31\x30\x32\x34\x20\x31\x30\x32\x34\
\x22\x20\x76\x65\x72\x73\x69\x6f\x6e\x3d\x22\x31\x2e\x31\x22\x20\
\x78\x6d\x6c\x6e\x73\x3d\x22\x68\x74\x74\x70\x3a\x2f\x2f\x77\x77\
\x77\x2e\x77\x33\x2e\x6f\x72\x67\x2f\x32\x30\x30\x30\x2f\x73\x76\
\x67\x22\x20\x70\x2d\x69\x64\x3d\x22\x35\x37\x37\x34\x22\x20\x78\
\x6d\x6c\x6e\x73\x3a\x78\x6c\x69\x6e\x6b\x3d\x22\x68\x74\x74\x70\
\x3a\x2f\x2f\x77\x77\x77\x2e\x77\x33\x2e\x6f\x72\x67\x2f\x31\x39\
\x39\x39\x2f\x78\x6c\x69\x6e\x6b\x22\x20\x77\x69\x64\x74\x68\x3d\
\x22\x32\x30\x30\x22\x20\x68\x65\x69\x67\x68\x74\x3d\x22\x32\x30\
\x30\x22\x3e\x3c\x70\x61\x74\x68\x20\x64\x3d\x22\x4d\x36\x35\x33\
\x2e\x31\x36\x35\x37\x31\x34\x20\x37\x39\x35\x2e\x36\x34\x38\x68\
\x33\x32\x36\x2e\x35\x30\x39\x37\x31\x35\x61\x34\x35\x2e\x33\x34\
\x38\x35\x37\x31\x20\x34\x35\x2e\x33\x34\x38\x35\x37\x31\x20\x30\
\x20\x30\x20\x30\x20\x33\x39\x2e\x36\x34\x33\x34\x32\x38\x2d\x32\
\x37\x2e\x34\x32\x38\x35\x37\x31\x63\x34\x2e\x36\x38\x31\x31\x34\
\x33\x2d\x31\x35\x2e\x39\x34\x35\x31\x34\x33\x20\x30\x2d\x33\x34\
\x2e\x33\x30\x34\x2d\x31\x33\x2e\x39\x37\x30\x32\x38\x36\x2d\x34\
\x33\x2e\x34\x34\x36\x38\x35\x38\x6c\x2d\x31\x32\x31\x2e\x32\x37\
\x30\x38\x35\x37\x2d\x39\x31\x2e\x34\x32\x38\x35\x37\x31\x63\x2d\
\x31\x38\x2e\x37\x32\x34\x35\x37\x31\x2d\x31\x33\x2e\x37\x35\x30\
\x38\x35\x37\x2d\x34\x34\x2e\x33\x32\x34\x35\x37\x31\x2d\x31\x31\
\x2e\x34\x31\x30\x32\x38\x36\x2d\x35\x38\x2e\x33\x36\x38\x20\x36\
\x2e\x38\x37\x35\x34\x32\x39\x2d\x31\x33\x2e\x39\x37\x30\x32\x38\
\x36\x20\x31\x38\x2e\x32\x38\x35\x37\x31\x34\x2d\x31\x31\x2e\x37\
\x30\x32\x38\x35\x37\x20\x34\x33\x2e\x34\x34\x36\x38\x35\x37\x20\
\x37\x2e\x30\x32\x31\x37\x31\x35\x20\x35\x37\x2e\x31\x32\x34\x35\
\x37\x31\x6c\x32\x35\x2e\x36\x20\x32\x30\x2e\x36\x32\x36\x32\x38\
\x36\x48\x36\x35\x30\x2e\x38\x32\x35\x31\x34\x33\x61\x34\x31\x2e\
\x33\x39\x38\x38\x35\x37\x20\x34\x31\x2e\x33\x39\x38\x38\x35\x37\
\x20\x30\x20\x30\x20\x30\x2d\x34\x31\x2e\x39\x38\x34\x20\x34\x31\
\x2e\x31\x30\x36\x32\x38\x35\x63\x30\x20\x32\x32\x2e\x38\x39\x33\
\x37\x31\x34\x20\x32\x33\x2e\x34\x30\x35\x37\x31\x34\x20\x33\x36\
\x2e\x35\x37\x31\x34\x32\x39\x20\x34\x34\x2e\x33\x32\x34\x35\x37\
\x31\x20\x33\x36\x2e\x35\x37\x31\x34\x32\x39\x7a\x20\x6d\x33\x32\
\x36\x2e\x35\x30\x39\x37\x31\x35\x20\x35\x37\x2e\x31\x39\x37\x37\
\x31\x34\x48\x36\x35\x33\x2e\x31\x36\x35\x37\x31\x34\x61\x34\x35\
\x2e\x33\x34\x38\x35\x37\x31\x20\x34\x35\x2e\x33\x34\x38\x35\x37\
\x31\x20\x30\x20\x30\x20\x30\x2d\x33\x39\x2e\x36\x34\x33\x34\x32\
\x38\x20\x32\x37\x2e\x34\x32\x38\x35\x37\x32\x63\x2d\x34\x2e\x36\
\x38\x31\x31\x34\x33\x20\x31\x36\x2e\x30\x31\x38\x32\x38\x36\x20\
\x30\x20\x33\x34\x2e\x33\x30\x34\x20\x31\x34\x2e\x30\x34\x33\x34\
\x32\x38\x20\x34\x33\x2e\x34\x34\x36\x38\x35\x37\x6c\x31\x32\x31\
\x2e\x32\x37\x30\x38\x35\x37\x20\x39\x31\x2e\x34\x32\x38\x35\x37\
\x31\x63\x31\x38\x2e\x36\x35\x31\x34\x32\x39\x20\x31\x33\x2e\x37\
\x35\x30\x38\x35\x37\x20\x34\x34\x2e\x33\x32\x34\x35\x37\x31\x20\
\x31\x31\x2e\x34\x38\x33\x34\x32\x39\x20\x35\x38\x2e\x32\x39\x34\
\x38\x35\x38\x2d\x36\x2e\x38\x30\x32\x32\x38\x35\x20\x31\x34\x2e\
\x30\x34\x33\x34\x32\x39\x2d\x31\x38\x2e\x32\x38\x35\x37\x31\x34\
\x20\x31\x31\x2e\x37\x30\x32\x38\x35\x37\x2d\x34\x33\x2e\x34\x34\
\x36\x38\x35\x37\x2d\x37\x2e\x30\x32\x31\x37\x31\x35\x2d\x35\x37\
\x2e\x31\x39\x37\x37\x31\x35\x6c\x2d\x32\x35\x2e\x36\x2d\x32\x30\
\x2e\x35\x35\x33\x31\x34\x33\x68\x32\x30\x37\x2e\x35\x37\x39\x34\
\x32\x39\x63\x32\x33\x2e\x33\x33\x32\x35\x37\x31\x20\x30\x20\x34\
\x31\x2e\x39\x38\x34\x2d\x31\x38\x2e\x32\x38\x35\x37\x31\x34\x20\
\x34\x31\x2e\x39\x38\x34\x2d\x34\x31\x2e\x31\x37\x39\x34\x32\x38\
\x20\x30\x2d\x32\x32\x2e\x38\x32\x30\x35\x37\x31\x2d\x32\x30\x2e\
\x39\x39\x32\x2d\x33\x36\x2e\x35\x37\x31\x34\x32\x39\x2d\x34\x34\
\x2e\x33\x32\x34\x35\x37\x32\x2d\x33\x36\x2e\x35\x37\x31\x34\x32\
\x39\x7a\x20\x6d\x2d\x31\x39\x35\x2e\x39\x34\x39\x37\x31\x35\x2d\
\x35\x32\x33\x2e\x36\x32\x39\x37\x31\x34\x63\x2d\x31\x31\x2e\x37\
\x30\x32\x38\x35\x37\x2d\x32\x30\x2e\x34\x38\x2d\x33\x39\x2e\x36\
\x34\x33\x34\x32\x39\x2d\x32\x37\x2e\x34\x32\x38\x35\x37\x31\x2d\
\x36\x30\x2e\x36\x33\x35\x34\x32\x38\x2d\x31\x35\x2e\x39\x34\x35\
\x31\x34\x33\x4c\x34\x37\x33\x2e\x35\x32\x36\x38\x35\x37\x20\x34\
\x34\x33\x2e\x35\x33\x38\x32\x38\x36\x20\x32\x32\x33\x2e\x39\x36\
\x33\x34\x32\x39\x20\x33\x31\x33\x2e\x32\x37\x30\x38\x35\x37\x61\
\x34\x36\x2e\x31\x35\x33\x31\x34\x33\x20\x34\x36\x2e\x31\x35\x33\
\x31\x34\x33\x20\x30\x20\x30\x20\x30\x2d\x36\x30\x2e\x37\x30\x38\
\x35\x37\x32\x20\x31\x35\x2e\x39\x34\x35\x31\x34\x33\x20\x34\x31\
\x2e\x31\x30\x36\x32\x38\x36\x20\x34\x31\x2e\x31\x30\x36\x32\x38\
\x36\x20\x30\x20\x30\x20\x30\x20\x31\x36\x2e\x33\x38\x34\x20\x35\
\x37\x2e\x31\x39\x37\x37\x31\x34\x4c\x34\x33\x31\x2e\x35\x34\x32\
\x38\x35\x37\x20\x35\x31\x39\x2e\x30\x32\x31\x37\x31\x34\x76\x32\
\x38\x33\x2e\x35\x30\x31\x37\x31\x35\x63\x30\x20\x31\x36\x2e\x30\
\x39\x31\x34\x32\x39\x20\x39\x2e\x32\x38\x39\x31\x34\x33\x20\x32\
\x39\x2e\x37\x36\x39\x31\x34\x33\x20\x32\x33\x2e\x33\x33\x32\x35\
\x37\x32\x20\x33\x36\x2e\x35\x37\x31\x34\x32\x38\x61\x35\x30\x2e\
\x33\x32\x32\x32\x38\x36\x20\x35\x30\x2e\x33\x32\x32\x32\x38\x36\
\x20\x30\x20\x30\x20\x30\x20\x34\x34\x2e\x33\x32\x34\x35\x37\x31\
\x20\x30\x20\x34\x30\x2e\x36\x36\x37\x34\x32\x39\x20\x34\x30\x2e\
\x36\x36\x37\x34\x32\x39\x20\x30\x20\x30\x20\x30\x20\x32\x33\x2e\
\x33\x33\x32\x35\x37\x31\x2d\x33\x36\x2e\x35\x37\x31\x34\x32\x38\
\x56\x35\x31\x36\x2e\x37\x35\x34\x32\x38\x36\x6c\x32\x34\x34\x2e\
\x38\x38\x32\x32\x38\x36\x2d\x31\x32\x38\x61\x34\x33\x2e\x37\x33\
\x39\x34\x32\x39\x20\x34\x33\x2e\x37\x33\x39\x34\x32\x39\x20\x30\
\x20\x30\x20\x30\x20\x31\x36\x2e\x33\x31\x30\x38\x35\x37\x2d\x35\
\x39\x2e\x35\x33\x38\x32\x38\x36\x7a\x20\x6d\x2d\x36\x34\x38\x2e\
\x34\x31\x31\x34\x32\x38\x2d\x34\x37\x2e\x35\x34\x32\x38\x35\x37\
\x6c\x37\x2e\x33\x31\x34\x32\x38\x35\x2d\x37\x2e\x33\x31\x34\x32\
\x38\x36\x2d\x33\x2e\x36\x35\x37\x31\x34\x32\x20\x37\x2e\x33\x31\
\x34\x32\x38\x36\x68\x2d\x33\x2e\x36\x35\x37\x31\x34\x33\x7a\x22\
\x20\x70\x2d\x69\x64\x3d\x22\x35\x37\x37\x35\x22\x20\x66\x69\x6c\
\x6c\x3d\x22\x23\x33\x33\x33\x33\x33\x33\x22\x3e\x3c\x2f\x70\x61\
\x74\x68\x3e\x3c\x70\x61\x74\x68\x20\x64\x3d\x22\x4d\x34\x35\x30\
\x2e\x31\x39\x34\x32\x38\x36\x20\x39\x30\x33\x2e\x31\x36\x38\x6c\
\x2d\x31\x33\x2e\x39\x37\x30\x32\x38\x36\x2d\x36\x2e\x38\x37\x35\
\x34\x32\x39\x4c\x31\x30\x39\x2e\x36\x34\x31\x31\x34\x33\x20\x37\
\x32\x37\x2e\x30\x34\x6c\x2d\x32\x2e\x33\x34\x30\x35\x37\x32\x2d\
\x32\x2e\x33\x34\x30\x35\x37\x31\x63\x2d\x32\x2e\x33\x34\x30\x35\
\x37\x31\x2d\x32\x2e\x31\x39\x34\x32\x38\x36\x2d\x34\x2e\x36\x38\
\x31\x31\x34\x33\x2d\x34\x2e\x35\x33\x34\x38\x35\x37\x2d\x34\x2e\
\x36\x38\x31\x31\x34\x32\x2d\x36\x2e\x38\x30\x32\x32\x38\x36\x2d\
\x32\x2e\x33\x34\x30\x35\x37\x31\x2d\x32\x2e\x33\x34\x30\x35\x37\
\x31\x2d\x32\x2e\x33\x34\x30\x35\x37\x31\x2d\x34\x2e\x36\x30\x38\
\x2d\x32\x2e\x33\x34\x30\x35\x37\x32\x2d\x36\x2e\x38\x37\x35\x34\
\x32\x39\x56\x33\x30\x34\x2e\x31\x32\x38\x63\x30\x2d\x36\x2e\x38\
\x37\x35\x34\x32\x39\x20\x34\x2e\x36\x38\x31\x31\x34\x33\x2d\x31\
\x33\x2e\x37\x35\x30\x38\x35\x37\x20\x31\x31\x2e\x37\x30\x32\x38\
\x35\x37\x2d\x31\x38\x2e\x32\x38\x35\x37\x31\x34\x4c\x34\x36\x38\
\x2e\x38\x34\x35\x37\x31\x34\x20\x39\x33\x2e\x36\x39\x36\x63\x34\
\x2e\x36\x38\x31\x31\x34\x33\x2d\x32\x2e\x33\x34\x30\x35\x37\x31\
\x20\x37\x2e\x30\x32\x31\x37\x31\x34\x2d\x32\x2e\x33\x34\x30\x35\
\x37\x31\x20\x31\x31\x2e\x37\x30\x32\x38\x35\x37\x2d\x32\x2e\x33\
\x34\x30\x35\x37\x31\x20\x34\x2e\x36\x30\x38\x20\x30\x20\x39\x2e\
\x32\x38\x39\x31\x34\x33\x20\x30\x20\x31\x31\x2e\x36\x32\x39\x37\
\x31\x35\x20\x32\x2e\x33\x34\x30\x35\x37\x31\x6c\x33\x35\x39\x2e\
\x32\x30\x34\x35\x37\x31\x20\x31\x39\x32\x63\x37\x2e\x30\x32\x31\
\x37\x31\x34\x20\x34\x2e\x36\x30\x38\x20\x31\x31\x2e\x37\x30\x32\
\x38\x35\x37\x20\x31\x31\x2e\x34\x38\x33\x34\x32\x39\x20\x31\x31\
\x2e\x37\x30\x32\x38\x35\x37\x20\x31\x38\x2e\x32\x38\x35\x37\x31\
\x34\x76\x31\x35\x33\x2e\x32\x33\x34\x32\x38\x36\x63\x30\x20\x32\
\x37\x2e\x34\x32\x38\x35\x37\x31\x20\x32\x30\x2e\x39\x39\x32\x20\
\x34\x37\x2e\x39\x38\x31\x37\x31\x34\x20\x34\x39\x2e\x30\x30\x35\
\x37\x31\x35\x20\x34\x37\x2e\x39\x38\x31\x37\x31\x34\x20\x32\x37\
\x2e\x39\x34\x30\x35\x37\x31\x20\x30\x20\x34\x38\x2e\x39\x33\x32\
\x35\x37\x31\x2d\x32\x30\x2e\x34\x38\x20\x34\x38\x2e\x39\x33\x32\
\x35\x37\x31\x2d\x34\x37\x2e\x39\x38\x31\x37\x31\x34\x56\x33\x30\
\x34\x2e\x31\x32\x38\x63\x30\x2d\x33\x36\x2e\x35\x37\x31\x34\x32\
\x39\x2d\x32\x30\x2e\x39\x39\x32\x2d\x37\x30\x2e\x39\x34\x38\x35\
\x37\x31\x2d\x35\x33\x2e\x36\x38\x36\x38\x35\x37\x2d\x39\x31\x2e\
\x34\x32\x38\x35\x37\x31\x6c\x2d\x36\x2e\x39\x34\x38\x35\x37\x32\
\x2d\x34\x2e\x36\x30\x38\x4c\x35\x33\x38\x2e\x38\x34\x33\x34\x32\
\x39\x20\x31\x36\x2e\x30\x31\x38\x32\x38\x36\x43\x35\x32\x30\x2e\
\x31\x39\x32\x20\x36\x2e\x38\x37\x35\x34\x32\x39\x20\x34\x39\x39\
\x2e\x32\x20\x30\x20\x34\x37\x38\x2e\x31\x33\x34\x38\x35\x37\x20\
\x30\x63\x2d\x32\x30\x2e\x39\x31\x38\x38\x35\x37\x20\x30\x2d\x34\
\x31\x2e\x39\x31\x30\x38\x35\x37\x20\x34\x2e\x36\x30\x38\x2d\x36\
\x30\x2e\x36\x33\x35\x34\x32\x38\x20\x31\x36\x2e\x30\x31\x38\x32\
\x38\x36\x4c\x36\x30\x2e\x37\x30\x38\x35\x37\x31\x20\x32\x30\x38\
\x2e\x30\x39\x31\x34\x32\x39\x43\x32\x33\x2e\x34\x30\x35\x37\x31\
\x34\x20\x32\x32\x38\x2e\x36\x34\x34\x35\x37\x31\x20\x30\x20\x32\
\x36\x35\x2e\x32\x31\x36\x20\x30\x20\x33\x30\x34\x2e\x31\x32\x38\
\x76\x34\x30\x36\x2e\x39\x36\x36\x38\x35\x37\x63\x30\x20\x34\x31\
\x2e\x31\x37\x39\x34\x32\x39\x20\x32\x33\x2e\x33\x33\x32\x35\x37\
\x31\x20\x37\x37\x2e\x37\x35\x30\x38\x35\x37\x20\x36\x30\x2e\x37\
\x30\x38\x35\x37\x31\x20\x39\x36\x2e\x30\x33\x36\x35\x37\x32\x6c\
\x33\x35\x39\x2e\x31\x33\x31\x34\x32\x39\x20\x31\x38\x35\x2e\x31\
\x39\x37\x37\x31\x34\x61\x34\x37\x2e\x34\x36\x39\x37\x31\x34\x20\
\x34\x37\x2e\x34\x36\x39\x37\x31\x34\x20\x30\x20\x30\x20\x30\x20\
\x35\x38\x2e\x33\x36\x38\x2d\x34\x35\x2e\x37\x31\x34\x32\x38\x36\
\x63\x30\x2d\x31\x38\x2e\x32\x38\x35\x37\x31\x34\x2d\x31\x31\x2e\
\x37\x30\x32\x38\x35\x37\x2d\x33\x34\x2e\x33\x37\x37\x31\x34\x33\
\x2d\x32\x38\x2e\x30\x31\x33\x37\x31\x34\x2d\x34\x33\x2e\x34\x34\
\x36\x38\x35\x37\x7a\x22\x20\x70\x2d\x69\x64\x3d\x22\x35\x37\x37\
\x36\x22\x20\x66\x69\x6c\x6c\x3d\x22\x23\x33\x33\x33\x33\x33\x33\
\x22\x3e\x3c\x2f\x70\x61\x74\x68\x3e\x3c\x2f\x73\x76\x67\x3e\
\x00\x00\x02\xbe\
\x3c\
\x3f\x78\x6d\x6c\x20\x76\x65\x72\x73\x69\x6f\x6e\x3d\x22\x31\x2e\
\x30\x22\x20\x73\x74\x61\x6e\x64\x61\x6c\x6f\x6e\x65\x3d\x22\x6e\
\x6f\x22\x3f\x3e\x3c\x21\x44\x4f\x43\x54\x59\x50\x45\x20\x73\x76\
\x67\x20\x50\x55\x42\x4c\x49\x43\x20\x22\x2d\x2f\x2f\x57\x33\x43\
\x2f\x2f\x44\x54\x44\x20\x53\x56\x47\x20\x31\x2e\x31\x2f\x2f\x45\
\x4e\x22\x20\x22\x68\x74\x74\x70\x3a\x2f\x2f\x77\x77\x77\x2e\x77\
\x33\x2e\x6f\x72\x67\x2f\x47\x72\x61\x70\x68\x69\x63\x73\x2f\x53\
\x56\x47\x2f\x31\x2e\x31\x2f\x44\x54\x44\x2f\x73\x76\x67\x31\x31\
\x2e\x64\x74\x64\x22\x3e\x3c\x73\x76\x67\x20\x74\x3d\x22\x31\x37\
\x38\x34\x36\x34\x30\x31\x35\x36\x35\x35\x37\x22\x20\x63\x6c\x61\
\x73\x73\x3d\x22\x69\x63\x6f\x6e\x22\x20\x76\x69\x65\x77\x42\x6f\
\x78\x3d\x22\x30\x20\x30\x20\x31\x30\x32\x36\x20\x31\x30\x32\x34\
\x22\x20\x76\x65\x72\x73\x69\x6f\x6e\x3d\x22\x31\x2e\x31\x22\x20\
\x78\x6d\x6c\x6e\x73\x3d\x22\x68\x74\x74\x70\x3a\x2f\x2f\x77\x77\
\x77\x2e\x77\x33\x2e\x6f\x72\x67\x2f\x32\x30\x30\x30\x2f\x73\x76\
\x67\x22\x20\x70\x2d\x69\x64\x3d\x22\x32\x31\x30\x37\x35\x22\x20\
\x78\x6d\x6c\x6e\x73\x3a\x78\x6c\x69\x6e\x6b\x3d\x22\x68\x74\x74\
\x70\x3a\x2f\x2f\x77\x77\x77\x2e\x77\x33\x2e\x6f\x72\x67\x2f\x31\
\x39\x39\x39\x2f\x78\x6c\x69\x6e\x6b\x22\x20\x77\x69\x64\x74\x68\
\x3d\x22\x32\x30\x30\x2e\x33\x39\x30\x36\x32\x35\x22\x20\x68\x65\
\x69\x67\x68\x74\x3d\x22\x32\x30\x30\x22\x3e\x3c\x70\x61\x74\x68\
\x20\x64\x3d\x22\x4d\x31\x30\x32\x35\x2e\x30\x32\x34\x20\x36\x34\
\x30\x6c\x30\x20\x31\x32\x38\x2d\x31\x32\x38\x20\x30\x20\x30\x20\
\x31\x39\x32\x2e\x35\x31\x32\x2d\x31\x32\x38\x20\x30\x20\x30\x2d\
\x31\x39\x32\x2e\x35\x31\x32\x2d\x35\x31\x33\x2e\x30\x32\x34\x20\
\x30\x71\x2d\x32\x36\x2e\x36\x32\x34\x20\x30\x2d\x34\x35\x2e\x30\
\x35\x36\x2d\x31\x38\x2e\x34\x33\x32\x74\x2d\x31\x38\x2e\x34\x33\
\x32\x2d\x34\x35\x2e\x30\x35\x36\x6c\x30\x2d\x34\x34\x38\x2e\x35\
\x31\x32\x2d\x31\x39\x32\x2e\x35\x31\x32\x20\x30\x20\x30\x2d\x31\
\x32\x38\x20\x31\x39\x32\x2e\x35\x31\x32\x20\x30\x20\x30\x2d\x31\
\x32\x38\x20\x31\x32\x38\x20\x30\x20\x30\x20\x31\x32\x38\x20\x35\
\x31\x32\x20\x30\x71\x32\x36\x2e\x36\x32\x34\x20\x30\x20\x34\x35\
\x2e\x35\x36\x38\x20\x31\x38\x2e\x34\x33\x32\x74\x31\x38\x2e\x39\
\x34\x34\x20\x34\x35\x2e\x30\x35\x36\x6c\x30\x20\x34\x34\x38\x2e\
\x35\x31\x32\x20\x31\x32\x38\x20\x30\x7a\x4d\x37\x36\x39\x2e\x30\
\x32\x34\x20\x32\x35\x36\x6c\x2d\x34\x34\x38\x2e\x35\x31\x32\x20\
\x30\x20\x30\x20\x33\x38\x34\x20\x34\x34\x38\x2e\x35\x31\x32\x20\
\x30\x20\x30\x2d\x33\x38\x34\x7a\x4d\x37\x30\x34\x2e\x35\x31\x32\
\x20\x35\x37\x36\x2e\x35\x31\x32\x6c\x2d\x33\x31\x39\x2e\x34\x38\
\x38\x20\x30\x20\x30\x2d\x32\x35\x37\x2e\x30\x32\x34\x20\x33\x31\
\x39\x2e\x34\x38\x38\x20\x30\x20\x30\x20\x32\x35\x37\x2e\x30\x32\
\x34\x7a\x22\x20\x70\x2d\x69\x64\x3d\x22\x32\x31\x30\x37\x36\x22\
\x20\x66\x69\x6c\x6c\x3d\x22\x23\x33\x33\x33\x33\x33\x33\x22\x3e\
\x3c\x2f\x70\x61\x74\x68\x3e\x3c\x2f\x73\x76\x67\x3e\
\x00\x00\x03\x04\
\x3c\
\x3f\x78\x6d\x6c\x20\x76\x65\x72\x73\x69\x6f\x6e\x3d\x22\x31\x2e\
\x30\x22\x20\x73\x74\x61\x6e\x64\x61\x6c\x6f\x6e\x65\x3d\x22\x6e\
\x6f\x22\x3f\x3e\x3c\x21\x44\x4f\x43\x54\x59\x50\x45\x20\x73\x76\
\x67\x20\x50\x55\x42\x4c\x49\x43\x20\x22\x2d\x2f\x2f\x57\x33\x43\
\x2f\x2f\x44\x54\x44\x20\x53\x56\x47\x20\x31\x2e\x31\x2f\x2f\x45\
\x4e\x22\x20\x22\x68\x74\x74\x70\x3a\x2f\x2f\x77\x77\x77\x2e\x77\
\x33\x2e\x6f\x72\x67\x2f\x47\x72\x61\x70\x68\x69\x63\x73\x2f\x53\
\x56\x47\x2f\x31\x2e\x31\x2f\x44\x54\x44\x2f\x73\x76\x67\x31\x31\
\x2e\x64\x74\x64\x22\x3e\x3c\x73\x76\x67\x20\x74\x3d\x22\x31\x37\
\x38\x34\x36\x34\x30\x31\x33\x35\x34\x39\x32\x22\x20\x63\x6c\x61\
\x73\x73\x3d\x22\x69\x63\x6f\x6e\x22\x20\x76\x69\x65\x77\x42\x6f\
\x78\x3d\x22\x30\x20\x30\x20\x31\x30\x32\x34\x20\x31\x30\x32\x34\
\x22\x20\x76\x65\x72\x73\x69\x6f\x6e\x3d\x22\x31\x2e\x31\x22\x20\
\x78\x6d\x6c\x6e\x73\x3d\x22\x68\x74\x74\x70\x3a\x2f\x2f\x77\x77\
\x77\x2e\x77\x33\x2e\x6f\x72\x67\x2f\x32\x30\x30\x30\x2f\x73\x76\
\x67\x22\x20\x70\x2d\x69\x64\x3d\x22\x31\x39\x39\x39\x30\x22\x20\
\x78\x6d\x6c\x6e\x73\x3a\x78\x6c\x69\x6e\x6b\x3d\x22\x68\x74\x74\
\x70\x3a\x2f\x2f\x77\x77\x77\x2e\x77\x33\x2e\x6f\x72\x67\x2f\x31\
\x39\x39\x39\x2f\x78\x6c\x69\x6e\x6b\x22\x20\x77\x69\x64\x74\x68\
\x3d\x22\x32\x30\x30\x22\x20\x68\x65\x69\x67\x68\x74\x3d\x22\x32\
\x30\x30\x22\x3e\x3c\x70\x61\x74\x68\x20\x64\x3d\x22\x4d\x39\x32\
\x38\x20\x31\x39\x32\x48\x39\x36\x63\x2d\x31\x37\x2e\x36\x20\x30\
\x2d\x33\x32\x20\x31\x34\x2e\x34\x2d\x33\x32\x20\x33\x32\x76\x35\
\x37\x36\x63\x30\x20\x31\x37\x2e\x36\x20\x31\x34\x2e\x34\x20\x33\
\x32\x20\x33\x32\x20\x33\x32\x68\x38\x33\x32\x63\x31\x37\x2e\x36\
\x20\x30\x20\x33\x32\x2d\x31\x34\x2e\x34\x20\x33\x32\x2d\x33\x32\
\x56\x32\x32\x34\x63\x30\x2d\x31\x37\x2e\x36\x2d\x31\x34\x2e\x34\
\x2d\x33\x32\x2d\x33\x32\x2d\x33\x32\x7a\x20\x6d\x2d\x33\x32\x20\
\x35\x37\x36\x48\x31\x32\x38\x56\x32\x35\x36\x68\x37\x36\x38\x76\
\x35\x31\x32\x7a\x4d\x33\x32\x30\x20\x33\x38\x34\x48\x31\x39\x32\
\x76\x2d\x36\x34\x68\x31\x32\x38\x76\x36\x34\x7a\x20\x6d\x34\x34\
\x38\x20\x31\x39\x32\x56\x34\x34\x38\x68\x36\x34\x76\x31\x39\x32\
\x48\x36\x34\x30\x76\x2d\x36\x34\x68\x31\x32\x38\x7a\x20\x6d\x2d\
\x31\x39\x32\x20\x36\x34\x48\x31\x39\x32\x76\x2d\x36\x34\x68\x33\
\x38\x34\x76\x36\x34\x7a\x4d\x34\x34\x38\x20\x33\x38\x34\x68\x2d\
\x36\x34\x76\x2d\x36\x34\x68\x36\x34\x76\x36\x34\x7a\x20\x6d\x31\
\x32\x38\x20\x30\x68\x2d\x36\x34\x76\x2d\x36\x34\x68\x36\x34\x76\
\x36\x34\x7a\x20\x6d\x31\x32\x38\x20\x30\x68\x2d\x36\x34\x76\x2d\
\x36\x34\x68\x36\x34\x76\x36\x34\x7a\x20\x6d\x31\x32\x38\x20\x30\
\x68\x2d\x36\x34\x76\x2d\x36\x34\x68\x36\x34\x76\x36\x34\x7a\x4d\
\x32\x35\x36\x20\x35\x31\x32\x68\x2d\x36\x34\x76\x2d\x36\x34\x68\
\x36\x34\x76\x36\x34\x7a\x20\x6d\x36\x34\x2d\x36\x34\x68\x36\x34\
\x76\x36\x34\x68\x2d\x36\x34\x76\x2d\x36\x34\x7a\x20\x6d\x31\x32\
\x38\x20\x30\x68\x36\x34\x76\x36\x34\x68\x2d\x36\x34\x76\x2d\x36\
\x34\x7a\x20\x6d\x31\x32\x38\x20\x30\x68\x36\x34\x76\x36\x34\x68\
\x2d\x36\x34\x76\x2d\x36\x34\x7a\x22\x20\x70\x2d\x69\x64\x3d\x22\
\x31\x39\x39\x39\x31\x22\x20\x66\x69\x6c\x6c\x3d\x22\x23\x33\x33\
\x33\x33\x33\x33\x22\x3e\x3c\x2f\x70\x61\x74\x68\x3e\x3c\x2f\x73\
\x76\x67\x3e\
\x00\x00\x02\x38\
\x3c\
\x3f\x78\x6d\x6c\x20\x76\x65\x72\x73\x69\x6f\x6e\x3d\x22\x31\x2e\
\x30\x22\x20\x73\x74\x61\x6e\x64\x61\x6c\x6f\x6e\x65\x3d\x22\x6e\
\x6f\x22\x3f\x3e\x3c\x21\x44\x4f\x43\x54\x59\x50\x45\x20\x73\x76\
\x67\x20\x50\x55\x42\x4c\x49\x43\x20\x22\x2d\x2f\x2f\x57\x33\x43\
\x2f\x2f\x44\x54\x44\x20\x53\x56\x47\x20\x31\x2e\x31\x2f\x2f\x45\
\x4e\x22\x20\x22\x68\x74\x74\x70\x3a\x2f\x2f\x77\x77\x77\x2e\x77\
\x33\x2e\x6f\x72\x67\x2f\x47\x72\x61\x70\x68\x69\x63\x73\x2f\x53\
\x56\x47\x2f\x31\x2e\x31\x2f\x44\x54\x44\x2f\x73\x76\x67\x31\x31\
\x2e\x64\x74\x64\x22\x3e\x3c\x73\x76\x67\x20\x74\x3d\x22\x31\x37\
\x37\x36\x39\x39\x36\x35\x34\x36\x39\x37\x36\x22\x20\x63\x6c\x61\
\x73\x73\x3d\x22\x69\x63\x6f\x6e\x22\x20\x76\x69\x65\x77\x42\x6f\
\x78\x3d\x22\x30\x20\x30\x20\x31\x30\x32\x34\x20\x31\x30\x32\x34\
\x22\x20\x76\x65\x72\x73\x69\x6f\x6e\x3d\x22\x31\x2e\x31\x22\x20\
\x78\x6d\x6c\x6e\x73\x3d\x22\x68\x74\x74\x70\x3a\x2f\x2f\x77\x77\
\x77\x2e\x77\x33\x2e\x6f\x72\x67\x2f\x32\x30\x30\x30\x2f\x73\x76\
\x67\x22\x20\x70\x2d\x69\x64\x3d\x22\x35\x32\x39\x31\x22\x20\x78\
\x6d\x6c\x6e\x73\x3a\x78\x6c\x69\x6e\x6b\x3d\x22\x68\x74\x74\x70\
\x3a\x2f\x2f\x77\x77\x77\x2e\x77\x33\x2e\x6f\x72\x67\x2f\x31\x39\
\x39\x39\x2f\x78\x6c\x69\x6e\x6b\x22\x20\x77\x69\x64\x74\x68\x3d\
\x22\x32\x30\x30\x22\x20\x68\x65\x69\x67\x68\x74\x3d\x22\x32\x30\
\x30\x22\x3e\x3c\x70\x61\x74\x68\x20\x64\x3d\x22\x4d\x37\x30\x34\
\x20\x33\x35\x32\x48\x31\x37\x33\x2e\x34\x6c\x31\x33\x37\x2e\x33\
\x2d\x31\x33\x37\x2e\x34\x61\x33\x32\x20\x33\x32\x20\x30\x20\x30\
\x20\x30\x2d\x34\x35\x2e\x32\x2d\x34\x35\x2e\x32\x4c\x37\x33\x2e\
\x39\x20\x33\x36\x30\x2e\x39\x61\x33\x32\x20\x33\x32\x20\x30\x20\
\x30\x20\x30\x20\x30\x20\x34\x35\x2e\x38\x6c\x31\x39\x31\x2e\x34\
\x20\x31\x39\x31\x2e\x39\x61\x33\x32\x20\x33\x32\x20\x30\x20\x31\
\x20\x30\x20\x34\x35\x2e\x33\x2d\x34\x35\x2e\x33\x4c\x31\x37\x33\
\x2e\x33\x20\x34\x31\x36\x48\x37\x30\x34\x61\x31\x39\x32\x20\x31\
\x39\x32\x20\x30\x20\x30\x20\x31\x20\x30\x20\x33\x38\x34\x68\x2d\
\x33\x32\x30\x61\x33\x32\x20\x33\x32\x20\x30\x20\x31\x20\x30\x20\
\x30\x20\x36\x34\x68\x33\x32\x30\x61\x32\x35\x36\x20\x32\x35\x36\
\x20\x30\x20\x30\x20\x30\x20\x30\x2d\x35\x31\x32\x7a\x22\x20\x66\
\x69\x6c\x6c\x3d\x22\x23\x33\x33\x33\x33\x33\x33\x22\x20\x70\x2d\
\x69\x64\x3d\x22\x35\x32\x39\x32\x22\x3e\x3c\x2f\x70\x61\x74\x68\
\x3e\x3c\x2f\x73\x76\x67\x3e\
\x00\x00\x03\x05\
\x3c\
\x3f\x78\x6d\x6c\x20\x76\x65\x72\x73\x69\x6f\x6e\x3d\x22\x31\x2e\
\x30\x22\x20\x73\x74\x61\x6e\x64\x61\x6c\x6f\x6e\x65\x3d\x22\x6e\
\x6f\x22\x3f\x3e\x3c\x21\x44\x4f\x43\x54\x59\x50\x45\x20\x73\x76\
\x67\x20\x50\x55\x42\x4c\x49\x43\x20\x22\x2d\x2f\x2f\x57\x33\x43\
\x2f\x2f\x44\x54\x44\x20\x53\x56\x47\x20\x31\x2e\x31\x2f\x2f\x45\
\x4e\x22\x20\x22\x68\x74\x74\x70\x3a\x2f\x2f\x77\x77\x77\x2e\x77\
\x33\x2e\x6f\x72\x67\x2f\x47\x72\x61\x70\x68\x69\x63\x73\x2f\x53\
\x56\x47\x2f\x31\x2e\x31\x2f\x44\x54\x44\x2f\x73\x76\x67\x31\x31\
\x2e\x64\x74\x64\x22\x3e\x3c\x73\x76\x67\x20\x74\x3d\x22\x31\x37\
\x38\x34\x36\x33\x38\x39\x30\x37\x37\x32\x39\x22\x20\x63\x6c\x61\
\x73\x73\x3d\x22\x69\x63\x6f\x6e\x22\x20\x76\x69\x65\x77\x42\x6f\
\x78\x3d\x22\x30\x20\x30\x20\x31\x30\x32\x34\x20\x31\x30\x32\x34\
\x22\x20\x76\x65\x72\x73\x69\x6f\x6e\x3d\x22\x31\x2e\x31\x22\x20\
\x78\x6d\x6c\x6e\x73\x3d\x22\x68\x74\x74\x70\x3a\x2f\x2f\x77\x77\
\x77\x2e\x77\x33\x2e\x6f\x72\x67\x2f\x32\x30\x30\x30\x2f\x73\x76\
\x67\x22\x20\x70\x2d\x69\x64\x3d\x22\x36\x34\x34\x37\x22\x20\x78\
\x6d\x6c\x6e\x73\x3a\x78\x6c\x69\x6e\x6b\x3d\x22\x68\x74\x74\x70\
\x3a\x2f\x2f\x77\x77\x77\x2e\x77\x33\x2e\x6f\x72\x67\x2f\x31\x39\
\x39\x39\x2f\x78\x6c\x69\x6e\x6b\x22\x20\x77\x69\x64\x74\x68\x3d\
\x22\x32\x30\x30\x22\x20\x68\x65\x69\x67\x68\x74\x3d\x22\x32\x30\
\x30\x22\x3e\x3c\x70\x61\x74\x68\x20\x64\x3d\x22\x4d\x39\x32\x38\
\x20\x32\x35\x37\x2e\x37\x48\x37\x36\x38\x76\x2d\x39\x37\x2e\x34\
\x63\x30\x2d\x33\x35\x2e\x33\x2d\x32\x38\x2e\x37\x2d\x36\x34\x2d\
\x36\x34\x2d\x36\x34\x48\x33\x32\x30\x63\x2d\x33\x35\x2e\x33\x20\
\x30\x2d\x36\x34\x20\x32\x38\x2e\x37\x2d\x36\x34\x20\x36\x34\x76\
\x39\x37\x2e\x34\x48\x39\x36\x63\x2d\x31\x37\x2e\x37\x20\x30\x2d\
\x33\x32\x20\x31\x34\x2e\x33\x2d\x33\x32\x20\x33\x32\x76\x36\x30\
\x36\x63\x30\x20\x31\x37\x2e\x37\x20\x31\x34\x2e\x33\x20\x33\x32\
\x20\x33\x32\x20\x33\x32\x68\x38\x33\x32\x63\x31\x37\x2e\x37\x20\
\x30\x20\x33\x32\x2d\x31\x34\x2e\x33\x20\x33\x32\x2d\x33\x32\x76\
\x2d\x36\x30\x36\x63\x30\x2d\x31\x37\x2e\x37\x2d\x31\x34\x2e\x33\
\x2d\x33\x32\x2d\x33\x32\x2d\x33\x32\x7a\x20\x6d\x2d\x36\x30\x38\
\x2d\x39\x37\x2e\x34\x68\x33\x38\x34\x76\x39\x37\x48\x33\x32\x30\
\x76\x2d\x39\x37\x7a\x20\x6d\x35\x37\x36\x20\x37\x30\x33\x2e\x34\
\x48\x31\x32\x38\x76\x2d\x32\x37\x31\x68\x32\x38\x31\x76\x36\x30\
\x63\x30\x20\x31\x37\x2e\x37\x20\x31\x34\x2e\x33\x20\x33\x32\x20\
\x33\x32\x20\x33\x32\x68\x31\x34\x32\x63\x31\x37\x2e\x37\x20\x30\
\x20\x33\x32\x2d\x31\x34\x2e\x33\x20\x33\x32\x2d\x33\x32\x76\x2d\
\x36\x30\x68\x32\x38\x31\x76\x32\x37\x31\x7a\x20\x6d\x2d\x34\x32\
\x33\x2d\x32\x34\x33\x76\x2d\x31\x32\x30\x68\x37\x38\x76\x31\x32\
\x30\x68\x2d\x37\x38\x7a\x20\x6d\x34\x32\x33\x2d\x39\x32\x48\x36\
\x31\x35\x76\x2d\x36\x30\x63\x30\x2d\x31\x37\x2e\x37\x2d\x31\x34\
\x2e\x33\x2d\x33\x32\x2d\x33\x32\x2d\x33\x32\x48\x34\x34\x31\x63\
\x2d\x31\x37\x2e\x37\x20\x30\x2d\x33\x32\x20\x31\x34\x2e\x33\x2d\
\x33\x32\x20\x33\x32\x76\x36\x30\x48\x31\x32\x38\x76\x2d\x32\x30\
\x37\x68\x37\x36\x38\x76\x32\x30\x37\x7a\x22\x20\x66\x69\x6c\x6c\
\x3d\x22\x23\x33\x33\x33\x33\x33\x33\x22\x20\x70\x2d\x69\x64\x3d\
\x22\x36\x34\x34\x38\x22\x3e\x3c\x2f\x70\x61\x74\x68\x3e\x3c\x2f\
\x73\x76\x67\x3e\
"

qt_resource_name = b"\
\x00\x0b\
\x09\xbd\xb1\x54\
\x00\x69\
\x00\x63\x00\x6f\x00\x6e\x00\x73\x00\x5f\x00\x6c\x00\x69\x00\x67\x00\x68\x00\x74\
\x00\x07\
\x00\x9e\x9a\x87\
\x59\x27\
\x6a\x21\x57\x8b\x00\x2e\x00\x73\x00\x76\x00\x67\
\x00\x06\
\x00\xf4\x4b\xc7\
\x7f\x16\
\x8f\x91\x00\x2e\x00\x73\x00\x76\x00\x67\
\x00\x06\
\x01\x22\x48\x67\
\x8f\xd8\
\x53\x9f\x00\x2e\x00\x73\x00\x76\x00\x67\
\x00\x06\
\x01\x28\x56\xe7\
\x5b\xfc\
\x51\x65\x00\x2e\x00\x73\x00\x76\x00\x67\
\x00\x07\
\x01\x83\x5a\x67\
\x00\x4d\
\x00\x43\x00\x50\x00\x2e\x00\x73\x00\x76\x00\x67\
\x00\x08\
\x01\x8e\x4f\xa7\
\x5b\x57\
\x4f\x53\x59\x27\x5c\x0f\x00\x2e\x00\x73\x00\x76\x00\x67\
\x00\x07\
\x02\x84\xf5\x07\
\x4e\x91\
\x90\x1a\x4f\xe1\x00\x2e\x00\x73\x00\x76\x00\x67\
\x00\x06\
\x03\x09\x51\x07\
\x59\x0d\
\x52\x36\x00\x2e\x00\x73\x00\x76\x00\x67\
\x00\x06\
\x03\x34\x48\xa7\
\x89\xe3\
\x95\x01\x00\x2e\x00\x73\x00\x76\x00\x67\
\x00\x0f\
\x03\x4e\x81\x27\
\x8b\xbe\
\x7f\x6e\x00\x2d\x00\x73\x00\x75\x00\x62\x00\x61\x00\x67\x00\x65\x00\x6e\x00\x74\x00\x2e\x00\x73\x00\x76\x00\x67\
\x00\x0c\
\x03\x76\xcf\x87\
\x00\x71\
\x00\x75\x00\x65\x00\x73\x00\x74\x00\x69\x00\x6f\x00\x6e\x00\x2e\x00\x73\x00\x76\x00\x67\
\x00\x07\
\x03\xa3\x5a\x27\
\x00\x6c\
\x00\x73\x00\x70\x00\x2e\x00\x73\x00\x76\x00\x67\
\x00\x0d\
\x03\xe8\x6c\x27\
\x00\x77\
\x00\x65\x00\x62\x00\x73\x00\x65\x00\x61\x00\x72\x00\x63\x00\x68\x00\x2e\x00\x73\x00\x76\x00\x67\
\x00\x07\
\x04\x09\x80\xe7\
\x67\x00\
\x5c\x0f\x53\x16\x00\x2e\x00\x73\x00\x76\x00\x67\
\x00\x06\
\x04\x42\x56\xc7\
\x56\xe2\
\x96\x1f\x00\x2e\x00\x73\x00\x76\x00\x67\
\x00\x06\
\x04\x53\x56\x87\
\x5c\x55\
\x5f\x00\x00\x2e\x00\x73\x00\x76\x00\x67\
\x00\x06\
\x04\x53\x57\x27\
\x65\xe0\
\x96\x50\x00\x2e\x00\x73\x00\x76\x00\x67\
\x00\x06\
\x04\xc6\x56\xc7\
\x5b\x57\
\x4f\x53\x00\x2e\x00\x73\x00\x76\x00\x67\
\x00\x07\
\x05\x89\x83\x07\
\x67\x00\
\x59\x27\x53\x16\x00\x2e\x00\x73\x00\x76\x00\x67\
\x00\x06\
\x05\x92\x51\xc7\
\x52\x06\
\x65\x2f\x00\x2e\x00\x73\x00\x76\x00\x67\
\x00\x08\
\x05\xb2\x55\xa7\
\x00\x74\
\x00\x6f\x00\x64\x00\x6f\x00\x2e\x00\x73\x00\x76\x00\x67\
\x00\x09\
\x05\xd5\xa5\x27\
\x00\x74\
\x00\x61\x00\x62\x52\x07\x63\x62\x00\x2e\x00\x73\x00\x76\x00\x67\
\x00\x09\
\x06\x26\x84\x07\
\x00\x68\
\x00\x6f\x00\x6f\x00\x6b\x00\x73\x00\x2e\x00\x73\x00\x76\x00\x67\
\x00\x06\
\x06\x3d\x57\xa7\
\x63\xd0\
\x79\x3a\x00\x2e\x00\x73\x00\x76\x00\x67\
\x00\x07\
\x07\x38\xba\xc7\
\x68\x39\
\x76\xee\x5f\x55\x00\x2e\x00\x73\x00\x76\x00\x67\
\x00\x08\
\x07\x5b\xd9\x27\
\x65\xb0\
\x5e\xfa\x7a\x97\x53\xe3\x00\x2e\x00\x73\x00\x76\x00\x67\
\x00\x0a\
\x08\x3a\x9c\x87\
\x00\x4f\
\x00\x6c\x00\x6c\x00\x61\x00\x6d\x00\x61\x00\x2e\x00\x73\x00\x76\x00\x67\
\x00\x06\
\x08\x5d\x57\x47\
\x66\xf4\
\x59\x1a\x00\x2e\x00\x73\x00\x76\x00\x67\
\x00\x06\
\x08\x67\x51\xa7\
\x52\x20\
\x96\x64\x00\x2e\x00\x73\x00\x76\x00\x67\
\x00\x0a\
\x08\x90\x6d\xc7\
\x00\x53\
\x00\x65\x00\x61\x00\x72\x00\x63\x00\x68\x00\x2e\x00\x73\x00\x76\x00\x67\
\x00\x07\
\x08\xe1\x74\x07\
\x91\xcd\
\x54\x7d\x54\x0d\x00\x2e\x00\x73\x00\x76\x00\x67\
\x00\x06\
\x09\x00\x57\x87\
\x62\x80\
\x80\xfd\x00\x2e\x00\x73\x00\x76\x00\x67\
\x00\x0a\
\x09\x24\x3b\x67\
\x5f\x00\
\x67\x3a\x81\xea\x52\xa8\x54\x2f\x52\xa8\x00\x2e\x00\x73\x00\x76\x00\x67\
\x00\x07\
\x09\x26\x87\x67\
\x66\x7a\
\x80\xfd\x4f\x53\x00\x2e\x00\x73\x00\x76\x00\x67\
\x00\x08\
\x09\x64\x57\x07\
\x00\x67\
\x00\x72\x00\x6f\x00\x71\x00\x2e\x00\x73\x00\x76\x00\x67\
\x00\x08\
\x09\x73\x4c\x47\
\x60\x1d\
\x80\x03\x8f\xc7\x7a\x0b\x00\x2e\x00\x73\x00\x76\x00\x67\
\x00\x08\
\x09\xda\xca\x87\
\x95\x7f\
\x67\x1f\x8b\xb0\x5f\xc6\x00\x2e\x00\x73\x00\x76\x00\x67\
\x00\x06\
\x09\xfd\x57\xa7\
\x65\xb0\
\x5e\xfa\x00\x2e\x00\x73\x00\x76\x00\x67\
\x00\x06\
\x0a\x0a\x4e\x67\
\x9f\x20\
\x68\x07\x00\x2e\x00\x73\x00\x76\x00\x67\
\x00\x09\
\x0a\x67\x66\xc7\
\x5c\x55\
\x5f\x00\x4f\xa7\x8f\xb9\x68\x0f\x00\x2e\x00\x73\x00\x76\x00\x67\
\x00\x09\
\x0a\x7e\x96\x27\
\x65\x36\
\x8d\x77\x4f\xa7\x8f\xb9\x68\x0f\x00\x2e\x00\x73\x00\x76\x00\x67\
\x00\x0f\
\x0a\x8b\x4c\x87\
\x00\x75\
\x00\x70\x00\x6c\x00\x6f\x00\x61\x00\x64\x00\x2d\x00\x66\x00\x69\x00\x6c\x00\x65\x00\x2e\x00\x73\x00\x76\x00\x67\
\x00\x09\
\x0a\xb8\x86\xc7\
\x00\x67\
\x00\x69\x00\x74\x00\x65\x00\x65\x00\x2e\x00\x73\x00\x76\x00\x67\
\x00\x0a\
\x0a\xc8\xf6\x87\
\x00\x66\
\x00\x6f\x00\x6c\x00\x64\x00\x65\x00\x72\x00\x2e\x00\x73\x00\x76\x00\x67\
\x00\x09\
\x0b\x3b\x1c\x67\
\x90\xae\
\x4e\xf6\x00\x2d\x53\xd1\x90\x01\x00\x2e\x00\x73\x00\x76\x00\x67\
\x00\x08\
\x0b\x77\x55\xc7\
\x00\x72\
\x00\x65\x00\x61\x00\x64\x00\x2e\x00\x73\x00\x76\x00\x67\
\x00\x06\
\x0b\xad\x49\x87\
\x95\x01\
\x5b\x9a\x00\x2e\x00\x73\x00\x76\x00\x67\
\x00\x08\
\x0c\x0a\x62\x07\
\x91\x4d\
\x7f\x6e\x7b\xa1\x74\x06\x00\x2e\x00\x73\x00\x76\x00\x67\
\x00\x09\
\x0c\x2f\xa9\x07\
\x00\x73\
\x00\x68\x00\x65\x00\x6c\x00\x6c\x00\x2e\x00\x73\x00\x76\x00\x67\
\x00\x08\
\x0d\x14\x56\xa7\
\x4e\x3b\
\x98\x98\x98\xce\x68\x3c\x00\x2e\x00\x73\x00\x76\x00\x67\
\x00\x06\
\x0d\x20\x51\x87\
\x51\x73\
\x95\xed\x00\x2e\x00\x73\x00\x76\x00\x67\
\x00\x06\
\x0d\x63\x56\x27\
\x62\x98\
\x53\xe0\x00\x2e\x00\x73\x00\x76\x00\x67\
\x00\x08\
\x0d\x67\x7f\xe7\
\x53\x86\
\x53\xf2\x5b\xf9\x8b\xdd\x00\x2e\x00\x73\x00\x76\x00\x67\
\x00\x08\
\x0d\x6b\xd2\xc7\
\x5d\xee\
\x5f\x02\x5b\xf9\x6b\xd4\x00\x2e\x00\x73\x00\x76\x00\x67\
\x00\x07\
\x0d\x80\x8c\x87\
\x65\xb0\
\x4f\x1a\x8b\xdd\x00\x2e\x00\x73\x00\x76\x00\x67\
\x00\x06\
\x0d\x86\x56\x67\
\x5f\x52\
\x68\x63\x00\x2e\x00\x73\x00\x76\x00\x67\
\x00\x07\
\x0d\x8a\x96\x67\
\x60\xca\
\x53\xf9\x53\xf7\x00\x2e\x00\x73\x00\x76\x00\x67\
\x00\x08\
\x0e\x76\x5f\x27\
\x6a\x21\
\x57\x8b\x90\x09\x62\xe9\x00\x2e\x00\x73\x00\x76\x00\x67\
\x00\x06\
\x0e\x7d\x4b\x67\
\x88\xc1\
\x52\x6a\x00\x2e\x00\x73\x00\x76\x00\x67\
\x00\x0c\
\x0e\xff\xfd\x27\
\x00\x32\
\x00\x33\x00\x33\x95\x2e\x76\xd8\x00\x2d\x7e\xbf\x60\x27\x00\x2e\x00\x73\x00\x76\x00\x67\
\x00\x06\
\x0f\x43\x57\x67\
\x64\xa4\
\x95\x00\x00\x2e\x00\x73\x00\x76\x00\x67\
\x00\x06\
\x0f\xca\x56\x87\
\x5d\xe5\
\x51\x77\x00\x2e\x00\x73\x00\x76\x00\x67\
"

qt_resource_struct_v1 = b"\
\x00\x00\x00\x00\x00\x02\x00\x00\x00\x01\x00\x00\x00\x01\
\x00\x00\x00\x00\x00\x02\x00\x00\x00\x3e\x00\x00\x00\x02\
\x00\x00\x00\x1c\x00\x00\x00\x00\x00\x01\x00\x00\x00\x00\
\x00\x00\x00\x30\x00\x00\x00\x00\x00\x01\x00\x00\x11\xc2\
\x00\x00\x00\x42\x00\x00\x00\x00\x00\x01\x00\x00\x16\x49\
\x00\x00\x00\x54\x00\x00\x00\x00\x00\x01\x00\x00\x18\xb5\
\x00\x00\x00\x66\x00\x00\x00\x00\x00\x01\x00\x00\x1c\xc8\
\x00\x00\x00\x7a\x00\x00\x00\x00\x00\x01\x00\x00\x28\xc9\
\x00\x00\x00\x90\x00\x00\x00\x00\x00\x01\x00\x00\x2c\xc5\
\x00\x00\x00\xa4\x00\x00\x00\x00\x00\x01\x00\x00\x39\xab\
\x00\x00\x00\xb6\x00\x00\x00\x00\x00\x01\x00\x00\x3e\x14\
\x00\x00\x00\xc8\x00\x00\x00\x00\x00\x01\x00\x00\x42\x89\
\x00\x00\x00\xec\x00\x00\x00\x00\x00\x01\x00\x00\x49\x2c\
\x00\x00\x01\x0a\x00\x00\x00\x00\x00\x01\x00\x00\x4d\xf7\
\x00\x00\x01\x1e\x00\x01\x00\x00\x00\x01\x00\x00\x51\x6b\
\x00\x00\x01\x3e\x00\x00\x00\x00\x00\x01\x00\x00\x55\xbf\
\x00\x00\x01\x52\x00\x00\x00\x00\x00\x01\x00\x00\x57\x95\
\x00\x00\x01\x64\x00\x00\x00\x00\x00\x01\x00\x00\x5b\x88\
\x00\x00\x01\x76\x00\x00\x00\x00\x00\x01\x00\x00\x5e\xb8\
\x00\x00\x01\x88\x00\x00\x00\x00\x00\x01\x00\x00\x64\xbd\
\x00\x00\x01\x9a\x00\x00\x00\x00\x00\x01\x00\x00\x66\xcf\
\x00\x00\x01\xae\x00\x00\x00\x00\x00\x01\x00\x00\x69\x7a\
\x00\x00\x01\xc0\x00\x00\x00\x00\x00\x01\x00\x00\x6e\x04\
\x00\x00\x01\xd6\x00\x00\x00\x00\x00\x01\x00\x00\x70\xc2\
\x00\x00\x01\xee\x00\x00\x00\x00\x00\x01\x00\x00\x76\x0d\
\x00\x00\x02\x06\x00\x00\x00\x00\x00\x01\x00\x00\x7f\x47\
\x00\x00\x02\x18\x00\x00\x00\x00\x00\x01\x00\x00\x8e\xe0\
\x00\x00\x02\x2c\x00\x00\x00\x00\x00\x01\x00\x00\x92\x20\
\x00\x00\x02\x42\x00\x00\x00\x00\x00\x01\x00\x00\x95\xba\
\x00\x00\x02\x5c\x00\x00\x00\x00\x00\x01\x00\x00\xa0\xc4\
\x00\x00\x02\x6e\x00\x00\x00\x00\x00\x01\x00\x00\xa2\xf0\
\x00\x00\x02\x80\x00\x00\x00\x00\x00\x01\x00\x00\xad\x2f\
\x00\x00\x02\x9a\x00\x00\x00\x00\x00\x01\x00\x00\xb1\x93\
\x00\x00\x02\xae\x00\x00\x00\x00\x00\x01\x00\x00\xba\xe4\
\x00\x00\x02\xc0\x00\x00\x00\x00\x00\x01\x00\x00\xbf\x2e\
\x00\x00\x02\xda\x00\x00\x00\x00\x00\x01\x00\x00\xc4\x6c\
\x00\x00\x02\xee\x00\x00\x00\x00\x00\x01\x00\x00\xc8\x93\
\x00\x00\x03\x04\x00\x00\x00\x00\x00\x01\x00\x00\xcc\x88\
\x00\x00\x03\x1a\x00\x00\x00\x00\x00\x01\x00\x00\xd4\xd1\
\x00\x00\x03\x30\x00\x00\x00\x00\x00\x01\x00\x00\xe2\x34\
\x00\x00\x03\x42\x00\x00\x00\x00\x00\x01\x00\x00\xe5\x56\
\x00\x00\x03\x54\x00\x00\x00\x00\x00\x01\x00\x00\xeb\x7e\
\x00\x00\x03\x6c\x00\x00\x00\x00\x00\x01\x00\x00\xf1\x6a\
\x00\x00\x03\x84\x00\x00\x00\x00\x00\x01\x00\x00\xf5\x47\
\x00\x00\x03\xa8\x00\x00\x00\x00\x00\x01\x00\x00\xf9\x88\
\x00\x00\x03\xc0\x00\x00\x00\x00\x00\x01\x00\x00\xfd\x11\
\x00\x00\x03\xda\x00\x00\x00\x00\x00\x01\x00\x01\x04\x22\
\x00\x00\x03\xf2\x00\x00\x00\x00\x00\x01\x00\x01\x07\x56\
\x00\x00\x04\x08\x00\x00\x00\x00\x00\x01\x00\x01\x11\x11\
\x00\x00\x04\x1a\x00\x00\x00\x00\x00\x01\x00\x01\x15\xa9\
\x00\x00\x04\x30\x00\x00\x00\x00\x00\x01\x00\x01\x1e\xdd\
\x00\x00\x04\x48\x00\x00\x00\x00\x00\x01\x00\x01\x21\x73\
\x00\x00\x04\x5e\x00\x00\x00\x00\x00\x01\x00\x01\x27\x77\
\x00\x00\x04\x70\x00\x00\x00\x00\x00\x01\x00\x01\x29\xed\
\x00\x00\x04\x82\x00\x00\x00\x00\x00\x01\x00\x01\x2c\x16\
\x00\x00\x04\x98\x00\x00\x00\x00\x00\x01\x00\x01\x31\x42\
\x00\x00\x04\xae\x00\x00\x00\x00\x00\x01\x00\x01\x33\x60\
\x00\x00\x04\xc2\x00\x00\x00\x00\x00\x01\x00\x01\x37\xe2\
\x00\x00\x04\xd4\x00\x00\x00\x00\x00\x01\x00\x01\x3a\x82\
\x00\x00\x04\xe8\x00\x00\x00\x00\x00\x01\x00\x01\x3e\x5a\
\x00\x00\x04\xfe\x00\x00\x00\x00\x00\x01\x00\x01\x48\xce\
\x00\x00\x05\x10\x00\x00\x00\x00\x00\x01\x00\x01\x4b\x90\
\x00\x00\x05\x2e\x00\x00\x00\x00\x00\x01\x00\x01\x4e\x98\
\x00\x00\x05\x40\x00\x00\x00\x00\x00\x01\x00\x01\x50\xd4\
"

qt_resource_struct_v2 = b"\
\x00\x00\x00\x00\x00\x02\x00\x00\x00\x01\x00\x00\x00\x01\
\x00\x00\x00\x00\x00\x00\x00\x00\
\x00\x00\x00\x00\x00\x02\x00\x00\x00\x3e\x00\x00\x00\x02\
\x00\x00\x00\x00\x00\x00\x00\x00\
\x00\x00\x00\x1c\x00\x00\x00\x00\x00\x01\x00\x00\x00\x00\
\x00\x00\x01\x9f\xc8\xcc\xe0\xc4\
\x00\x00\x00\x30\x00\x00\x00\x00\x00\x01\x00\x00\x11\xc2\
\x00\x00\x01\x9f\xc8\xcc\xe0\xd1\
\x00\x00\x00\x42\x00\x00\x00\x00\x00\x01\x00\x00\x16\x49\
\x00\x00\x01\x9f\xc8\xcc\xe0\xd2\
\x00\x00\x00\x54\x00\x00\x00\x00\x00\x01\x00\x00\x18\xb5\
\x00\x00\x01\x9f\xc8\xcc\xe0\xc6\
\x00\x00\x00\x66\x00\x00\x00\x00\x00\x01\x00\x00\x1c\xc8\
\x00\x00\x01\x9f\xc8\xcc\xe0\xbc\
\x00\x00\x00\x7a\x00\x00\x00\x00\x00\x01\x00\x00\x28\xc9\
\x00\x00\x01\x9f\xc8\xcc\xe0\xc5\
\x00\x00\x00\x90\x00\x00\x00\x00\x00\x01\x00\x00\x2c\xc5\
\x00\x00\x01\x9f\xc8\xcc\xe0\xc1\
\x00\x00\x00\xa4\x00\x00\x00\x00\x00\x01\x00\x00\x39\xab\
\x00\x00\x01\x9f\xc8\xcc\xe0\xc4\
\x00\x00\x00\xb6\x00\x00\x00\x00\x00\x01\x00\x00\x3e\x14\
\x00\x00\x01\x9f\xc8\xcc\xe0\xd1\
\x00\x00\x00\xc8\x00\x00\x00\x00\x00\x01\x00\x00\x42\x89\
\x00\x00\x01\x9f\xc8\xcc\xe0\xd2\
\x00\x00\x00\xec\x00\x00\x00\x00\x00\x01\x00\x00\x49\x2c\
\x00\x00\x01\x9f\xc8\xcc\xe0\xbd\
\x00\x00\x01\x0a\x00\x00\x00\x00\x00\x01\x00\x00\x4d\xf7\
\x00\x00\x01\x9f\xc8\xcc\xe0\xbb\
\x00\x00\x01\x1e\x00\x01\x00\x00\x00\x01\x00\x00\x51\x6b\
\x00\x00\x01\x9f\xc8\xcc\xe0\xc0\
\x00\x00\x01\x3e\x00\x00\x00\x00\x00\x01\x00\x00\x55\xbf\
\x00\x00\x01\x9f\xc8\xcc\xe0\xcf\
\x00\x00\x01\x52\x00\x00\x00\x00\x00\x01\x00\x00\x57\x95\
\x00\x00\x01\x9f\xc8\xcc\xe0\xc3\
\x00\x00\x01\x64\x00\x00\x00\x00\x00\x01\x00\x00\x5b\x88\
\x00\x00\x01\x9f\xc8\xcc\xe0\xc6\
\x00\x00\x01\x76\x00\x00\x00\x00\x00\x01\x00\x00\x5e\xb8\
\x00\x00\x01\x9f\xc8\xcc\xe0\xcd\
\x00\x00\x01\x88\x00\x00\x00\x00\x00\x01\x00\x00\x64\xbd\
\x00\x00\x01\x9f\xc8\xcc\xe0\xc5\
\x00\x00\x01\x9a\x00\x00\x00\x00\x00\x01\x00\x00\x66\xcf\
\x00\x00\x01\x9f\xc8\xcc\xe0\xcf\
\x00\x00\x01\xae\x00\x00\x00\x00\x00\x01\x00\x00\x69\x7a\
\x00\x00\x01\x9f\xc8\xcc\xe0\xc2\
\x00\x00\x01\xc0\x00\x00\x00\x00\x00\x01\x00\x00\x6e\x04\
\x00\x00\x01\x9f\xc8\xcc\xe0\xbf\
\x00\x00\x01\xd6\x00\x00\x00\x00\x00\x01\x00\x00\x70\xc2\
\x00\x00\x01\x9f\xc8\xcc\xe0\xbf\
\x00\x00\x01\xee\x00\x00\x00\x00\x00\x01\x00\x00\x76\x0d\
\x00\x00\x01\x9f\xc8\xcc\xe0\xbb\
\x00\x00\x02\x06\x00\x00\x00\x00\x00\x01\x00\x00\x7f\x47\
\x00\x00\x01\x9f\xc8\xcc\xe0\xca\
\x00\x00\x02\x18\x00\x00\x00\x00\x00\x01\x00\x00\x8e\xe0\
\x00\x00\x01\x9f\xc8\xcc\xe0\xd0\
\x00\x00\x02\x2c\x00\x00\x00\x00\x00\x01\x00\x00\x92\x20\
\x00\x00\x01\x9f\xc8\xcc\xe0\xcd\
\x00\x00\x02\x42\x00\x00\x00\x00\x00\x01\x00\x00\x95\xba\
\x00\x00\x01\x9f\xc8\xcc\xe0\xbc\
\x00\x00\x02\x5c\x00\x00\x00\x00\x00\x01\x00\x00\xa0\xc4\
\x00\x00\x01\x9f\xc8\xcc\xe0\xce\
\x00\x00\x02\x6e\x00\x00\x00\x00\x00\x01\x00\x00\xa2\xf0\
\x00\x00\x01\x9f\xc8\xcc\xe0\xc3\
\x00\x00\x02\x80\x00\x00\x00\x00\x00\x01\x00\x00\xad\x2f\
\x00\x00\x01\x9f\xc8\xcc\xe0\xbd\
\x00\x00\x02\x9a\x00\x00\x00\x00\x00\x01\x00\x00\xb1\x93\
\x00\x00\x01\x9f\xc8\xcc\xe0\xd4\
\x00\x00\x02\xae\x00\x00\x00\x00\x00\x01\x00\x00\xba\xe4\
\x00\x00\x01\x9f\xc8\xcc\xe0\xc9\
\x00\x00\x02\xc0\x00\x00\x00\x00\x00\x01\x00\x00\xbf\x2e\
\x00\x00\x01\x9f\xc8\xcc\xe0\xc8\
\x00\x00\x02\xda\x00\x00\x00\x00\x00\x01\x00\x00\xc4\x6c\
\x00\x00\x01\x9f\xc8\xcc\xe0\xce\
\x00\x00\x02\xee\x00\x00\x00\x00\x00\x01\x00\x00\xc8\x93\
\x00\x00\x01\x9f\xc8\xcc\xe0\xba\
\x00\x00\x03\x04\x00\x00\x00\x00\x00\x01\x00\x00\xcc\x88\
\x00\x00\x01\x9f\xc8\xcc\xe0\xc8\
\x00\x00\x03\x1a\x00\x00\x00\x00\x00\x01\x00\x00\xd4\xd1\
\x00\x00\x01\x9f\xc8\xcc\xe0\xd5\
\x00\x00\x03\x30\x00\x00\x00\x00\x00\x01\x00\x00\xe2\x34\
\x00\x00\x01\x9f\xc8\xcc\xe0\xcc\
\x00\x00\x03\x42\x00\x00\x00\x00\x00\x01\x00\x00\xe5\x56\
\x00\x00\x01\x9f\xc8\xcc\xe0\xd6\
\x00\x00\x03\x54\x00\x00\x00\x00\x00\x01\x00\x00\xeb\x7e\
\x00\x00\x01\x9f\xc8\xcc\xe0\xc6\
\x00\x00\x03\x6c\x00\x00\x00\x00\x00\x01\x00\x00\xf1\x6a\
\x00\x00\x01\x9f\xc8\xcc\xe0\xcb\
\x00\x00\x03\x84\x00\x00\x00\x00\x00\x01\x00\x00\xf5\x47\
\x00\x00\x01\x9f\xc8\xcc\xe0\xc0\
\x00\x00\x03\xa8\x00\x00\x00\x00\x00\x01\x00\x00\xf9\x88\
\x00\x00\x01\x9f\xc8\xcc\xe0\xba\
\x00\x00\x03\xc0\x00\x00\x00\x00\x00\x01\x00\x00\xfd\x11\
\x00\x00\x01\x9f\xc8\xcc\xe0\xb9\
\x00\x00\x03\xda\x00\x00\x00\x00\x00\x01\x00\x01\x04\x22\
\x00\x00\x01\x9f\xc8\xcc\xe0\xd3\
\x00\x00\x03\xf2\x00\x00\x00\x00\x00\x01\x00\x01\x07\x56\
\x00\x00\x01\x9f\xc8\xcc\xe0\xbd\
\x00\x00\x04\x08\x00\x00\x00\x00\x00\x01\x00\x01\x11\x11\
\x00\x00\x01\x9f\xc8\xcc\xe0\xd5\
\x00\x00\x04\x1a\x00\x00\x00\x00\x00\x01\x00\x01\x15\xa9\
\x00\x00\x01\x9f\xc8\xcc\xe0\xd3\
\x00\x00\x04\x30\x00\x00\x00\x00\x00\x01\x00\x01\x1e\xdd\
\x00\x00\x01\x9f\xc8\xcc\xe0\xbe\
\x00\x00\x04\x48\x00\x00\x00\x00\x00\x01\x00\x01\x21\x73\
\x00\x00\x01\x9f\xc8\xcc\xe0\xc1\
\x00\x00\x04\x5e\x00\x00\x00\x00\x00\x01\x00\x01\x27\x77\
\x00\x00\x01\x9f\xc8\xcc\xe0\xc2\
\x00\x00\x04\x70\x00\x00\x00\x00\x00\x01\x00\x01\x29\xed\
\x00\x00\x01\x9f\xc8\xcc\xe0\xca\
\x00\x00\x04\x82\x00\x00\x00\x00\x00\x01\x00\x01\x2c\x16\
\x00\x00\x01\x9f\xc8\xcc\xe0\xc3\
\x00\x00\x04\x98\x00\x00\x00\x00\x00\x01\x00\x01\x31\x42\
\x00\x00\x01\x9f\xc8\xcc\xe0\xc7\
\x00\x00\x04\xae\x00\x00\x00\x00\x00\x01\x00\x01\x33\x60\
\x00\x00\x01\x9f\xc8\xcc\xe0\xcc\
\x00\x00\x04\xc2\x00\x00\x00\x00\x00\x01\x00\x01\x37\xe2\
\x00\x00\x01\x9f\xc8\xcc\xe0\xc8\
\x00\x00\x04\xd4\x00\x00\x00\x00\x00\x01\x00\x01\x3a\x82\
\x00\x00\x01\x9f\xc8\xcc\xe0\xc9\
\x00\x00\x04\xe8\x00\x00\x00\x00\x00\x01\x00\x01\x3e\x5a\
\x00\x00\x01\x9f\xc8\xcc\xe0\xd0\
\x00\x00\x04\xfe\x00\x00\x00\x00\x00\x01\x00\x01\x48\xce\
\x00\x00\x01\x9f\xc8\xcc\xe0\xd1\
\x00\x00\x05\x10\x00\x00\x00\x00\x00\x01\x00\x01\x4b\x90\
\x00\x00\x01\x9f\xc8\xcc\xe0\xb8\
\x00\x00\x05\x2e\x00\x00\x00\x00\x00\x01\x00\x01\x4e\x98\
\x00\x00\x01\x9f\xc8\xcc\xe0\xcb\
\x00\x00\x05\x40\x00\x00\x00\x00\x00\x01\x00\x01\x50\xd4\
\x00\x00\x01\x9f\xc8\xcc\xe0\xc7\
"

qt_version = [int(v) for v in QtCore.qVersion().split('.')]
if qt_version < [5, 8, 0]:
    rcc_version = 1
    qt_resource_struct = qt_resource_struct_v1
else:
    rcc_version = 2
    qt_resource_struct = qt_resource_struct_v2

def qInitResources():
    QtCore.qRegisterResourceData(rcc_version, qt_resource_struct, qt_resource_name, qt_resource_data)

def qCleanupResources():
    QtCore.qUnregisterResourceData(rcc_version, qt_resource_struct, qt_resource_name, qt_resource_data)

qInitResources()
